shot_id,campaign,heating,heatingResolved,shot_scenario,plasma_max_current,reference_shot
11716,M5,,Ohmic,,12.388211,
11717,M5,,Ohmic,,-13.764294624328613,
11721,M5,,Ohmic,,-31.399160385131836,
11740,M5,,Ohmic,,10.023347854614258,
11741,M5,,Ohmic,,10.719855308532715,
11742,M5,,Ohmic,,10.67459774017334,
11744,M5,,Ohmic,,10.307734489440918,
11746,M5,,Ohmic,,10.816359519958496,
11747,M5,,Ohmic,,10.410862922668457,
11751,M5,,Ohmic,,10.172534942626953,
11757,M5,,Ohmic,,10.439199447631836,
11758,M5,,Ohmic,,10.055171966552734,
11759,M5,,Ohmic,,10.311144828796387,
11766,M5,,Ohmic,,500.6307373046875,
11767,M5,,Ohmic,,508.3963623046875,
11768,M5,,Ohmic,,504.40625,
11769,M5,,Ohmic,,543.6172485351562,
11771,M5,,Ohmic,,542.8756103515625,
11772,M5,,Ohmic,,577.7887573242188,
11773,M5,,Ohmic,,567.3370971679688,
11774,M5,,Ohmic,,578.5189819335938,
11775,M5,,Ohmic,,574.9136352539062,
11776,M5,,Ohmic,,576.5398559570312,
11777,M5,,Ohmic,,575.0712280273438,
11779,M5,,Ohmic,,577.9611206054688,
11780,M5,,Ohmic,,578.9495239257812,
11789,M5,,Ohmic,,569.532470703125,
11790,M5,,Ohmic,,572.540771484375,
11791,M5,,Ohmic,,567.2432250976562,
11794,M5,,Ohmic,,568.6376342773438,
11795,M5,,Ohmic,,567.2408447265625,
11796,M5,,Ohmic,,555.582275390625,
11797,M5,,Ohmic,,550.589599609375,
11798,M5,,Ohmic,,548.8494873046875,
11799,M5,,Ohmic,,557.8544921875,
11800,M5,,Ohmic,,44.29426193237305,
11802,M5,,Ohmic,,555.093017578125,
11804,M5,,Ohmic,,644.8304443359375,
11805,M5,,Ohmic,,556.8724975585938,
11806,M5,,SW Beam,,554.9375,
11807,M5,,SW Beam,,561.6388549804688,
11808,M5,,SW Beam,,559.4774780273438,
11809,M5,,SW Beam,,546.3200073242188,
11810,M5,,Ohmic,,559.9389038085938,
11811,M5,,Ohmic,,572.55810546875,
11812,M5,,Ohmic,,559.9924926757812,
11815,M5,,Ohmic,,550.79150390625,
11846,M5,,Ohmic,,46.7884635925293,
11816,M5,,Ohmic,,560.21240234375,
11817,M5,,Ohmic,,698.0679931640625,
11818,M5,,Ohmic,,559.1773681640625,
11819,M5,,Ohmic,,552.6339721679688,
11820,M5,,Ohmic,,552.1375122070312,
11821,M5,,Ohmic,,555.1719970703125,
11822,M5,,Ohmic,,552.3660278320312,
11823,M5,,Ohmic,,551.5700073242188,
11824,M5,,Ohmic,,552.5089721679688,
11825,M5,,SW Beam,,566.5490112304688,
11862,M5,,Ohmic,,701.6535034179688,
11826,M5,,SW Beam,,567.7410278320312,
11827,M5,,SW Beam,,563.1181030273438,
11828,M5,,SW Beam,,52.77558517456055,
11829,M5,,SW Beam,,552.6525268554688,
11830,M5,,SW Beam,,564.7564697265625,
11852,M5,,Ohmic,,792.44873046875,
11831,M5,,SW Beam,,579.2045288085938,
11833,M5,,SW Beam,,562.5399780273438,
11834,M5,,SW Beam,,574.0802612304688,
11835,M5,,SW Beam,,550.8462524414062,
11836,M5,,SW Beam,,550.3367309570312,
11837,M5,,SW Beam,,557.1510009765625,
11838,M5,,SW Beam,,555.5444946289062,
11840,M5,,SW Beam,,547.9760131835938,
11841,M5,,SW Beam,,580.7743530273438,
11847,M5,,Ohmic,,547.5490112304688,
11848,M5,,Ohmic,,762.9630126953125,
11849,M5,,Ohmic,,763.5755004882812,
11850,M5,,Ohmic,,761.2315063476562,
11851,M5,,Ohmic,,758.7265014648438,
11855,M5,,Ohmic,,700.6259765625,
11856,M5,,Ohmic,,700.3699951171875,
11857,M5,,Ohmic,,698.968994140625,
11859,M5,,Ohmic,,700.6332397460938,
11860,M5,,Ohmic,,704.6680297851562,
11866,M5,,Ohmic,,546.3920288085938,
11867,M5,,Ohmic,,557.5402221679688,
11868,M5,,Ohmic,,552.1846313476562,
11869,M5,,Ohmic,,151.21827697753906,
11870,M5,,Ohmic,,754.9837646484375,
11871,M5,,Ohmic,,756.2467651367188,
11872,M5,,Ohmic,,755.8839721679688,
11873,M5,,Ohmic,,756.3209838867188,
11874,M5,,Ohmic,,756.3140258789062,
11876,M5,,Ohmic,,750.1170043945312,
11878,M5,,Ohmic,,747.6439819335938,
11879,M5,,Ohmic,,745.5444946289062,
11880,M5,,Ohmic,,750.6300048828125,
11889,M5,,Ohmic,,555.7944946289062,
11890,M5,,SW Beam,,585.8353881835938,
11891,M5,,SW Beam,,586.7772216796875,
11892,M5,,SW Beam,,551.214599609375,
11893,M5,,SW Beam,,582.81298828125,
11894,M5,,SW Beam,,583.6217651367188,
11895,M5,,SW Beam,,556.3466186523438,
11896,M5,,SW Beam,,592.7885131835938,
11897,M5,,SW Beam,,604.9871215820312,
11898,M5,,SW Beam,,780.5344848632812,
11899,M5,,SW Beam,,728.4437255859375,
11901,M5,,SW Beam,,630.7501220703125,
11902,M5,,SW Beam,,779.385986328125,
11903,M5,,SW Beam,,785.3099975585938,
11905,M5,,SW Beam,,783.4105224609375,
11906,M5,,SW Beam,,778.7139892578125,
11907,M5,,SW Beam,,361.11517333984375,
11908,M5,,SW Beam,,777.9625244140625,
11911,M5,,Ohmic,,756.4215087890625,
11912,M5,,Ohmic,,758.2014770507812,
11913,M5,,SW Beam,,782.6605224609375,
11914,M5,,SW Beam,,780.8870239257812,
11915,M5,,SW Beam,,787.2540283203125,
11916,M5,,SW Beam,,741.4854736328125,
11917,M5,,SW Beam,,783.0590209960938,
11918,M5,,SW Beam,,766.3507690429688,
11919,M5,,SW Beam,,779.6282348632812,
11920,M5,,SW Beam,,773.7639770507812,
11921,M5,,SW Beam,,805.8099975585938,
11922,M5,,SW Beam,,795.1129760742188,
11923,M5,,SW Beam,,792.7000122070312,
11924,M5,,SW Beam,,775.8622436523438,
11925,M5,,SW Beam,,804.7684936523438,
11926,M5,,SW Beam,,780.9409790039062,
11927,M5,,SW Beam,,782.2344970703125,
11930,M5,,SW Beam,,710.1505126953125,
11931,M5,,SW Beam,,533.4281005859375,
11932,M5,,SW Beam,,586.6920166015625,
11933,M5,,SW Beam,,577.968017578125,
11934,M5,,SW Beam,,586.4869995117188,
11935,M5,,SW Beam,,574.4552612304688,
11936,M5,,SW Beam,,568.6074829101562,
11937,M5,,SW Beam,,581.511474609375,
11938,M5,,SW Beam,,573.0125122070312,
11939,M5,,SW Beam,,571.9249877929688,
11940,M5,,Ohmic,,569.9052734375,
11941,M5,,SW Beam,,569.5885009765625,
11942,M5,,SW Beam,,569.947998046875,
11943,M5,,SW Beam,,580.2202758789062,
11944,M5,,SW Beam,,577.1124877929688,
11945,M5,,SW Beam,,581.0545043945312,
11946,M5,,SW Beam,,581.718017578125,
11948,M5,,SW Beam,,581.2009887695312,
11949,M5,,SW Beam,,589.4650268554688,
11950,M5,,SW Beam,,557.9025268554688,
11951,M5,,SW Beam,,581.1380004882812,
11952,M5,,SW Beam,,583.1934814453125,
11953,M5,,SW Beam,,578.3784790039062,
11954,M5,,SW Beam,,593.947998046875,
11955,M5,,SW Beam,,572.3740234375,
11956,M5,,SW Beam,,581.9010009765625,
11957,M5,,SW Beam,,591.7335205078125,
11958,M5,,SW Beam,,592.6840209960938,
11993,M5,,Ohmic,,577.4375,
11996,M5,,SW Beam,,583.7639770507812,
11998,M5,,SW Beam,,574.2990112304688,
12001,M5,,Ohmic,,757.8515014648438,
12003,M5,,Ohmic,,759.5692749023438,
12004,M5,,Ohmic,,757.8825073242188,
12006,M5,,Ohmic,,760.1065063476562,
12007,M5,,Ohmic,,754.4092407226562,
12008,M5,,Ohmic,,757.7567749023438,
12009,M5,,Ohmic,,759.5227661132812,
12010,M5,,Ohmic,,755.907470703125,
12011,M5,,Ohmic,,35.4756965637207,
12012,M5,,Ohmic,,752.8447265625,
12013,M5,,Ohmic,,756.8917236328125,
12014,M5,,Ohmic,,753.4735107421875,
12016,M5,,Ohmic,,754.71875,
12017,M5,,Ohmic,,761.1722412109375,
12018,M5,,Ohmic,,763.9844970703125,
12022,M5,,Ohmic,,755.9929809570312,
12023,M5,,SW Beam,,582.5764770507812,
12024,M5,,SW Beam,,578.0764770507812,
12025,M5,,SW Beam,,593.4744873046875,
12027,M5,,SW Beam,,596.2230224609375,
12028,M5,,SW Beam,,595.0059814453125,
12029,M5,,SW Beam,,595.5989990234375,
12030,M5,,SW Beam,,550.5189819335938,
12031,M5,,SW Beam,,562.1735229492188,
12051,M5,,Ohmic,,74.87155151367188,
12032,M5,,SW Beam,,572.5574951171875,
12033,M5,,SW Beam,,560.0474853515625,
12034,M5,,SW Beam,,560.218994140625,
12035,M5,,SW Beam,,562.64599609375,
12036,M5,,SW Beam,,547.66650390625,
12037,M5,,SW Beam,,546.1995239257812,
12038,M5,,SW Beam,,684.1614990234375,
12039,M5,,SW Beam,,705.4249877929688,
12046,M5,,Ohmic,,757.1275024414062,
12047,M5,,SW Beam,,26.104860305786133,
12048,M5,,Ohmic,,24.95355796813965,
12050,M5,,SW Beam,,36.83940505981445,
12052,M5,,SW Beam,,131.15432739257812,
12053,M5,,SW Beam,,221.8471221923828,
12054,M5,,SW Beam,,337.4281005859375,
12055,M5,,SW Beam,,329.3592529296875,
12099,M5,,Ohmic,,55.41753387451172,
12056,M5,,SW Beam,,316.2288818359375,
12058,M5,,SW Beam,,455.1711120605469,
12060,M5,,Ohmic,,349.81463623046875,
12063,M5,,Ohmic,,766.896484375,
12065,M5,,Ohmic,,481.7387390136719,
12067,M5,,Ohmic,,274.67578125,
12069,M5,,Ohmic,,472.6658630371094,
12070,M5,,Ohmic,,15.097620964050293,
12071,M5,,Ohmic,,15.324881553649902,
12075,M5,,Ohmic,,767.2930297851562,
12076,M5,,Ohmic,,757.4044799804688,
12077,M5,,Ohmic,,761.323974609375,
12078,M5,,Ohmic,,73.79627990722656,
12079,M5,,Ohmic,,762.2020263671875,
12080,M5,,Ohmic,,762.7862548828125,
12081,M5,,Ohmic,,757.1619873046875,
12082,M5,,Ohmic,,592.2734985351562,
12083,M5,,Ohmic,,624.4254760742188,
12084,M5,,Ohmic,,38.294952392578125,
12085,M5,,Ohmic,,643.47802734375,
12087,M5,,Ohmic,,634.6380004882812,
12088,M5,,Ohmic,,639.9429931640625,
12089,M5,,Ohmic,,640.5175170898438,
12126,M5,,Ohmic,,632.4482421875,
12090,M5,,Ohmic,,644.6895141601562,
12091,M5,,Ohmic,,626.9765014648438,
12092,M5,,Ohmic,,756.7062377929688,
12093,M5,,Ohmic,,756.2169799804688,
12127,M5,,Ohmic,,631.813720703125,
12094,M5,,Ohmic,,634.0047607421875,
12097,M5,,Ohmic,,761.0047607421875,
12098,M5,,Ohmic,,761.7337646484375,
12100,M5,,Ohmic,,758.823486328125,
12101,M5,,Ohmic,,762.417724609375,
12102,M5,,Ohmic,,761.5582275390625,
12106,M5,,Ohmic,,761.8724975585938,
12107,M5,,SW Beam,,696.4194946289062,
12108,M5,,SW Beam,,707.2274780273438,
12109,M5,,SW Beam,,731.1964721679688,
12110,M5,,SW Beam,,727.4249877929688,
12111,M5,,SW Beam,,730.2244873046875,
12112,M5,,Ohmic,,770.843505859375,
12113,M5,,Ohmic,,701.2144775390625,
12114,M5,,Ohmic,,703.2305297851562,
12128,M5,,Ohmic,,631.3467407226562,
12115,M5,,Ohmic,,701.29052734375,
12116,M5,,Ohmic,,703.4454956054688,
12117,M5,,Ohmic,,703.572509765625,
12118,M5,,Ohmic,,558.2937622070312,
12120,M5,,Ohmic,,556.7509765625,
12121,M5,,Ohmic,,551.855224609375,
12122,M5,,Ohmic,,553.8907470703125,
12123,M5,,Ohmic,,550.3474731445312,
12125,M5,,Ohmic,,630.9714965820312,
12129,M5,,Ohmic,,631.0780029296875,
12130,M5,,Ohmic,,758.2944946289062,
12132,M5,,Ohmic,,10.164280891418457,
12139,M5,,Ohmic,,761.062255859375,
12140,M5,,Ohmic,,759.7965087890625,
12141,M5,,Ohmic,,762.1212768554688,
12142,M5,,Ohmic,,756.854736328125,
12143,M5,,Ohmic,,758.0504760742188,
12144,M5,,SW Beam,,768.85302734375,
12145,M5,,SW Beam,,767.6790161132812,
12146,M5,,SW Beam,,781.863525390625,
12147,M5,,SW Beam,,786.1455078125,
12148,M5,,SW Beam,,769.885498046875,
12150,M5,,SW Beam,,785.8930053710938,
12151,M5,,SW Beam,,786.5399780273438,
12152,M5,,SW Beam,,713.9920043945312,
12153,M5,,SW Beam,,675.0025024414062,
12154,M5,,SW Beam,,725.7155151367188,
12158,M5,,SW Beam,,727.052978515625,
12160,M5,,Ohmic,,18.865961,
12161,M5,,Ohmic,,752.2947387695312,
12162,M5,,Ohmic,,766.41748046875,
12163,M5,,Ohmic,,770.968994140625,
12164,M5,,Ohmic,,757.35400390625,
12165,M5,,Ohmic,,768.7429809570312,
12166,M5,,Ohmic,,773.5034790039062,
12167,M5,,Ohmic,,769.739013671875,
12168,M5,,Ohmic,,749.7930297851562,
12169,M5,,Ohmic,,767.2424926757812,
12170,M5,,Ohmic,,769.2490234375,
12171,M5,,Ohmic,,756.4445190429688,
12172,M5,,Ohmic,,770.10498046875,
12173,M5,,Ohmic,,768.58447265625,
12174,M5,,Ohmic,,767.3690185546875,
12175,M5,,Ohmic,,772.7734985351562,
12177,M5,,Ohmic,,757.271484375,
12178,M5,,Ohmic,,768.1165161132812,
12179,M5,,Ohmic,,771.8610229492188,
12180,M5,,Ohmic,,773.7354736328125,
12181,M5,,Ohmic,,774.4185180664062,
12182,M5,,Ohmic,,755.7465209960938,
12183,M5,,Ohmic,,758.5440063476562,
12184,M5,,Ohmic,,774.3685302734375,
12185,M5,,Ohmic,,758.08447265625,
12189,M5,,Ohmic,,754.291015625,
12190,M5,,Ohmic,,762.2645263671875,
12191,M5,,Ohmic,,760.20751953125,
12192,M5,,Ohmic,,661.4229736328125,
12193,M5,,SW Beam,,661.8702392578125,
12194,M5,,SW Beam,,660.5770263671875,
12195,M5,,SW Beam,,663.0645141601562,
12196,M5,,SW Beam,,622.23974609375,
12198,M5,,SW Beam,,622.5386352539062,
12199,M5,,SW Beam,,623.2489013671875,
12200,M5,,Ohmic,,661.6332397460938,
12201,M5,,SW Beam,,697.5875244140625,
12202,M5,,SW Beam,,711.5435180664062,
12203,M5,,Ohmic,,695.6405029296875,
12204,M5,,SW Beam,,730.41650390625,
12208,M5,,SW Beam,,714.0449829101562,
12209,M5,,SW Beam,,701.4619750976562,
12210,M5,,SW Beam,,741.489501953125,
12213,M5,,SW Beam,,670.6199951171875,
12214,M5,,SW Beam,,665.291015625,
12215,M5,,SW Beam,,620.9365234375,
12216,M5,,SW Beam,,623.140380859375,
12218,M5,,SW Beam,,623.2496337890625,
12219,M5,,SW Beam,,623.4860229492188,
12220,M5,,SW Beam,,620.5387573242188,
12221,M5,,SW Beam,,623.3772583007812,
12223,M5,,SW Beam,,620.5247802734375,
12224,M5,,SW Beam,,621.0901489257812,
12228,M5,,SW Beam,,613.0318603515625,
12229,M5,,SW Beam,,622.6920166015625,
12230,M5,,SW Beam,,622.5691528320312,
12231,M5,,SW Beam,,614.8611450195312,
12232,M5,,SW Beam,,641.406982421875,
12233,M5,,SW Beam,,639.0554809570312,
12234,M5,,SW Beam,,622.7931518554688,
12235,M5,,SW Beam,,621.0955200195312,
12236,M5,,SW Beam,,624.2249755859375,
12237,M5,,SW Beam,,622.9000244140625,
12241,M5,,SW Beam,,712.1295166015625,
12242,M5,,SW Beam,,712.6069946289062,
12243,M5,,SW Beam,,729.6204833984375,
12244,M5,,SW Beam,,733.281005859375,
12245,M5,,SW Beam,,728.0504760742188,
12246,M5,,SW Beam,,713.8814697265625,
12247,M5,,SW Beam,,698.6624755859375,
12248,M5,,SW Beam,,718.5449829101562,
12250,M5,,Ohmic,,674.1022338867188,
12252,M5,,Ohmic,,670.9212646484375,
12253,M5,,Ohmic,,676.2224731445312,
12254,M5,,Ohmic,,668.5385131835938,
12255,M5,,Ohmic,,629.0597534179688,
12256,M5,,Ohmic,,628.8400268554688,
12257,M5,,Ohmic,,629.500732421875,
12258,M5,,Ohmic,,626.1797485351562,
12259,M5,,Ohmic,,647.8816528320312,
12260,M5,,Ohmic,,627.3292236328125,
12261,M5,,Ohmic,,629.9124755859375,
12262,M5,,Ohmic,,627.7167358398438,
12263,M5,,Ohmic,,632.6174926757812,
12264,M5,,Ohmic,,626.5057373046875,
12266,M5,,Ohmic,,627.42626953125,
12267,M5,,Ohmic,,625.7874755859375,
12268,M5,,Ohmic,,626.551513671875,
12269,M5,,Ohmic,,625.532470703125,
12270,M5,,Ohmic,,625.1954956054688,
12272,M5,,Ohmic,,626.3817749023438,
12277,M5,,SW Beam,,56.77922439575195,
12282,M5,,SW Beam,,51.88806915283203,
12283,M5,,SW Beam,,884.4929809570312,
12284,M5,,SW Beam,,53.04462432861328,
12287,M5,,SW Beam,,858.6990966796875,
12290,M5,,SW Beam,,102.26155090332031,
12292,M5,,SW Beam,,26.386852264404297,
12293,M5,,SW Beam,,32.66857147216797,
12294,M5,,SW Beam,,840.5432739257812,
12299,M5,,Ohmic,,767.146484375,
12347,M5,,Ohmic,,272.89593505859375,
12300,M5,,SW Beam,,759.6757202148438,
12301,M5,,SW Beam,,759.2630004882812,
12302,M5,,SW Beam,,758.3770141601562,
12303,M5,,SW Beam,,758.1395263671875,
12304,M5,,SW Beam,,754.9340209960938,
12305,M5,,SW Beam,,756.6017456054688,
12306,M5,,SW Beam,,624.7119750976562,
12309,M5,,SW Beam,,605.8629760742188,
12312,M5,,SW Beam,,605.0460205078125,
12313,M5,,SW Beam,,760.3622436523438,
12314,M5,,SW Beam,,758.541748046875,
12315,M5,,SW Beam,,533.2482299804688,
12316,M5,,SW Beam,,532.8397216796875,
12317,M5,,SW Beam,,537.5103759765625,
12318,M5,,SW Beam,,527.2863159179688,
12320,M5,,SW Beam,,533.1138305664062,
12321,M5,,SW Beam,,519.2710571289062,
12322,M5,,SW Beam,,540.8060302734375,
12323,M5,,SW Beam,,529.4404907226562,
12324,M5,,SW Beam,,524.7242431640625,
12325,M5,,SW Beam,,525.1380004882812,
12326,M5,,SW Beam,,530.4702758789062,
12327,M5,,SW Beam,,531.5692749023438,
12328,M5,,SW Beam,,533.9371948242188,
12329,M5,,SW Beam,,531.5438842773438,
12330,M5,,SW Beam,,531.38525390625,
12331,M5,,SW Beam,,534.438232421875,
12336,M5,,Ohmic,,761.7420043945312,
12338,M5,,SW Beam,,74.59475708007812,
12339,M5,,SW Beam,,124.65176391601562,
12340,M5,,SW Beam,,122.69000244140625,
12354,M5,,SW Beam,,717.322021484375,
12355,M5,,SW Beam,,725.54150390625,
12356,M5,,SW Beam,,726.2000122070312,
12357,M5,,SW Beam,,716.2244873046875,
12358,M5,,SW Beam,,718.2030029296875,
12359,M5,,SW Beam,,701.657470703125,
12360,M5,,SW Beam,,717.74951171875,
12361,M5,,SW Beam,,722.7575073242188,
12362,M5,,SW Beam,,699.822998046875,
12363,M5,,SW Beam,,702.3489990234375,
12364,M5,,SW Beam,,731.6370239257812,
12365,M5,,SW Beam,,708.4010009765625,
12366,M5,,SW Beam,,694.4664916992188,
12368,M5,,SW Beam,,790.1820068359375,
12369,M5,,SW Beam,,723.1909790039062,
12370,M5,,SW Beam,,721.1790161132812,
12371,M5,,SW Beam,,719.1199951171875,
12372,M5,,SW Beam,,726.0385131835938,
12373,M5,,SW Beam,,728.7899780273438,
12376,M5,,Ohmic,,758.9340209960938,
12378,M5,,SW Beam,,768.1119995117188,
12379,M5,,SW Beam,,769.1635131835938,
12384,M5,,SW Beam,,768.08447265625,
12385,M5,,SW Beam,,701.1544799804688,
12386,M5,,SW Beam,,773.70751953125,
12387,M5,,Ohmic,,502.44476318359375,
12388,M5,,Ohmic,,497.5683898925781,
12389,M5,,Ohmic,,28.60951805114746,
12390,M5,,Ohmic,,510.3447570800781,
12391,M5,,Ohmic,,538.4295043945312,
12392,M5,,Ohmic,,525.3820190429688,
12393,M5,,Ohmic,,525.1934814453125,
12397,M5,,Ohmic,,768.343505859375,
12398,M5,,Ohmic,,765.9520263671875,
12399,M5,,SW Beam,,771.8480224609375,
12401,M5,,SW Beam,,783.5369873046875,
12403,M5,,SW Beam,,506.5143737792969,
12404,M5,,SW Beam,,773.9500122070312,
12406,M5,,SW Beam,,793.0070190429688,
12407,M5,,SW Beam,,793.39697265625,
12408,M5,,SW Beam,,694.6162719726562,
12409,M5,,SW Beam,,702.6735229492188,
12410,M5,,SW Beam,,760.60498046875,
12411,M5,,SW Beam,,747.1685180664062,
12412,M5,,SW Beam,,737.7172241210938,
12413,M5,,SW Beam,,743.4644775390625,
12414,M5,,SW Beam,,767.989501953125,
12415,M5,,SW Beam,,743.8884887695312,
12416,M5,,SW Beam,,768.7080078125,
12417,M5,,SW Beam,,772.3590087890625,
12418,M5,,SW Beam,,767.3770141601562,
12421,M5,,SW Beam,,769.60302734375,
12422,M5,,SW Beam,,771.3414916992188,
12426,M5,,Ohmic,,768.41650390625,
12427,M5,,SW Beam,,760.41748046875,
12428,M5,,SW Beam,,772.1959838867188,
12429,M5,,SW Beam,,769.177978515625,
12430,M5,,SW Beam,,766.9229736328125,
12431,M5,,SW Beam,,756.5479736328125,
12432,M5,,SW Beam,,765.6370239257812,
12433,M5,,SW Beam,,763.1480102539062,
12434,M5,,SW Beam,,773.2559814453125,
12435,M5,,SW Beam,,747.864013671875,
12436,M5,,SW Beam,,741.4617309570312,
12437,M5,,SW Beam,,770.7860107421875,
12438,M5,,SW Beam,,761.5260009765625,
12439,M5,,SW Beam,,728.8579711914062,
12440,M5,,SW Beam,,701.0695190429688,
12441,M5,,SW Beam,,758.5490112304688,
12442,M5,,SW Beam,,761.9984741210938,
12444,M5,,SW Beam,,755.2849731445312,
12445,M5,,SW Beam,,764.7540283203125,
12446,M5,,SW Beam,,756.2274780273438,
12447,M5,,SW Beam,,759.1304931640625,
12448,M5,,SW Beam,,760.8790283203125,
12449,M5,,SW Beam,,762.6849975585938,
12450,M5,,SW Beam,,759.8989868164062,
12451,M5,,SW Beam,,760.8604736328125,
12455,M5,,Ohmic,,760.5554809570312,
12461,M5,,Ohmic,,767.9714965820312,
12456,M5,,Ohmic,,772.3914794921875,
12457,M5,,Ohmic,,773.8314819335938,
12458,M5,,Ohmic,,765.3585205078125,
12460,M5,,Ohmic,,767.9979858398438,
12462,M5,,Ohmic,,766.0999755859375,
12463,M5,,Ohmic,,766.3765258789062,
12464,M5,,Ohmic,,60.56842803955078,
12465,M5,,Ohmic,,770.5150146484375,
12466,M5,,Ohmic,,772.1859741210938,
12467,M5,,Ohmic,,765.8515014648438,
12468,M5,,Ohmic,,772.2990112304688,
12469,M5,,Ohmic,,774.0679931640625,
12470,M5,,Ohmic,,776.0805053710938,
12471,M5,,SW Beam,,686.0045166015625,
12472,M5,,SW Beam,,712.427001953125,
12473,M5,,SW Beam,,696.9135131835938,
12474,M5,,SW Beam,,714.2465209960938,
12475,M5,,SW Beam,,717.7954711914062,
12476,M5,,SW Beam,,703.29150390625,
12477,M5,,SW Beam,,707.7069702148438,
12478,M5,,SW Beam,,782.4559936523438,
12479,M5,,SW Beam,,763.969970703125,
12480,M5,,SW Beam,,761.448974609375,
12481,M5,,SW Beam,,764.1060180664062,
12482,M5,,SW Beam,,780.1890258789062,
12483,M5,,SW Beam,,780.1865234375,
12484,M5,,SW Beam,,762.0285034179688,
12485,M5,,SW Beam,,762.8914794921875,
12487,M5,,SW Beam,,785.1060180664062,
12488,M5,,SW Beam,,785.0260009765625,
12489,M5,,SW Beam,,780.3469848632812,
12490,M5,,SW Beam,,778.843017578125,
12493,M5,,Ohmic,,765.5759887695312,
12494,M5,,SW Beam,,762.1420288085938,
12495,M5,,SW Beam,,766.7014770507812,
12497,M5,,SW Beam,,791.6389770507812,
12498,M5,,SW Beam,,739.7171020507812,
12499,M5,,SW Beam,,791.5469970703125,
12500,M5,,SW Beam,,807.9550170898438,
12501,M5,,SW Beam,,769.3790283203125,
12503,M5,,SW Beam,,748.7775268554688,
12505,M5,,SW Beam,,771.1690063476562,
12506,M5,,SW Beam,,786.958984375,
12507,M5,,SW Beam,,776.2782592773438,
12508,M5,,SW Beam,,783.447021484375,
12509,M5,,SW Beam,,796.0175170898438,
12511,M5,,SW Beam,,807.2050170898438,
12512,M5,,SW Beam,,796.7775268554688,
12513,M5,,SW Beam,,798.7919921875,
12514,M5,,SW Beam,,807.5665283203125,
12515,M5,,SW Beam,,803.4965209960938,
12517,M5,,SW Beam,,807.344970703125,
12518,M5,,SW Beam,,806.9735107421875,
12519,M5,,SW Beam,,807.1489868164062,
12522,M5,,Ohmic,,762.7219848632812,
12523,M5,,SW Beam,,762.1580200195312,
12524,M5,,SW Beam,,747.2354736328125,
12527,M5,,SW Beam,,754.2340087890625,
12528,M5,,SW Beam,,751.8489990234375,
12530,M5,,SW Beam,,773.9180297851562,
12532,M5,,SW Beam,,741.18701171875,
12533,M5,,SW Beam,,742.7835083007812,
12534,M5,,SW Beam,,740.4080200195312,
12535,M5,,SW Beam,,750.3599853515625,
12536,M5,,SW Beam,,731.5597534179688,
12537,M5,,SW Beam,,737.8766479492188,
12538,M5,,SW Beam,,736.197021484375,
12539,M5,,SW Beam,,735.2263793945312,
12540,M5,,SW Beam,,737.625244140625,
12541,M5,,SW Beam,,733.8574829101562,
12542,M5,,SW Beam,,735.55224609375,
12543,M5,,SW Beam,,736.5428466796875,
12544,M5,,SW Beam,,740.0650024414062,
12545,M5,,SW Beam,,736.8672485351562,
12546,M5,,SW Beam,,743.1904907226562,
12547,M5,,SW Beam,,743.3410034179688,
12548,M5,,SW Beam,,752.7579956054688,
12549,M5,,SW Beam,,741.2379760742188,
12550,M5,,SW Beam,,736.1217651367188,
12551,M5,,SW Beam,,749.510009765625,
12552,M5,,SW Beam,,756.0994873046875,
12554,M5,,SW Beam,,748.9520263671875,
12555,M5,,SW Beam,,737.3250122070312,
12556,M5,,SW Beam,,756.14697265625,
12557,M5,,SW Beam,,733.0416259765625,
12560,M5,,Ohmic,,760.6400146484375,
12561,M5,,Ohmic,,758.4525146484375,
12563,M5,,Ohmic,,769.2139892578125,
12564,M5,,Ohmic,,787.2960205078125,
12595,M5,,Ohmic,,23.076671600341797,
12596,M5,,Ohmic,,15.676671981811523,
12597,M5,,Ohmic,,760.4500122070312,
12599,M5,,Ohmic,,40.15306854248047,
12602,M5,,Ohmic,,759.1715087890625,
12603,M5,,Ohmic,,753.6090087890625,
12604,M5,,Ohmic,,754.8994750976562,
12605,M5,,Ohmic,,758.5275268554688,
12607,M5,,Ohmic,,759.905029296875,
12608,M5,,Ohmic,,751.9755249023438,
12609,M5,,Ohmic,,755.093994140625,
12610,M5,,Ohmic,,755.9420166015625,
12612,M5,,Ohmic,,752.5634765625,
12613,M5,,Ohmic,,751.0430297851562,
12614,M5,,Ohmic,,726.9450073242188,
12615,M5,,Ohmic,,646.6755981445312,
12616,M5,,Ohmic,,763.1207275390625,
12617,M5,,Ohmic,,759.14697265625,
12619,M5,,Ohmic,,772.4929809570312,
12620,M5,,Ohmic,,770.5490112304688,
12621,M5,,Ohmic,,768.3814697265625,
12622,M5,,Ohmic,,774.0020141601562,
12623,M5,,Ohmic,,762.8460083007812,
12624,M5,,Ohmic,,773.469970703125,
12625,M5,,Ohmic,,762.7490234375,
12626,M5,,Ohmic,,776.6094970703125,
12627,M5,,Ohmic,,775.093505859375,
12628,M5,,Ohmic,,770.6065063476562,
12629,M5,,Ohmic,,770.760498046875,
12631,M5,,Ohmic,,773.9044799804688,
12643,M5,,Ohmic,,79.8079605102539,
13170,M5,,Ohmic,,326.3452453613281,13167.0
12664,M5,,Ohmic,,731.6599731445312,
12665,M5,,Ohmic,,759.02099609375,
12667,M5,,Ohmic,,655.3338623046875,
12669,M5,,Ohmic,,648.2223510742188,
12670,M5,,Ohmic,,727.2249755859375,
12671,M5,,Ohmic,,725.7919921875,
12673,M5,,Ohmic,,724.5955200195312,
12674,M5,,Ohmic,,725.219970703125,
12675,M5,,Ohmic,,670.5330200195312,
12676,M5,,Ohmic,,733.4415283203125,
12677,M5,,Ohmic,,731.0460205078125,
12678,M5,,Ohmic,,731.7533569335938,
12679,M5,,Ohmic,,731.6160278320312,
12680,M5,,Ohmic,,758.135009765625,
12681,M5,,Ohmic,,725.046142578125,
12682,M5,,Ohmic,,729.4158935546875,
12683,M5,,Ohmic,,809.9625244140625,
12684,M5,,Ohmic,,808.2675170898438,
12685,M5,,Ohmic,,811.5430297851562,
12686,M5,,Ohmic,,814.1682739257812,
12687,M5,,Ohmic,,812.000732421875,
12689,M5,,Ohmic,,813.9466552734375,
12690,M5,,Ohmic,,812.4212646484375,
12694,M5,,Ohmic,,757.91748046875,
12695,M5,,Ohmic,,732.499267578125,
12696,M5,,SW Beam,,742.3797607421875,
12697,M5,,SW Beam,,746.9537353515625,
12698,M5,,SW Beam,,730.9392700195312,
12699,M5,,SW Beam,,730.0275268554688,
12700,M5,,SW Beam,,729.7371215820312,
12701,M5,,SW Beam,,743.4365234375,
12702,M5,,SW Beam,,728.7062377929688,
12703,M5,,SW Beam,,728.8103637695312,
12704,M5,,SW Beam,,739.9908447265625,
12705,M5,,SW Beam,,741.844482421875,
12706,M5,,SW Beam,,740.605224609375,
12707,M5,,SW Beam,,742.4737548828125,
12711,M5,,Ohmic,,757.3519897460938,
12712,M5,,SW Beam,,629.885009765625,
12714,M5,,SW Beam,,642.5460205078125,
12715,M5,,SW Beam,,644.771484375,
12716,M5,,SW Beam,,634.6209716796875,
12717,M5,,SW Beam,,639.9755249023438,
12719,M5,,SW Beam,,643.4135131835938,
12720,M5,,Ohmic,,631.1414794921875,
12721,M5,,Ohmic,,638.094970703125,
12722,M5,,Ohmic,,632.2540283203125,
12723,M5,,Ohmic,,597.0767211914062,
12724,M5,,Ohmic,,636.1094970703125,
12725,M5,,Ohmic,,598.66650390625,
12726,M5,,SW Beam,,633.1010131835938,
12727,M5,,SW Beam,,563.8892211914062,
12728,M5,,SW Beam,,632.0390014648438,
12729,M5,,SW Beam,,640.0025024414062,
12730,M5,,SW Beam,,636.5675048828125,
12731,M5,,SW Beam,,635.27001953125,
12732,M5,,SW Beam,,636.7589721679688,
12733,M5,,SW Beam,,529.2349853515625,
12734,M5,,SW Beam,,528.9210205078125,
12735,M5,,SW Beam,,686.4947509765625,
12736,M5,,SW Beam,,782.0590209960938,
12737,M5,,SW Beam,,643.4459838867188,
12739,M5,,SW Beam,,634.7550048828125,
12742,M5,,Ohmic,,756.530517578125,
12743,M5,,SW Beam,,748.3889770507812,
12744,M5,,SW Beam,,738.3955078125,
12745,M5,,SW Beam,,735.0805053710938,
12746,M5,,Ohmic,,756.1259765625,
12747,M5,,SW Beam,,736.8204956054688,
12750,M5,,SW Beam,,736.4295043945312,
12751,M5,,SW Beam,,733.4149780273438,
12752,M5,,SW Beam,,735.3150024414062,
12753,M5,,SW Beam,,780.5549926757812,
12755,M5,,Ohmic,,755.3939819335938,
12756,M5,,Ohmic,,755.4450073242188,
12757,M5,,Ohmic,,782.5050048828125,
12758,M5,,Ohmic,,793.3579711914062,
12759,M5,,Ohmic,,776.9949951171875,
12761,M5,,Ohmic,,767.7885131835938,
12762,M5,,Ohmic,,815.9240112304688,
12763,M5,,Ohmic,,817.5260009765625,
12764,M5,,Ohmic,,837.9949951171875,
12765,M5,,Ohmic,,872.1729736328125,
12766,M5,,Ohmic,,867.0964965820312,
12767,M5,,SW Beam,,629.02099609375,
12769,M5,,SW Beam,,636.2750244140625,
12770,M5,,SW Beam,,643.2954711914062,
12773,M5,,Ohmic,,758.3060302734375,
12774,M5,,Ohmic,,785.6400146484375,
12776,M5,,SW Beam,,766.5805053710938,
12777,M5,,SW Beam,,771.4229736328125,
12778,M5,,SW Beam,,764.9039916992188,
12779,M5,,SW Beam,,767.530517578125,
12780,M5,,SW Beam,,767.9290161132812,
12782,M5,,SW Beam,,745.3362426757812,
12783,M5,,Ohmic,,744.6444702148438,
12784,M5,,SW Beam,,763.2039794921875,
12785,M5,,SW Beam,,765.7979736328125,
12786,M5,,SW Beam,,765.4669799804688,
12788,M5,,SW Beam,,766.2750244140625,
12790,M5,,SW Beam,,763.2734985351562,
12792,M5,,SW Beam,,766.7935180664062,
12795,M5,,Ohmic,,746.405029296875,
12803,M5,,Ohmic,,758.041015625,
12804,M5,,SW Beam,,762.4915161132812,
12805,M5,,SW Beam,,772.6110229492188,
12806,M5,,SW Beam,,763.3759765625,
12807,M5,,SW Beam,,728.1015014648438,
12808,M5,,SW Beam,,759.8895263671875,
12809,M5,,SW Beam,,756.2960205078125,
12811,M5,,SW Beam,,759.2830200195312,
12812,M5,,SW Beam,,752.6430053710938,
12814,M5,,SW Beam,,751.1234741210938,
12815,M5,,SW Beam,,741.6212768554688,
12816,M5,,SW Beam,,771.0679931640625,
12817,M5,,SW Beam,,751.6444702148438,
12818,M5,,SW Beam,,771.0775146484375,
12820,M5,,SW Beam,,796.4099731445312,
12821,M5,,SW Beam,,780.3809814453125,
12822,M5,,SW Beam,,784.781005859375,
12823,M5,,SW Beam,,785.2550048828125,
12824,M5,,SW Beam,,781.7985229492188,
12825,M5,,SW Beam,,783.7415161132812,
12826,M5,,SW Beam,,745.6614990234375,
12827,M5,,SW Beam,,747.1229858398438,
12828,M5,,SW Beam,,741.8364868164062,
12829,M5,,SW Beam,,740.9810180664062,
12830,M5,,SW Beam,,737.3295288085938,
12831,M5,,SW Beam,,739.47802734375,
12832,M5,,SW Beam,,741.2050170898438,
12835,M5,,Ohmic,,755.6824951171875,
12836,M5,,SW Beam,,775.22802734375,
12837,M5,,SW Beam,,757.323974609375,
12838,M5,,SW Beam,,757.5444946289062,
12839,M5,,SW Beam,,757.8820190429688,
12840,M5,,SW Beam,,747.197021484375,
12841,M5,,SW Beam,,770.3109741210938,
12842,M5,,SW Beam,,744.499267578125,
12843,M5,,SW Beam,,772.5902709960938,
12844,M5,,SW Beam,,760.7410278320312,
12845,M5,,SW Beam,,767.3599853515625,
12846,M5,,SW Beam,,755.3574829101562,
12848,M5,,Ohmic,,728.54150390625,
12849,M5,,Ohmic,,727.0399780273438,
12850,M5,,Ohmic,,725.4769897460938,
12851,M5,,Ohmic,,721.5015258789062,
12857,M5,,Ohmic,,760.7664794921875,
12858,M5,,SW Beam,,744.3727416992188,
12859,M5,,SW Beam,,744.4815063476562,
12860,M5,,SW Beam,,746.8982543945312,
12861,M5,,SW Beam,,776.0809936523438,
12863,M5,,SW Beam,,753.7589721679688,
12864,M5,,SW Beam,,746.4739990234375,
12865,M5,,SW Beam,,748.4450073242188,
12866,M5,,SW Beam,,748.8460083007812,
12867,M5,,SW Beam,,749.3200073242188,
12868,M5,,SW Beam,,732.4664916992188,
12869,M5,,SW Beam,,742.3067626953125,
12870,M5,,SW Beam,,734.6099853515625,
12871,M5,,SW Beam,,748.677978515625,
12872,M5,,SW Beam,,740.4844970703125,
12873,M5,,Ohmic,,734.77490234375,
12874,M5,,SW Beam,,748.9140014648438,
12875,M5,,SW Beam,,746.4415283203125,
12876,M5,,SW Beam,,750.166015625,
12877,M5,,SW Beam,,748.9639892578125,
12878,M5,,SW Beam,,750.6259765625,
12879,M5,,SW Beam,,751.4450073242188,
12881,M5,,SW Beam,,749.7169799804688,
12882,M5,,SW Beam,,742.0750122070312,
12883,M5,,SW Beam,,738.2197265625,
12884,M5,,SW Beam,,747.1165161132812,
12885,M5,,SW Beam,,745.5025024414062,
12886,M5,,SW Beam,,748.8405151367188,
12887,M5,,SW Beam,,750.9865112304688,
12890,M5,,Ohmic,,753.88525390625,
12891,M5,,Ohmic,,761.4849853515625,
12892,M5,,Ohmic,,30.5226993560791,
12893,M5,,Ohmic,,78.00545501708984,
12894,M5,,Ohmic,,128.06842041015625,
13132,M5,,Ohmic,,47.92723083496094,12191.0
12895,M5,,Ohmic,,638.3417358398438,
12896,M5,,Ohmic,,652.0187377929688,
12897,M5,,Ohmic,,765.4664916992188,
12898,M5,,Ohmic,,673.552490234375,
12899,M5,,SW Beam,,704.3060302734375,
12900,M5,,SW Beam,,698.5855102539062,
12901,M5,,SW Beam,,705.66650390625,
12902,M5,,SW Beam,,693.2949829101562,
12903,M5,,SW Beam,,704.6837768554688,
12904,M5,,SW Beam,,696.5194702148438,
12905,M5,,Ohmic,,755.9935302734375,
12906,M5,,Ohmic,,759.9509887695312,
12909,M5,,Ohmic,,758.1409912109375,
12910,M5,,Ohmic,,763.7474975585938,
12911,M5,,Ohmic,,761.9959716796875,
12912,M5,,SW Beam,,763.7789916992188,
12913,M5,,SW Beam,,743.6635131835938,
12914,M5,,SW Beam,,741.2575073242188,
12915,M5,,SW Beam,,760.4044799804688,
12916,M5,,SW Beam,,761.6104736328125,
12917,M5,,SW Beam,,762.8955078125,
12918,M5,,SW Beam,,762.2109985351562,
12919,M5,,SW Beam,,759.1259765625,
12920,M5,,SW Beam,,760.4920043945312,
12921,M5,,SW Beam,,744.8017578125,
12922,M5,,SW Beam,,763.5775146484375,
12923,M5,,SW Beam,,742.5440063476562,
12924,M5,,SW Beam,,742.5150146484375,
12925,M5,,SW Beam,,777.9609985351562,
12926,M5,,SW Beam,,778.0969848632812,
12927,M5,,SW Beam,,780.4359741210938,
12929,M5,,SW Beam,,712.364990234375,
12930,M5,,SW Beam,,759.218994140625,
12931,M5,,SW Beam,,761.39501953125,
12932,M5,,SW Beam,,760.9869995117188,
12936,M5,,Ohmic,,758.9404907226562,
12956,M5,,SW Beam,,766.6902465820312,
12957,M5,,SW Beam,,768.0070190429688,
12962,M5,,SW Beam,,774.9710083007812,
12963,M5,,SW Beam,,766.11474609375,
12964,M5,,SW Beam,,752.7424926757812,
12965,M5,,SW Beam,,760.8770141601562,
12966,M5,,SW Beam,,763.6072387695312,
12967,M5,,SW Beam,,763.6129760742188,
12968,M5,,SW Beam,,764.8494873046875,
12971,M5,,Ohmic,,762.4735107421875,
12972,M5,,Ohmic,,759.1005249023438,
12973,M5,,Ohmic,,814.7369995117188,
12974,M5,,Ohmic,,815.3820190429688,
12975,M5,,Ohmic,,813.6327514648438,
12976,M5,,Ohmic,,813.312255859375,
12977,M5,,Ohmic,,835.1724853515625,
12978,M5,,Ohmic,,817.3165283203125,
12980,M5,,Ohmic,,816.2267456054688,
12981,M5,,Ohmic,,823.739501953125,
12982,M5,,Ohmic,,816.2588500976562,
12983,M5,,Ohmic,,813.3712768554688,
12984,M5,,Ohmic,,813.739501953125,
12985,M5,,Ohmic,,814.6151123046875,
12986,M5,,Ohmic,,811.1484985351562,
12987,M5,,Ohmic,,812.4677734375,
12988,M5,,Ohmic,,809.8292236328125,
12989,M5,,SW Beam,,746.6500244140625,
12990,M5,,SW Beam,,750.4169921875,
12991,M5,,SW Beam,,756.864990234375,
12995,M5,,SW Beam,,753.0640258789062,
12996,M5,,SW Beam,,761.3685302734375,
12998,M5,,Ohmic,,731.3607788085938,
12999,M5,,SW Beam,,748.7935180664062,
13001,M5,,SW Beam,,764.1370239257812,
13002,M5,,SW Beam,,750.218017578125,
13003,M5,,SW Beam,,749.8784790039062,
13004,M5,,SW Beam,,748.322509765625,
13007,M5,,Ohmic,,759.6427612304688,12191.0
13008,M5,,Ohmic,,811.8109741210938,12986.0
13009,M5,,Ohmic,,812.0897216796875,12986.0
13010,M5,,Ohmic,,812.2317504882812,12985.0
13011,M5,,SW Beam,,750.0280151367188,12885.0
13012,M5,,SW Beam,,759.2520141601562,12885.0
13015,M5,,SW Beam,,749.3510131835938,12885.0
13016,M5,,SW Beam,,732.8161010742188,12885.0
13017,M5,,SW Beam,,748.7230224609375,12885.0
13018,M5,,SW Beam,,749.22802734375,12885.0
13019,M5,,SW Beam,,751.2670288085938,12885.0
13020,M5,,SW Beam,,751.0784912109375,12885.0
13021,M5,,SW Beam,,745.5750122070312,12885.0
13022,M5,,SW Beam,,733.3597412109375,12885.0
13023,M5,,SW Beam,,749.865478515625,
13024,M5,,SW Beam,,733.3623657226562,12885.0
13026,M5,,SW Beam,,750.5504760742188,12885.0
13028,M5,,SW Beam,,744.6179809570312,12885.0
13029,M5,,SW Beam,,739.5232543945312,
13030,M5,,SW Beam,,737.5344848632812,
13031,M5,,SW Beam,,739.2465209960938,
13032,M5,,SW Beam,,735.6202392578125,
13033,M5,,SW Beam,,739.5454711914062,
13034,M5,,Ohmic,,732.2255249023438,
13035,M5,,SW Beam,,761.0709838867188,
13038,M5,,Ohmic,,758.6785278320312,12191.0
13043,M5,,SW Beam,,649.85400390625,13042.0
13039,M5,,SW Beam,,637.2515258789062,12737.0
13040,M5,,SW Beam,,633.75,12737.0
13041,M5,,SW Beam,,636.5809936523438,12737.0
13042,M5,,SW Beam,,635.1395263671875,12737.0
13044,M5,,SW Beam,,636.1395263671875,
13045,M5,,SW Beam,,635.1594848632812,13044.0
13046,M5,,SW Beam,,637.5285034179688,13044.0
13047,M5,,SW Beam,,644.4254760742188,
13048,M5,,SW Beam,,638.1405029296875,
13049,M5,,SW Beam,,730.5291137695312,13035.0
13050,M5,,SW Beam,,734.1012573242188,
13051,M5,,SW Beam,,505.2955017089844,13048.0
13052,M5,,SW Beam,,502.7460021972656,13048.0
13053,M5,,Ohmic,,812.170654296875,13009.0
13054,M5,,SW Beam,,654.1804809570312,12716.0
13055,M5,,SW Beam,,647.7639770507812,13054.0
13056,M5,,SW Beam,,642.8104858398438,13055.0
13057,M5,,SW Beam,,648.1484985351562,13056.0
13058,M5,,SW Beam,,636.0755004882812,13057.0
13059,M5,,SW Beam,,534.4505004882812,13058.0
13060,M5,,SW Beam,,537.5554809570312,13059.0
13061,M5,,SW Beam,,534.2509765625,
13062,M5,,SW Beam,,526.7739868164062,13061.0
13063,M5,,SW Beam,,525.3515014648438,13062.0
13064,M5,,SW Beam,,525.228515625,13063.0
13065,M5,,Ohmic,,536.7224731445312,13064.0
13066,M5,,SW Beam,,521.5442504882812,13065.0
13069,M5,,Ohmic,,760.5260009765625,12191.0
13071,M5,,SW Beam,,520.3812255859375,13066.0
13072,M5,,SW Beam,,525.271484375,13064.0
13073,M5,,SW Beam,,541.1275024414062,13072.0
13074,M5,,Ohmic,,539.3494873046875,13072.0
13075,M5,,Ohmic,,528.40576171875,13074.0
13076,M5,,Ohmic,,543.9144897460938,13074.0
13077,M5,,SW Beam,,649.125244140625,13072.0
13078,M5,,SW Beam,,633.8699951171875,13072.0
13079,M5,,SW Beam,,655.7410278320312,13078.0
13080,M5,,SW Beam,,525.114013671875,13072.0
13081,M5,,Ohmic,,521.1202392578125,13080.0
13082,M5,,Ohmic,,525.717529296875,13081.0
13083,M5,,SW Beam,,529.4110107421875,13082.0
13084,M5,,SW Beam,,751.3330078125,13015.0
13085,M5,,SW Beam,,751.9865112304688,13084.0
13086,M5,,SW Beam,,755.3884887695312,13085.0
13089,M5,,SW Beam,,753.9144897460938,13086.0
13090,M5,,SW Beam,,757.614990234375,13089.0
13092,M5,,SW Beam,,754.8250122070312,13090.0
13093,M5,,SW Beam,,758.1300048828125,13092.0
13094,M5,,SW Beam,,752.3884887695312,13093.0
13095,M5,,SW Beam,,753.2744750976562,13094.0
13097,M5,,SW Beam,,756.5974731445312,13095.0
13100,M5,,Ohmic,,760.0645141601562,12191.0
13101,M5,,SW Beam,,740.9979858398438,12556.0
13102,M5,,SW Beam,,735.8035278320312,13101.0
13103,M5,,SW Beam,,739.5805053710938,13102.0
13104,M5,,SW Beam,,741.166015625,13103.0
13105,M5,,SW Beam,,740.155029296875,13104.0
13106,M5,,SW Beam,,735.1275024414062,13105.0
13107,M5,,SW Beam,,730.4896240234375,13106.0
13108,M5,,SW Beam,,741.4149780273438,13107.0
13109,M5,,SW Beam,,730.4357299804688,13108.0
13111,M5,,SW Beam,,740.156494140625,13110.0
13112,M5,,SW Beam,,740.6099853515625,13111.0
13113,M5,,SW Beam,,740.6129760742188,13112.0
13114,M5,,SW Beam,,730.125,13113.0
13115,M5,,SW Beam,,741.656982421875,13113.0
13116,M5,,SW Beam,,739.6190185546875,13115.0
13118,M5,,SW Beam,,729.1788940429688,13116.0
13119,M5,,SW Beam,,737.4304809570312,13116.0
13120,M5,,Ohmic,,50.29555892944336,13119.0
13148,M5,,Ohmic,,25.046791076660156,
13121,M5,,SW Beam,,54.481746673583984,13119.0
13122,M5,,SW Beam,,741.7424926757812,13119.0
13123,M5,,SW Beam,,147.5636444091797,13122.0
13124,M5,,SW Beam,,734.3629760742188,13122.0
13125,M5,,SW Beam,,739.4619750976562,13124.0
13126,M5,,SW Beam,,50.30788803100586,13125.0
13127,M5,,SW Beam,,736.60498046875,13125.0
13128,M5,,SW Beam,,57.060142517089844,13127.0
13131,M5,,Ohmic,,42.41299057006836,12191.0
13134,M5,,Ohmic,,756.5665283203125,12191.0
13135,M5,,Ohmic,,759.2354736328125,12906.0
13136,M5,,Ohmic,,757.4039916992188,13135.0
13137,M5,,Ohmic,,754.9739990234375,12613.0
13149,M5,,SW Beam,,24.662752151489258,13148.0
13138,M5,,Ohmic,,755.4940185546875,13137.0
13139,M5,,Ohmic,,760.0474853515625,13138.0
13140,M5,,SW Beam,,748.8319702148438,12886.0
13150,M5,,SW Beam,,55.079139709472656,13149.0
13151,M5,,SW Beam,,258.5550231933594,
13152,M5,,SW Beam,,47.09738540649414,13151.0
13153,M5,,SW Beam,,267.9442443847656,13152.0
13154,M5,,SW Beam,,324.6578369140625,13153.0
13155,M5,,SW Beam,,59.30458068847656,13154.0
13156,M5,,SW Beam,,58.0126953125,13155.0
13157,M5,,SW Beam,,62.52627944946289,13156.0
13158,M5,,SW Beam,,54.123985290527344,13157.0
13160,M5,,SW Beam,,53.0773811340332,13159.0
13161,M5,,SW Beam,,52.87063980102539,13160.0
13162,M5,,SW Beam,,54.955055236816406,13161.0
13164,M5,,SW Beam,,59.04737091064453,13162.0
13165,M5,,SW Beam,,61.90325164794922,13164.0
13166,M5,,SW Beam,,340.2599182128906,13154.0
13167,M5,,SW Beam,,327.3842468261719,13166.0
13168,M5,,SW Beam,,58.44497299194336,13167.0
13171,M5,,SW Beam,,58.385398864746094,13168.0
13172,M5,,SW Beam,,222.8058624267578,13171.0
13174,M5,,SW Beam,,74.25129699707031,13173.0
13175,M5,,SW Beam,,75.48835754394531,13174.0
13176,M5,,SW Beam,,300.06591796875,13175.0
13180,M5,,SW Beam,,52.9451789855957,13179.0
13181,M5,,SW Beam,,305.9910583496094,13180.0
13182,M5,,SW Beam,,200.7066192626953,13181.0
13184,M5,,SW Beam,,76.9606704711914,13182.0
13187,M5,,SW Beam,,220.14463806152344,13186.0
13188,M5,,SW Beam,,286.0800476074219,13187.0
13189,M5,,SW Beam,,319.2693176269531,13166.0
13190,M5,,SW Beam,,315.0928039550781,13189.0
13191,M5,,SW Beam,,310.5616760253906,13190.0
13192,M5,,SW Beam,,59.88068771362305,13191.0
13193,M5,,Ohmic,,61.35746765136719,13192.0
13194,M5,,SW Beam,,54.87665557861328,13186.0
13196,M5,,SW Beam,,59.3098258972168,13195.0
13198,M5,,SW Beam,,299.8532409667969,13195.0
13199,M5,,SW Beam,,56.768577575683594,13197.0
13201,M5,,Ohmic,,59.222625732421875,13195.0
13203,M5,,Ohmic,,302.4962463378906,13202.0
13204,M5,,SW Beam,,300.068603515625,13203.0
13205,M5,,SW Beam,,300.128173828125,13204.0
13206,M5,,SW Beam,,300.817626953125,13205.0
13207,M5,,SW Beam,,334.8540344238281,13206.0
13208,M5,,SW Beam,,325.16900634765625,13207.0
13209,M5,,SW Beam,,356.46051025390625,13208.0
13210,M5,,SW Beam,,341.0145263671875,13209.0
13211,M5,,SW Beam,,55.25354766845703,13210.0
13212,M5,,SW Beam,,59.712276458740234,13211.0
13213,M5,,SW Beam,,64.19280242919922,13212.0
13214,M5,,SW Beam,,48.5789909362793,13211.0
13215,M5,,SW Beam,,83.38806915283203,13210.0
13216,M5,,SW Beam,,283.8924865722656,13210.0
13217,M5,,Ohmic,,327.5871276855469,13210.0
13218,M5,,SW Beam,,341.02423095703125,13210.0
13221,M5,,Ohmic,,760.3914794921875,12191.0
13222,M5,,Ohmic,,651.655029296875,13135.0
13223,M5,,Ohmic,,729.2147216796875,13135.0
13224,M5,,Ohmic,,759.7730102539062,13135.0
13225,M5,,Ohmic,,758.7645263671875,13135.0
13226,M5,,Ohmic,,751.2009887695312,13135.0
13227,M5,,Ohmic,,754.0349731445312,13135.0
13228,M5,,Ohmic,,757.8740234375,13135.0
13229,M5,,Ohmic,,706.093017578125,13135.0
13230,M5,,Ohmic,,723.0045166015625,13135.0
13231,M5,,Ohmic,,718.0599975585938,13135.0
13233,M5,,Ohmic,,684.0992431640625,13135.0
13234,M5,,Ohmic,,659.3617553710938,13135.0
13235,M5,,Ohmic,,717.3870239257812,13229.0
13236,M5,,Ohmic,,715.677001953125,13229.0
13237,M5,,Ohmic,,708.3555297851562,13229.0
13238,M5,,Ohmic,,714.2940063476562,13229.0
13240,M5,,Ohmic,,24.19571876525879,13068.0
13252,M5,,Ohmic,,755.99951171875,12191.0
13253,M5,,Ohmic,,754.9984741210938,12191.0
13254,M5,,Ohmic,,776.7860107421875,12191.0
13256,M5,,Ohmic,,777.3255004882812,13254.0
13257,M5,,Ohmic,,761.021484375,12191.0
13258,M5,,Ohmic,,759.0859985351562,13257.0
13259,M5,,Ohmic,,756.35498046875,13257.0
13260,M5,,Ohmic,,756.6067504882812,12191.0
13261,M5,,Ohmic,,754.8510131835938,13260.0
13262,M5,,Ohmic,,755.9210205078125,13259.0
13264,M5,,Ohmic,,757.6339721679688,13263.0
13265,M5,,SW Beam,,846.9735107421875,12543.0
13266,M5,,SW Beam,,845.1314697265625,13265.0
13267,M5,,SW Beam,,869.3489990234375,13266.0
13268,M5,,SW Beam,,862.3729858398438,13267.0
13269,M5,,SW Beam,,830.1295166015625,13268.0
13270,M5,,SW Beam,,825.801025390625,13269.0
13273,M5,,Ohmic,,757.270263671875,12191.0
13274,M5,,SW Beam,,745.89697265625,13002.0
13275,M5,,SW Beam,,755.6304931640625,13002.0
13276,M5,,SW Beam,,745.8134765625,13001.0
13277,M5,,SW Beam,,760.0339965820312,13001.0
13278,M5,,SW Beam,,734.9663696289062,13001.0
13279,M5,,SW Beam,,748.4630126953125,13001.0
13280,M5,,SW Beam,,741.0419921875,13001.0
13281,M5,,SW Beam,,734.0067749023438,13001.0
13282,M5,,SW Beam,,745.1370239257812,13001.0
13283,M5,,SW Beam,,749.1820068359375,13001.0
13285,M5,,SW Beam,,751.0670166015625,13001.0
13286,M5,,SW Beam,,752.0859985351562,13001.0
13287,M5,,SW Beam,,752.4199829101562,13001.0
13288,M5,,SW Beam,,768.4229736328125,13001.0
13289,M5,,SW Beam,,753.947998046875,12886.0
13291,M5,,SW Beam,,755.301025390625,13289.0
13292,M5,,SW Beam,,808.7210083007812,13291.0
13300,M5,,SW Beam,,751.0599975585938,13294.0
13301,M5,,SW Beam,,767.260986328125,13291.0
13314,M5,,Ohmic,,757.9650268554688,12191.0
13315,M5,,SW Beam,,740.9169921875,13105.0
13316,M5,,SW Beam,,739.6370239257812,13105.0
13318,M5,,SW Beam,,758.4580078125,13105.0
13319,M5,,SW Beam,,740.833984375,13105.0
13320,M5,,SW Beam,,738.8814697265625,13105.0
13322,M5,,SW Beam,,740.1535034179688,13105.0
13323,M5,,SW Beam,,735.4244995117188,13105.0
13327,M5,,SW Beam,,736.8651123046875,13105.0
13333,M5,,SW Beam,,734.3208618164062,13105.0
13334,M5,,SW Beam,,732.0659790039062,13105.0
13335,M5,,SW Beam,,734.6386108398438,13105.0
13336,M5,,SW Beam,,734.3668823242188,13105.0
13337,M5,,SW Beam,,734.5999755859375,13105.0
13338,M5,,SW Beam,,734.6632690429688,13105.0
13339,M5,,SW Beam,,735.4647216796875,13105.0
13342,M5,,SW Beam,,734.910888671875,13105.0
13343,M5,,SW Beam,,734.10986328125,13105.0
13344,M5,,SW Beam,,734.1522216796875,13105.0
13345,M5,,SW Beam,,735.1558837890625,13105.0
13346,M5,,SW Beam,,735.087890625,13105.0
13347,M5,,SW Beam,,734.2516479492188,13105.0
13353,M5,,Ohmic,,758.0919799804688,12886.0
13354,M5,,SW Beam,,755.469482421875,12886.0
13355,M5,,SW Beam,,744.2764892578125,
13356,M5,,SW Beam,,732.4614868164062,12886.0
13357,M5,,SW Beam,,741.8594970703125,13356.0
13358,M5,,SW Beam,,741.760009765625,13357.0
13359,M5,,SW Beam,,738.3270263671875,13358.0
13360,M5,,SW Beam,,740.2360229492188,13358.0
13361,M5,,SW Beam,,742.198486328125,13358.0
13365,M5,,SW Beam,,743.7235107421875,13358.0
13366,M5,,SW Beam,,742.9409790039062,13358.0
13367,M5,,SW Beam,,740.8480224609375,13358.0
13368,M5,,SW Beam,,743.0349731445312,13358.0
13369,M5,,SW Beam,,743.739501953125,13358.0
13372,M5,,Ohmic,,756.2775268554688,12191.0
13373,M5,,SW Beam,,88.28506469726562,12285.0
13374,M5,,SW Beam,,82.51529693603516,13373.0
13376,M5,,SW Beam,,183.31822204589844,13375.0
13377,M5,,SW Beam,,767.0687255859375,13376.0
13378,M5,,SW Beam,,242.04127502441406,12946.0
13379,M5,,SW Beam,,550.2460327148438,13378.0
13382,M5,,SW Beam,,465.7587585449219,13381.0
13383,M5,,Ohmic,,16.879928588867188,13190.0
13384,M5,,SW Beam,,14.267123222351074,13383.0
13389,M5,,SW Beam,,735.6074829101562,13387.0
13390,M5,,SW Beam,,753.6610107421875,13389.0
13393,M5,,SW Beam,,748.1209716796875,13392.0
13394,M5,,SW Beam,,733.5029907226562,13393.0
13399,M5,,SW Beam,,748.93798828125,13395.0
13400,M5,,SW Beam,,738.2009887695312,13399.0
13403,M5,,Ohmic,,756.2559814453125,12191.0
13404,M5,,SW Beam,,749.2935180664062,12886.0
13405,M5,,SW Beam,,749.9765014648438,13404.0
13406,M5,,SW Beam,,751.9915161132812,13405.0
13407,M5,,SW Beam,,752.5985107421875,13406.0
13408,M5,,SW Beam,,753.4110107421875,13407.0
13409,M5,,SW Beam,,752.4835205078125,13408.0
13410,M5,,SW Beam,,752.1409912109375,13406.0
13411,M5,,SW Beam,,734.743896484375,13409.0
13412,M5,,SW Beam,,770.478515625,13411.0
13413,M5,,SW Beam,,760.9569702148438,13412.0
13414,M5,,SW Beam,,743.3250122070312,13267.0
13415,M5,,SW Beam,,16.1357479095459,13267.0
13416,M5,,SW Beam,,832.8670043945312,13415.0
13417,M5,,SW Beam,,743.2965087890625,13416.0
13418,M5,,SW Beam,,637.3782348632812,13417.0
13419,M5,,SW Beam,,638.9769897460938,13418.0
13422,M5,,SW Beam,,602.2579956054688,13421.0
13423,M5,,SW Beam,,571.823974609375,13063.0
13424,M5,,SW Beam,,530.3284912109375,13423.0
13425,M5,,Ohmic,,640.4077758789062,13419.0
13428,M5,,Ohmic,,757.8820190429688,12191.0
13429,M5,,SW Beam,,752.406005859375,12886.0
13430,M5,,SW Beam,,733.4163818359375,13429.0
13431,M5,,SW Beam,,752.9774780273438,13430.0
13432,M5,,SW Beam,,743.4237670898438,13431.0
13433,M5,,SW Beam,,764.5689697265625,13432.0
13434,M5,,SW Beam,,751.0885009765625,13432.0
13435,M5,,SW Beam,,750.426025390625,13434.0
13436,M5,,SW Beam,,740.2360229492188,13429.0
13437,M5,,SW Beam,,749.614990234375,13429.0
13438,M5,,SW Beam,,748.1325073242188,13437.0
13439,M5,,SW Beam,,751.7550048828125,13438.0
13440,M5,,SW Beam,,732.8016357421875,13439.0
13441,M5,,SW Beam,,750.9990234375,13439.0
13442,M5,,SW Beam,,733.2205200195312,13441.0
13443,M5,,SW Beam,,749.9349975585938,13442.0
13444,M5,,SW Beam,,749.7634887695312,13443.0
13446,M5,,SW Beam,,748.6129760742188,13437.0
13447,M5,,SW Beam,,750.7954711914062,13437.0
13448,M5,,SW Beam,,732.97802734375,13437.0
13449,M5,,SW Beam,,751.6179809570312,13437.0
13450,M5,,SW Beam,,753.5465087890625,13437.0
13451,M5,,SW Beam,,752.9089965820312,13437.0
13452,M5,,Ohmic,,754.1195068359375,13437.0
13453,M5,,Ohmic,,773.0494995117188,13452.0
13460,M5,,Ohmic,,757.2965087890625,12191.0
13461,M5,,Ohmic,,756.9337768554688,12191.0
13469,M5,,Ohmic,,-302.2556457519531,13460.0
13470,M5,,Ohmic,,-377.3228759765625,13469.0
13471,M5,,Ohmic,,-763.9550170898438,13470.0
13486,M5,,Ohmic,,-760.844970703125,
13487,M5,,Ohmic,,-753.8667602539062,13486.0
13488,M5,,Ohmic,,-754.9042358398438,13487.0
13492,M5,,Ohmic,,-755.5807495117188,13471.0
13493,M5,,Ohmic,,-761.115478515625,13488.0
13494,M5,,Ohmic,,-763.7130126953125,13488.0
13495,M5,,Ohmic,,-623.0125122070312,
13496,M5,,Ohmic,,-628.4349975585938,
13497,M5,,Ohmic,,-635.6580200195312,
13498,M5,,Ohmic,,-629.9354858398438,
13499,M5,,Ohmic,,-629.3464965820312,
13500,M5,,Ohmic,,-754.8994750976562,13471.0
13502,M5,,Ohmic,,-754.8209838867188,13501.0
13509,M5,,Ohmic,,-765.3464965820312,13471.0
13510,M5,,Ohmic,,-757.3109741210938,13509.0
13540,M5,,Ohmic,,-756.8060302734375,13471.0
13570,M5,,Ohmic,,-759.6810302734375,13540.0
13625,M5,,Ohmic,,-761.9119873046875,13540.0
13626,M5,,Ohmic,,-758.6890258789062,13540.0
13630,M5,,Ohmic,,-771.0919799804688,13471.0
13638,M5,,Ohmic,,-759.1920166015625,13625.0
13639,M5,,Ohmic,,-756.2014770507812,13638.0
13640,M5,,Ohmic,,-755.6895141601562,13639.0
13641,M5,,Ohmic,,-748.343505859375,13640.0
13642,M5,,Ohmic,,-756.9199829101562,13641.0
13643,M5,,Ohmic,,-755.4215087890625,13642.0
13644,M5,,Ohmic,,-728.9249877929688,13643.0
13646,M5,,Ohmic,,-728.2218627929688,13645.0
13647,M5,,Ohmic,,-725.50048828125,13646.0
13648,M5,,Ohmic,,-740.7554931640625,13647.0
13649,M5,,Ohmic,,-639.009521484375,13648.0
13653,M5,,Ohmic,,-755.4304809570312,13638.0
13666,M5,,Ohmic,,-762.0714721679688,13653.0
13700,M5,,Ohmic,,756.9409790039062,12191.0
13701,M5,,Ohmic,,713.9567260742188,13050.0
13702,M5,,Ohmic,,717.1167602539062,13050.0
13703,M5,,Ohmic,,629.6355590820312,12886.0
13704,M5,,Ohmic,,734.8994750976562,12886.0
13705,M5,,Ohmic,,736.0205078125,13702.0
13706,M5,,Ohmic,,741.9564819335938,13702.0
13707,M5,,Ohmic,,746.8060302734375,13702.0
13708,M5,,Ohmic,,745.6170043945312,13702.0
13709,M5,,Ohmic,,734.9110107421875,13702.0
13710,M5,,Ohmic,,743.0449829101562,13702.0
13711,M5,,Ohmic,,745.6500244140625,13702.0
13712,M5,,SW Beam,,741.77099609375,13711.0
13714,M5,,SW Beam,,741.7554931640625,13712.0
13715,M5,,SW Beam,,750.9945068359375,13714.0
13716,M5,,SW Beam,,758.5015258789062,13714.0
13717,M5,,SW Beam,,744.9354858398438,13716.0
13718,M5,,SW Beam,,752.3619995117188,13717.0
13719,M5,,SW Beam,,727.1810302734375,13718.0
13720,M5,,SW Beam,,755.1339721679688,13719.0
13721,M5,,SW Beam,,768.3989868164062,13720.0
13722,M5,,SW Beam,,740.08251953125,13721.0
13723,M5,,SW Beam,,742.5670166015625,13722.0
13726,M5,,Ohmic,,759.260009765625,13700.0
13727,M5,,SW Beam,,761.572509765625,12886.0
13728,M5,,SW Beam,,750.5170288085938,13727.0
13729,M5,,SW Beam,,744.72998046875,13727.0
13730,M5,,SW Beam,,754.8204956054688,13727.0
13731,M5,,SW Beam,,735.6704711914062,13727.0
13732,M5,,Ohmic,,732.5009765625,13731.0
13733,M5,,SW Beam,,736.8295288085938,13731.0
13735,M5,,SW Beam,,733.2224731445312,13730.0
13736,M5,,SW Beam,,733.738525390625,13727.0
13737,M5,,SW Beam,,739.5675048828125,13732.0
13738,M5,,SW Beam,,759.4854736328125,13732.0
13739,M5,,SW Beam,,736.4737548828125,13732.0
13741,M5,,SW Beam,,752.47900390625,13740.0
13742,M5,,SW Beam,,748.7164916992188,13741.0
13743,M5,,SW Beam,,749.906982421875,13742.0
13744,M5,,SW Beam,,749.1099853515625,13743.0
13745,M5,,SW Beam,,745.447998046875,13744.0
13746,M5,,SW Beam,,732.3400268554688,13745.0
13747,M5,,SW Beam,,737.2227783203125,13745.0
13748,M5,,SW Beam,,737.8405151367188,13745.0
13749,M5,,SW Beam,,753.2064819335938,13745.0
13750,M5,,SW Beam,,746.8510131835938,13749.0
13752,M5,,SW Beam,,757.3250122070312,13750.0
13753,M5,,SW Beam,,739.9290161132812,13752.0
13756,M5,,Ohmic,,757.5394897460938,13700.0
13757,M5,,SW Beam,,751.2785034179688,12528.0
13758,M5,,SW Beam,,747.988525390625,12528.0
13759,M5,,SW Beam,,745.4224853515625,12528.0
13760,M5,,Ohmic,,728.1854858398438,12528.0
13761,M5,,SW Beam,,749.3695068359375,12528.0
13762,M5,,SW Beam,,750.7965087890625,12528.0
13763,M5,,SW Beam,,751.2739868164062,12528.0
13764,M5,,SW Beam,,755.5045166015625,12528.0
13766,M5,,SW Beam,,751.0894775390625,12528.0
13769,M5,,Ohmic,,628.076904296875,13649.0
13770,M5,,Ohmic,,620.9552612304688,13769.0
13771,M5,,SW Beam,,649.7135009765625,13770.0
13772,M5,,SW Beam,,737.218017578125,13760.0
13773,M5,,SW Beam,,732.8309936523438,13772.0
13774,M5,,SW Beam,,726.8779907226562,13773.0
13775,M5,,SW Beam,,750.083984375,13774.0
13778,M5,,Ohmic,,760.1749877929688,13700.0
13779,M5,,Ohmic,,621.0418701171875,13770.0
13780,M5,,Ohmic,,620.55126953125,13770.0
13781,M5,,Ohmic,,621.9749755859375,13780.0
13782,M5,,Ohmic,,620.7412719726562,13781.0
13783,M5,,Ohmic,,622.092529296875,13782.0
13784,M5,,Ohmic,,621.552734375,13783.0
13785,M5,,Ohmic,,621.457275390625,13784.0
13787,M5,,Ohmic,,616.911865234375,13785.0
13788,M5,,Ohmic,,620.8040161132812,13787.0
13789,M5,,Ohmic,,622.052001953125,13787.0
13790,M5,,Ohmic,,619.29248046875,13787.0
13791,M5,,Ohmic,,620.750732421875,13787.0
13792,M5,,Ohmic,,620.4564819335938,13787.0
13793,M5,,Ohmic,,621.8522338867188,13787.0
13794,M5,,Ohmic,,758.0549926757812,13778.0
13796,M5,,Ohmic,,758.4730224609375,13794.0
13797,M5,,Ohmic,,757.9869995117188,13796.0
13798,M5,,Ohmic,,747.7479858398438,13797.0
13799,M5,,Ohmic,,771.5885009765625,13796.0
13800,M5,,SW Beam,,765.0390014648438,13799.0
13801,M5,,SW Beam,,775.1209716796875,13800.0
13802,M5,,Ohmic,,758.2474975585938,13799.0
13803,M5,,Ohmic,,750.0189819335938,13799.0
13806,M5,,Ohmic,,759.9299926757812,13700.0
13807,M5,,Ohmic,,772.6820068359375,13796.0
13808,M5,,Ohmic,,763.6539916992188,13796.0
13809,M5,,Ohmic,,753.2919921875,13802.0
13811,M5,,Ohmic,,754.9035034179688,13802.0
13812,M5,,Ohmic,,752.7415161132812,13802.0
13813,M5,,Ohmic,,754.0139770507812,13803.0
13814,M5,,Ohmic,,747.0047607421875,13803.0
13815,M5,,Ohmic,,749.3419799804688,13803.0
13816,M5,,Ohmic,,748.2177734375,13803.0
13817,M5,,Ohmic,,750.9935302734375,13803.0
13818,M5,,Ohmic,,747.3692626953125,13803.0
13820,M5,,SW Beam,,774.41650390625,13803.0
13821,M5,,SW Beam,,776.8289794921875,13803.0
13822,M5,,SW Beam,,758.10498046875,13821.0
13823,M5,,SW Beam,,750.4777221679688,13822.0
13824,M5,,SW Beam,,770.4755249023438,13823.0
13825,M5,,SW Beam,,756.989501953125,13824.0
13826,M5,,SW Beam,,751.5609741210938,13825.0
13827,M5,,SW Beam,,697.0485229492188,12899.0
13830,M5,,Ohmic,,769.54150390625,13796.0
13831,M5,,Ohmic,,760.8569946289062,13796.0
13832,M5,,Ohmic,,760.989501953125,13796.0
13833,M5,,Ohmic,,758.385009765625,13832.0
13834,M5,,Ohmic,,762.6729736328125,13833.0
13835,M5,,Ohmic,,768.9719848632812,13834.0
13836,M5,,SW Beam,,770.82275390625,13835.0
13837,M5,,SW Beam,,770.18701171875,13836.0
13838,M5,,Ohmic,,756.9869995117188,13837.0
13841,M5,,SW Beam,,775.198486328125,13840.0
13846,M5,,Ohmic,,760.656494140625,13835.0
13851,M5,,Ohmic,,756.8045043945312,13700.0
13853,M5,,Ohmic,,752.2554931640625,13796.0
13854,M5,,Ohmic,,766.04052734375,13796.0
13856,M5,,Ohmic,,753.10302734375,13796.0
13859,M5,,Ohmic,,770.0159912109375,13700.0
13860,M5,,Ohmic,,763.0469970703125,13796.0
13861,M5,,Ohmic,,765.9124755859375,13796.0
13862,M5,,Ohmic,,775.6224975585938,13796.0
13864,M5,,Ohmic,,774.6475219726562,13796.0
13865,M5,,Ohmic,,764.9860229492188,13796.0
13866,M5,,Ohmic,,747.2357788085938,13796.0
13867,M5,,Ohmic,,773.43798828125,13866.0
13868,M5,,Ohmic,,749.626220703125,13867.0
13869,M5,,Ohmic,,751.49951171875,13868.0
13870,M5,,Ohmic,,780.7107543945312,13869.0
13872,M5,,Ohmic,,750.58447265625,13871.0
13877,M5,,Ohmic,,757.2009887695312,13700.0
13878,M5,,Ohmic,,758.3159790039062,13877.0
13879,M5,,Ohmic,,757.6489868164062,13796.0
13881,M5,,Ohmic,,761.7210083007812,13880.0
13882,M5,,Ohmic,,775.9644775390625,13881.0
13883,M5,,Ohmic,,755.47998046875,13882.0
13884,M5,,Ohmic,,776.9505004882812,13883.0
13887,M5,,Ohmic,,772.781005859375,13700.0
13889,M5,,Ohmic,,773.2987670898438,13700.0
13890,M5,,Ohmic,,769.1322631835938,13700.0
13891,M5,,Ohmic,,757.938720703125,13700.0
13892,M5,,Ohmic,,749.3377685546875,13884.0
13893,M5,,Ohmic,,763.5460205078125,13884.0
13894,M5,,Ohmic,,758.9130249023438,13884.0
13896,M5,,Ohmic,,56.798824310302734,13895.0
13897,M5,,Ohmic,,758.7675170898438,13896.0
13898,M5,,Ohmic,,771.8204956054688,13897.0
13900,M5,,Ohmic,,758.3880004882812,13899.0
13901,M5,,Ohmic,,757.865478515625,13900.0
13902,M5,,Ohmic,,756.5079956054688,13901.0
13903,M5,,Ohmic,,757.1810302734375,13902.0
13904,M5,,Ohmic,,775.6015014648438,13903.0
13905,M5,,Ohmic,,758.6735229492188,13904.0
13906,M5,,Ohmic,,756.2985229492188,13905.0
13907,M5,,Ohmic,,758.7694702148438,13906.0
13909,M5,,Ohmic,,759.323974609375,13908.0
13912,M5,,Ohmic,,761.12451171875,13700.0
13926,M5,,Ohmic,,69.26599884033203,13923.0
13938,M5,,Ohmic,,763.5239868164062,13700.0
13942,M5,,Ohmic,,760.9710083007812,13700.0
13943,M5,,Ohmic,,758.9959716796875,13884.0
13944,M5,,Ohmic,,774.635009765625,13943.0
13945,M5,,Ohmic,,757.3790283203125,13944.0
13946,M5,,Ohmic,,758.4650268554688,13944.0
13947,M5,,Ohmic,,775.6099853515625,13946.0
13948,M5,,Ohmic,,759.3494873046875,13946.0
13949,M5,,Ohmic,,759.6517333984375,13946.0
13950,M5,,Ohmic,,774.791015625,13946.0
13951,M5,,Ohmic,,760.3079833984375,13700.0
13954,M5,,Ohmic,,160.92906188964844,
13955,M5,,Ohmic,,274.1622009277344,13954.0
13956,M5,,Ohmic,,375.5759582519531,13955.0
13958,M5,,Ohmic,,535.75927734375,13957.0
13959,M5,,Ohmic,,544.097412109375,13958.0
13960,M5,,Ohmic,,422.5428466796875,13959.0
13961,M5,,Ohmic,,519.4782104492188,13960.0
13962,M5,,Ohmic,,593.4536743164062,13961.0
13963,M5,,Ohmic,,545.6630249023438,13962.0
13964,M5,,Ohmic,,513.84033203125,13963.0
13965,M5,,Ohmic,,767.7371215820312,13964.0
13968,M5,,Ohmic,,760.7940063476562,13700.0
13969,M5,,Ohmic,,760.6370239257812,13891.0
13970,M5,,Ohmic,,773.0155029296875,13903.0
13972,M5,,Ohmic,,758.0599975585938,13903.0
13973,M5,,Ohmic,,757.7119750976562,13903.0
13974,M5,,Ohmic,,754.9819946289062,13903.0
13975,M5,,Ohmic,,757.2135009765625,13903.0
13976,M5,,Ohmic,,758.9600219726562,13903.0
13977,M5,,Ohmic,,764.0764770507812,13903.0
13978,M5,,Ohmic,,759.6304931640625,13903.0
13980,M5,,Ohmic,,759.9030151367188,13903.0
13981,M5,,Ohmic,,759.9495239257812,13903.0
13982,M5,,Ohmic,,761.5775146484375,13903.0
13983,M5,,Ohmic,,761.3699951171875,13903.0
13984,M5,,Ohmic,,577.7778930664062,13965.0
13985,M5,,Ohmic,,747.0962524414062,13965.0
13987,M5,,Ohmic,,717.8252563476562,13965.0
13988,M5,,SW Beam,,737.4525146484375,13965.0
13989,M5,,SW Beam,,732.494873046875,13988.0
13991,M5,,SW Beam,,737.4769897460938,13988.0
13992,M5,,SW Beam,,855.864013671875,13988.0
13993,M5,,SW Beam,,828.6530151367188,13992.0
13994,M5,,SW Beam,,905.9317626953125,13992.0
13995,M5,,SW Beam,,922.7310180664062,13992.0
13998,M5,,Ohmic,,759.2274780273438,13700.0
13999,M5,,SW Beam,,748.083984375,13277.0
14000,M5,,SW Beam,,744.6190185546875,13999.0
14001,M5,,Ohmic,,733.8272705078125,14000.0
14002,M5,,SW Beam,,734.8172607421875,14000.0
14003,M5,,SW Beam,,737.45849609375,14000.0
14004,M5,,SW Beam,,739.6544799804688,14003.0
14005,M5,,SW Beam,,751.9030151367188,14004.0
14006,M5,,SW Beam,,735.8712768554688,14005.0
14008,M5,,SW Beam,,745.041015625,14007.0
14009,M5,,SW Beam,,747.947998046875,14008.0
14011,M5,,SW Beam,,751.6195068359375,14010.0
14012,M5,,SW Beam,,742.3359985351562,14011.0
14013,M5,,SW Beam,,754.760498046875,14011.0
14014,M5,,SW Beam,,772.8270263671875,12843.0
14015,M5,,SW Beam,,768.2337646484375,12843.0
14016,M5,,SW Beam,,777.6185302734375,14015.0
14017,M5,,SW Beam,,777.3204956054688,14016.0
14021,M5,,SW Beam,,780.593505859375,14015.0
14022,M5,,SW Beam,,692.4970092773438,14020.0
14023,M5,,SW Beam,,682.0322265625,14020.0
14024,M5,,SW Beam,,704.3247680664062,14023.0
14026,M5,,SW Beam,,773.44873046875,
14027,M5,,SW Beam,,799.0570068359375,14026.0
14030,M5,,Ohmic,,760.281982421875,13700.0
14031,M5,,Ohmic,,813.0852661132812,13269.0
14032,M5,,SW Beam,,836.3400268554688,14031.0
14033,M5,,SW Beam,,832.6409912109375,14032.0
14034,M5,,SW Beam,,835.0675048828125,14033.0
14035,M5,,SW Beam,,830.8364868164062,14034.0
14036,M5,,SW Beam,,832.2874755859375,14035.0
14037,M5,,SW Beam,,836.3934936523438,14036.0
14038,M5,,SW Beam,,841.9915161132812,14037.0
14039,M5,,SW Beam,,845.7584838867188,14038.0
14040,M5,,SW Beam,,851.8394775390625,14039.0
14041,M5,,SW Beam,,845.64501953125,14040.0
14042,M5,,SW Beam,,844.79248046875,14041.0
14043,M5,,SW Beam,,843.4609985351562,14042.0
14044,M5,,SW Beam,,828.3170166015625,14043.0
14045,M5,,SW Beam,,844.4580078125,14044.0
14046,M5,,SW Beam,,827.021484375,14045.0
14047,M5,,SW Beam,,843.5819702148438,14046.0
14048,M5,,SW Beam,,832.1455078125,14047.0
14049,M5,,SW Beam,,833.1824951171875,14048.0
14050,M5,,SW Beam,,836.844970703125,14049.0
14051,M5,,SW Beam,,827.0419921875,14050.0
14052,M5,,SW Beam,,824.2994995117188,14051.0
14053,M5,,SW Beam,,825.6325073242188,14052.0
14054,M5,,SW Beam,,931.3389892578125,14053.0
14056,M5,,SW Beam,,1060.06494140625,14055.0
14057,M5,,SW Beam,,1059.4759521484375,14056.0
14058,M5,,SW Beam,,1008.541015625,14057.0
14059,M5,,SW Beam,,1003.10498046875,14058.0
14142,M5,,Ohmic,,771.1199951171875,13700.0
14144,M5,,Ohmic,,768.739013671875,14015.0
14153,M5,,Ohmic,,770.5540161132812,13938.0
14156,M5,,Ohmic,,765.97900390625,13700.0
14157,M5,,Ohmic,,623.1566162109375,13791.0
14159,M5,,Ohmic,,585.4825439453125,13791.0
14160,M5,,Ohmic,,584.4408569335938,13791.0
14161,M5,,Ohmic,,589.4168090820312,13791.0
14163,M5,,Ohmic,,622.0054931640625,13791.0
14164,M5,,Ohmic,,621.5391235351562,13791.0
14165,M5,,Ohmic,,619.6477661132812,13791.0
14166,M5,,Ohmic,,620.7567749023438,13791.0
14168,M5,,Ohmic,,623.135498046875,14165.0
14169,M5,,SW Beam,,744.2664794921875,14003.0
14170,M5,,SW Beam,,735.5287475585938,14169.0
14171,M5,,SW Beam,,750.0960083007812,14169.0
14173,M5,,SW Beam,,749.281494140625,14169.0
14174,M5,,SW Beam,,755.2479858398438,14173.0
14175,M5,,SW Beam,,732.9217529296875,14173.0
14176,M5,,SW Beam,,738.4915161132812,14173.0
14177,M5,,SW Beam,,743.3469848632812,14173.0
14179,M5,,SW Beam,,747.83251953125,14173.0
14180,M5,,SW Beam,,748.7340087890625,14173.0
14181,M5,,SW Beam,,753.8615112304688,14180.0
14182,M5,,SW Beam,,748.5960083007812,14179.0
14183,M5,,SW Beam,,757.998779296875,14016.0
14184,M5,,SW Beam,,753.9144897460938,14016.0
14185,M5,,SW Beam,,783.510986328125,14016.0
14187,M5,,SW Beam,,739.7797241210938,12812.0
14192,M5,,Ohmic,,759.697998046875,13700.0
14194,M5,,Ohmic,,747.3499755859375,14193.0
14195,M5,,Ohmic,,722.6167602539062,14194.0
14196,M5,,Ohmic,,560.5227661132812,13269.0
14197,M5,,Ohmic,,838.7440185546875,14196.0
14198,M5,,Ohmic,,838.7584838867188,14197.0
14199,M5,,Ohmic,,833.9660034179688,14198.0
14201,M5,,Ohmic,,807.7655029296875,14200.0
14202,M5,,Ohmic,,834.9607543945312,14201.0
14203,M5,,Ohmic,,836.0072631835938,14202.0
14204,M5,,Ohmic,,727.4127197265625,12850.0
14205,M5,,Ohmic,,732.895263671875,12850.0
14206,M5,,Ohmic,,136.28924560546875,12850.0
14207,M5,,Ohmic,,729.5960083007812,12850.0
14208,M5,,Ohmic,,733.186279296875,12850.0
14209,M5,,Ohmic,,733.81298828125,12850.0
14210,M5,,Ohmic,,733.5152587890625,12850.0
14212,M5,,Ohmic,,731.6339721679688,12850.0
14213,M5,,Ohmic,,730.822509765625,12850.0
14216,M5,,Ohmic,,726.8975219726562,12850.0
14217,M5,,Ohmic,,722.947021484375,12850.0
14218,M5,,Ohmic,,726.9971313476562,12850.0
14219,M5,,Ohmic,,729.3209838867188,12850.0
14220,M5,,Ohmic,,730.4760131835938,12850.0
14221,M5,,Ohmic,,723.5816040039062,12850.0
14222,M5,,Ohmic,,731.9240112304688,14218.0
14226,M5,,Ohmic,,756.177490234375,13700.0
14227,M5,,SW Beam,,761.7362670898438,12961.0
14228,M5,,SW Beam,,736.5360107421875,12886.0
14229,M5,,SW Beam,,743.3410034179688,12886.0
14230,M5,,SW Beam,,735.4869995117188,14229.0
14231,M5,,SW Beam,,748.8685302734375,14230.0
14232,M5,,SW Beam,,756.3972778320312,14231.0
14233,M5,,SW Beam,,1162.678955078125,14232.0
14234,M5,,SW Beam,,1163.29052734375,14233.0
14235,M5,,SW Beam,,1210.9219970703125,14234.0
14236,M5,,SW Beam,,1215.2685546875,14235.0
14237,M5,,SW Beam,,1049.2462158203125,14236.0
14238,M5,,SW Beam,,881.103515625,14237.0
14239,M5,,SW Beam,,1204.97802734375,14238.0
14240,M5,,SW Beam,,1097.1700439453125,14239.0
14241,M5,,SW Beam,,1091.125,14240.0
14242,M5,,SW Beam,,907.3712768554688,14241.0
14243,M5,,SW Beam,,994.4630126953125,14242.0
14245,M5,,SW Beam,,1010.0969848632812,14243.0
14250,M5,,Ohmic,,758.9390258789062,13946.0
14251,M5,,Ohmic,,762.8569946289062,13946.0
14253,M5,,Ohmic,,752.896240234375,13946.0
14255,M5,,Ohmic,,755.8905029296875,14254.0
14257,M5,,SW Beam,,687.6444702148438,14256.0
14258,M5,,SW Beam,,697.6500244140625,14257.0
14259,M5,,SW Beam,,701.0650024414062,14258.0
14260,M5,,Ohmic,,733.3870239257812,14222.0
14264,M5,,Ohmic,,729.1890258789062,14261.0
14265,M5,,Ohmic,,636.0175170898438,13059.0
14266,M5,,Ohmic,,628.6382446289062,14265.0
14267,M5,,Ohmic,,629.0029907226562,14265.0
14271,M5,,Ohmic,,631.625,14268.0
14272,M5,,Ohmic,,630.0490112304688,14271.0
14275,M5,,Ohmic,,763.2855224609375,13700.0
14276,M5,,SW Beam,,745.7069702148438,14182.0
14278,M5,,SW Beam,,743.2579956054688,14182.0
14281,M5,,SW Beam,,549.6690063476562,14280.0
14282,M5,,SW Beam,,546.8200073242188,14281.0
14283,M5,,SW Beam,,537.9805297851562,14282.0
14284,M5,,SW Beam,,535.4252319335938,14283.0
14285,M5,,SW Beam,,892.6915283203125,14278.0
14286,M5,,SW Beam,,902.6992797851562,14285.0
14287,M5,,SW Beam,,890.990234375,14286.0
14288,M5,,SW Beam,,904.3939819335938,14287.0
14404,M5,,Ohmic,,37.0589599609375,14403.0
14290,M5,,SW Beam,,897.8115234375,14287.0
14291,M5,,SW Beam,,898.353515625,14290.0
14292,M5,,SW Beam,,631.9207763671875,14272.0
14293,M5,,SW Beam,,636.0287475585938,14292.0
14294,M5,,SW Beam,,636.6719970703125,14293.0
14295,M5,,SW Beam,,641.447021484375,14294.0
14296,M5,,SW Beam,,641.510986328125,14295.0
14297,M5,,SW Beam,,641.0130004882812,14296.0
14298,M5,,SW Beam,,639.03125,14297.0
14299,M5,,SW Beam,,634.6132202148438,14298.0
14300,M5,,SW Beam,,641.5045166015625,14299.0
14303,M5,,SW Beam,,631.104248046875,14302.0
14304,M5,,SW Beam,,652.219970703125,14296.0
14305,M5,,SW Beam,,646.427490234375,14297.0
14306,M5,,SW Beam,,635.2757568359375,14305.0
14307,M5,,SW Beam,,641.4635009765625,14306.0
14308,M5,,SW Beam,,627.2509765625,14297.0
14309,M5,,SW Beam,,612.3045043945312,14308.0
14310,M5,,SW Beam,,639.85498046875,14309.0
14313,M5,,Ohmic,,766.5700073242188,14275.0
14314,M5,,Ohmic,,760.5997314453125,12300.0
14315,M5,,Ohmic,,761.15673828125,12300.0
14316,M5,,Ohmic,,762.2349853515625,12300.0
14317,M5,,Ohmic,,769.6224975585938,12300.0
14318,M5,,Ohmic,,776.2675170898438,12300.0
14319,M5,,Ohmic,,779.3494873046875,12300.0
14320,M5,,Ohmic,,775.0795288085938,12300.0
14321,M5,,Ohmic,,760.2769775390625,12300.0
14322,M5,,Ohmic,,763.1104736328125,12300.0
14325,M5,,Ohmic,,762.7030029296875,12300.0
14327,M5,,Ohmic,,762.8884887695312,12300.0
14328,M5,,Ohmic,,763.5964965820312,12300.0
14330,M5,,SW Beam,,767.5180053710938,12300.0
14331,M5,,SW Beam,,766.1909790039062,12300.0
14332,M5,,SW Beam,,768.9739990234375,12300.0
14334,M5,,SW Beam,,765.5369873046875,12300.0
14335,M5,,SW Beam,,639.3179931640625,12328.0
14336,M5,,SW Beam,,535.2080078125,12328.0
14337,M5,,SW Beam,,529.0889892578125,12328.0
14338,M5,,SW Beam,,535.6865234375,12328.0
14341,M5,,Ohmic,,763.4929809570312,14275.0
14342,M5,,SW Beam,,735.6587524414062,14278.0
14343,M5,,SW Beam,,746.0764770507812,14278.0
14344,M5,,SW Beam,,896.499755859375,14291.0
14346,M5,,SW Beam,,874.3505249023438,14345.0
14348,M5,,SW Beam,,894.5604858398438,14347.0
14350,M5,,SW Beam,,894.5020141601562,14349.0
14351,M5,,SW Beam,,774.9509887695312,14015.0
14352,M5,,SW Beam,,774.8049926757812,14351.0
14353,M5,,SW Beam,,782.0905151367188,14352.0
14354,M5,,Ohmic,,760.5369873046875,14353.0
14356,M5,,SW Beam,,760.1815185546875,14355.0
14357,M5,,SW Beam,,626.150634765625,14356.0
14358,M5,,SW Beam,,772.6392211914062,14357.0
14359,M5,,SW Beam,,744.7864990234375,14180.0
14360,M5,,Ohmic,,662.3934936523438,14255.0
14362,M5,,Ohmic,,661.603759765625,14255.0
14365,M5,,Ohmic,,662.5150146484375,14255.0
14366,M5,,Ohmic,,660.7750244140625,14365.0
14367,M5,,Ohmic,,663.2734985351562,14366.0
14368,M5,,SW Beam,,636.5960083007812,14297.0
14369,M5,,SW Beam,,639.1945190429688,14297.0
14371,M5,,SW Beam,,639.1405029296875,14297.0
14372,M5,,SW Beam,,666.9285278320312,14297.0
14373,M5,,SW Beam,,653.6282348632812,14372.0
14374,M5,,SW Beam,,661.7119750976562,14373.0
14375,M5,,SW Beam,,631.906494140625,14373.0
14376,M5,,SW Beam,,638.656982421875,14369.0
14382,M5,,Ohmic,,766.1300048828125,14275.0
14383,M5,,SW Beam,,838.52490234375,12946.0
14384,M5,,SW Beam,,749.2308959960938,12946.0
14385,M5,,SW Beam,,871.6519775390625,14383.0
14386,M5,,SW Beam,,872.5280151367188,14385.0
14387,M5,,SW Beam,,103.64048767089844,14386.0
14388,M5,,SW Beam,,513.4418334960938,14386.0
14389,M5,,SW Beam,,682.625244140625,14388.0
14390,M5,,SW Beam,,700.302734375,14389.0
14391,M5,,SW Beam,,720.615234375,14390.0
14393,M5,,SW Beam,,750.5435180664062,12886.0
14394,M5,,SW Beam,,733.2262573242188,14393.0
14395,M5,,SW Beam,,748.4324951171875,14394.0
14396,M5,,SW Beam,,788.4954833984375,14275.0
14398,M5,,SW Beam,,781.4774780273438,14397.0
14399,M5,,SW Beam,,783.761474609375,14398.0
14400,M5,,Ohmic,,629.6544799804688,14272.0
14402,M5,,Ohmic,,754.3330078125,13946.0
14403,M5,,Ohmic,,757.7577514648438,14402.0
14409,M5,,Ohmic,,766.4285278320312,14275.0
14412,M5,,SW Beam,,719.0709838867188,14411.0
14413,M5,,SW Beam,,306.607666015625,13923.0
14415,M5,,SW Beam,,245.7090606689453,14414.0
14416,M5,,SW Beam,,284.8954772949219,14415.0
14417,M5,,SW Beam,,214.6865692138672,14416.0
14418,M5,,SW Beam,,234.09730529785156,14417.0
14419,M5,,Ohmic,,844.2684936523438,14203.0
14420,M5,,Ohmic,,825.1712646484375,14203.0
14421,M5,,Ohmic,,828.1602783203125,14203.0
14422,M5,,Ohmic,,824.19775390625,14203.0
14423,M5,,Ohmic,,830.8272705078125,14420.0
14424,M5,,Ohmic,,804.1519775390625,14423.0
14425,M5,,Ohmic,,788.4819946289062,14424.0
14428,M5,,Ohmic,,778.9190063476562,14425.0
14429,M5,,Ohmic,,830.6510009765625,14428.0
14430,M5,,Ohmic,,843.41748046875,14429.0
14433,M5,,Ohmic,,667.81884765625,14275.0
14434,M5,,Ohmic,,777.0449829101562,13946.0
14435,M5,,Ohmic,,761.0040283203125,14434.0
14436,M5,,Ohmic,,756.3720092773438,14435.0
14437,M5,,Ohmic,,760.0675048828125,14435.0
14438,M5,,Ohmic,,762.5184936523438,14435.0
14439,M5,,Ohmic,,762.4395141601562,14435.0
14440,M5,,Ohmic,,757.2150268554688,14435.0
14442,M5,,Ohmic,,762.2135009765625,14435.0
14443,M5,,Ohmic,,757.2424926757812,13981.0
14444,M5,,Ohmic,,754.1710205078125,14443.0
14445,M5,,Ohmic,,759.061767578125,14444.0
14447,M5,,Ohmic,,759.9835205078125,14445.0
14448,M5,,Ohmic,,759.8485107421875,14447.0
14449,M5,,Ohmic,,759.1405029296875,14448.0
14451,M5,,Ohmic,,757.3704833984375,14442.0
14452,M5,,Ohmic,,758.6240234375,14449.0
14453,M5,,SW Beam,,780.2025146484375,14452.0
14454,M5,,SW Beam,,768.4345092773438,14453.0
14458,M5,,Ohmic,,772.8599853515625,14275.0
14462,M5,,Ohmic,,742.8067626953125,14275.0
14463,M5,,Ohmic,,768.7205200195312,14275.0
14464,M5,,Ohmic,,768.4810180664062,14275.0
14465,M5,,SW Beam,,761.6110229492188,14343.0
14466,M5,,SW Beam,,766.0540161132812,14343.0
14468,M5,,Ohmic,,769.5159912109375,14403.0
14469,M5,,SW Beam,,769.4349975585938,14403.0
14470,M5,,Ohmic,,769.5139770507812,14403.0
14471,M5,,SW Beam,,779.1300048828125,14403.0
14472,M5,,SW Beam,,780.5560302734375,14403.0
14473,M5,,SW Beam,,776.1500244140625,13981.0
14474,M5,,SW Beam,,780.1834716796875,14473.0
14476,M5,,Ohmic,,760.2839965820312,13981.0
14477,M5,,Ohmic,,763.6270141601562,13981.0
14478,M5,,Ohmic,,762.5374755859375,13981.0
14479,M5,,Ohmic,,763.0584716796875,13981.0
14480,M5,,Ohmic,,762.2335205078125,13981.0
14481,M5,,SW Beam,,768.4085083007812,13981.0
14482,M5,,SW Beam,,767.427490234375,13981.0
14484,M5,,SW Beam,,769.3544921875,13981.0
14487,M5,,SW Beam,,781.29150390625,13981.0
14488,M5,,SW Beam,,783.739501953125,13981.0
14493,M5,,Ohmic,,766.926025390625,14275.0
14495,M5,,SW Beam,,776.7429809570312,14466.0
14496,M5,,SW Beam,,746.0670166015625,14495.0
14497,M5,,SW Beam,,732.5889892578125,14466.0
14498,M5,,SW Beam,,733.3870239257812,14466.0
14499,M5,,SW Beam,,753.4190063476562,14498.0
14500,M5,,SW Beam,,734.5448608398438,14499.0
14501,M5,,SW Beam,,757.9229736328125,14500.0
14502,M5,,SW Beam,,751.5089721679688,14501.0
14503,M5,,SW Beam,,641.1069946289062,14369.0
14504,M5,,SW Beam,,641.7589721679688,14503.0
14505,M5,,SW Beam,,639.9611206054688,14504.0
14506,M5,,SW Beam,,647.5654907226562,14504.0
14507,M5,,SW Beam,,640.4281005859375,14504.0
14508,M5,,SW Beam,,633.375244140625,14507.0
14510,M5,,SW Beam,,1163.448486328125,14509.0
14512,M5,,SW Beam,,1172.637939453125,14511.0
14513,M5,,SW Beam,,1153.863037109375,14512.0
14515,M5,,SW Beam,,928.010986328125,14514.0
14516,M5,,SW Beam,,1161.8919677734375,14515.0
14517,M5,,SW Beam,,1158.9560546875,14516.0
14518,M5,,SW Beam,,1093.448486328125,14517.0
14519,M5,,SW Beam,,1116.91455078125,14517.0
14520,M5,,SW Beam,,1111.6739501953125,14519.0
14521,M5,,SW Beam,,957.4664916992188,14520.0
14522,M5,,SW Beam,,1042.68798828125,14521.0
14523,M5,,SW Beam,,1022.2789916992188,14522.0
14528,M5,,Ohmic,,773.4094848632812,14275.0
14529,M5,,Ohmic,,769.114501953125,14275.0
14530,M5,,SW Beam,,745.781005859375,14502.0
14531,M5,,SW Beam,,743.6900024414062,14502.0
14532,M5,,SW Beam,,740.4032592773438,14502.0
14533,M5,,SW Beam,,758.2869873046875,14502.0
14534,M5,,SW Beam,,752.9099731445312,14502.0
14535,M5,,SW Beam,,746.6740112304688,14502.0
14536,M5,,SW Beam,,749.9000244140625,14502.0
14537,M5,,SW Beam,,751.6489868164062,14502.0
14538,M5,,SW Beam,,756.2570190429688,14502.0
14539,M5,,SW Beam,,735.8074951171875,14502.0
14540,M5,,SW Beam,,753.7349853515625,14502.0
14542,M5,,SW Beam,,757.1829833984375,14502.0
14544,M5,,SW Beam,,745.322998046875,14502.0
14545,M5,,SW Beam,,635.6278686523438,14508.0
14546,M5,,SW Beam,,635.0146484375,14545.0
14547,M5,,SW Beam,,643.2470092773438,14546.0
14548,M5,,SW Beam,,636.483154296875,14547.0
14549,M5,,SW Beam,,637.3182373046875,14548.0
14551,M5,,SW Beam,,638.3572387695312,14550.0
14552,M5,,SW Beam,,638.3172607421875,14551.0
14554,M5,,SW Beam,,638.6223754882812,14553.0
14555,M5,,SW Beam,,636.728271484375,14554.0
14557,M5,,SW Beam,,635.0441284179688,14556.0
14558,M5,,SW Beam,,635.4660034179688,14557.0
14559,M5,,SW Beam,,647.2935180664062,14558.0
14560,M5,,SW Beam,,646.8594970703125,14559.0
14561,M5,,Ohmic,,604.797119140625,14490.0
14566,M5,,Ohmic,,768.0759887695312,14275.0
14567,M5,,Ohmic,,760.155517578125,13972.0
14568,M5,,Ohmic,,759.7769775390625,14567.0
14569,M5,,Ohmic,,760.1799926757812,14568.0
14570,M5,,Ohmic,,758.7639770507812,14568.0
14571,M5,,Ohmic,,757.1160278320312,14568.0
14573,M5,,Ohmic,,758.5604858398438,14568.0
14574,M5,,Ohmic,,774.9089965820312,14568.0
14576,M5,,Ohmic,,760.9860229492188,13981.0
14577,M5,,Ohmic,,759.8685302734375,13981.0
14578,M5,,Ohmic,,760.7627563476562,13981.0
14580,M5,,Ohmic,,760.7150268554688,13981.0
14581,M5,,Ohmic,,759.2584838867188,13981.0
14582,M5,,Ohmic,,761.83251953125,13981.0
14583,M5,,SW Beam,,743.2670288085938,12415.0
14584,M5,,SW Beam,,748.3460083007812,14583.0
14585,M5,,SW Beam,,744.5260009765625,14584.0
14586,M5,,SW Beam,,757.1519775390625,14585.0
14587,M5,,SW Beam,,737.2554931640625,14586.0
14589,M5,,SW Beam,,838.4454956054688,14586.0
14590,M5,,SW Beam,,944.72998046875,14586.0
14591,M5,,SW Beam,,848.79248046875,14589.0
14592,M5,,SW Beam,,847.6845092773438,14591.0
14594,M5,,SW Beam,,846.6420288085938,14592.0
14597,M5,,Ohmic,,768.8259887695312,14275.0
14599,M5,,SW Beam,,643.8630981445312,14504.0
14600,M5,,SW Beam,,669.7210083007812,14504.0
14601,M5,,SW Beam,,654.0432739257812,14504.0
14602,M5,,SW Beam,,649.7601318359375,14504.0
14603,M5,,SW Beam,,651.4307250976562,14602.0
14604,M5,,SW Beam,,642.323486328125,14504.0
14605,M5,,SW Beam,,637.6213989257812,14504.0
14606,M5,,SW Beam,,636.9400024414062,14504.0
14607,M5,,SW Beam,,639.2244873046875,14599.0
14608,M5,,SW Beam,,638.2538452148438,14599.0
14611,M5,,SW Beam,,638.6375122070312,14599.0
14612,M5,,SW Beam,,641.4974975585938,14599.0
14614,M5,,SW Beam,,636.842529296875,14602.0
14615,M5,,SW Beam,,711.6904907226562,14602.0
14616,M5,,SW Beam,,648.811279296875,14602.0
14618,M5,,SW Beam,,718.2930297851562,14616.0
14619,M5,,SW Beam,,1152.845947265625,14516.0
14620,M5,,SW Beam,,1152.16748046875,14619.0
14621,M5,,SW Beam,,1165.9320068359375,14620.0
14622,M5,,SW Beam,,1157.12255859375,14620.0
14623,M5,,SW Beam,,1018.417236328125,14622.0
14624,M5,,SW Beam,,1155.7015380859375,14623.0
14625,M5,,SW Beam,,1158.716552734375,
14626,M5,,SW Beam,,657.31298828125,12543.0
14627,M5,,SW Beam,,634.2378540039062,
14628,M5,,SW Beam,,638.223876953125,14626.0
14629,M5,,SW Beam,,657.1329956054688,14626.0
14630,M5,,SW Beam,,1156.1309814453125,14625.0
14631,M5,,SW Beam,,518.9509887695312,14629.0
14636,M5,,Ohmic,,768.3084716796875,14275.0
14638,M5,,SW Beam,,638.0880126953125,14548.0
14639,M5,,SW Beam,,637.9806518554688,14548.0
14640,M5,,SW Beam,,642.7324829101562,14548.0
14641,M5,,SW Beam,,637.7371215820312,14548.0
14643,M5,,SW Beam,,637.6183471679688,14548.0
14644,M5,,SW Beam,,638.6633911132812,14548.0
14645,M5,,SW Beam,,638.2540283203125,14548.0
14646,M5,,SW Beam,,635.1492309570312,14548.0
14647,M5,,SW Beam,,638.0283813476562,14548.0
14648,M5,,SW Beam,,748.8359985351562,14530.0
14649,M5,,SW Beam,,754.2069702148438,14648.0
14650,M5,,SW Beam,,750.906982421875,14649.0
14652,M5,,SW Beam,,747.6290283203125,14651.0
14653,M5,,SW Beam,,752.093994140625,14652.0
14654,M5,,SW Beam,,648.7999877929688,14643.0
14655,M5,,SW Beam,,648.9144897460938,14563.0
14656,M5,,SW Beam,,650.2310180664062,14653.0
14657,M5,,SW Beam,,756.656982421875,14653.0
14658,M5,,SW Beam,,744.66748046875,14560.0
14659,M5,,SW Beam,,657.9965209960938,14490.0
14791,M6,,Ohmic,,778.8679809570312,14275.0
14792,M6,,Ohmic,,764.7210083007812,14275.0
14795,M6,,Ohmic,,765.2864990234375,14275.0
14797,M6,,Ohmic,,765.0474853515625,14275.0
14798,M6,,Ohmic,,759.9285278320312,14275.0
14800,M6,,Ohmic,,761.2885131835938,14275.0
14801,M6,,Ohmic,,762.3679809570312,14275.0
14802,M6,,Ohmic,,760.8364868164062,14275.0
14803,M6,,Ohmic,,759.3619995117188,14275.0
14804,M6,,Ohmic,,761.2645263671875,14275.0
14805,M6,,SW Beam,,741.739501953125,13035.0
14806,M6,,Ohmic,,760.7579956054688,14804.0
14807,M6,,Ohmic,,759.6259765625,14806.0
14808,M6,,Ohmic,,761.02099609375,14807.0
14809,M6,,Ohmic,,758.0150146484375,14808.0
14810,M6,,Ohmic,,756.0380249023438,14809.0
14811,M6,,Ohmic,,756.551025390625,14810.0
14815,M6,,Ohmic,,758.4019775390625,14275.0
14816,M6,,Ohmic,,759.8585205078125,14275.0
14817,M6,,Ohmic,,759.3319702148438,14275.0
14818,M6,,Ohmic,,760.3674926757812,14275.0
14819,M6,,Ohmic,,756.094970703125,14275.0
14820,M6,,Ohmic,,756.2639770507812,14275.0
14821,M6,,Ohmic,,770.4185180664062,14275.0
14822,M6,,Ohmic,,759.2944946289062,14275.0
14823,M6,,Ohmic,,758.1954956054688,14275.0
14824,M6,,Ohmic,,757.1195068359375,14275.0
14825,M6,,Ohmic,,758.166015625,14275.0
14827,M6,,Ohmic,,757.6284790039062,14275.0
14828,M6,,Ohmic,,758.10498046875,14275.0
14830,M6,,Ohmic,,756.406494140625,14275.0
14831,M6,,Ohmic,,755.2769775390625,14275.0
14832,M6,,Ohmic,,756.1895141601562,14275.0
14834,M6,,Ohmic,,768.532470703125,14275.0
14835,M6,,Ohmic,,756.3170166015625,14275.0
14837,M6,,Ohmic,,754.1915283203125,14275.0
14885,M6,,Ohmic,,758.9099731445312,14275.0
14886,M6,,SW Beam,,678.8931274414062,14650.0
14889,M6,,SW Beam,,734.802734375,14650.0
14890,M6,,SW Beam,,735.7100219726562,14650.0
14891,M6,,SW Beam,,733.7449951171875,14650.0
14892,M6,,SW Beam,,738.2899780273438,14650.0
14893,M6,,SW Beam,,736.5399780273438,14650.0
14894,M6,,SW Beam,,737.16748046875,14650.0
14895,M6,,SW Beam,,741.5440063476562,14650.0
14896,M6,,SW Beam,,735.3355102539062,14650.0
14898,M6,,SW Beam,,740.5020141601562,14895.0
14900,M6,,SW Beam,,736.7324829101562,14895.0
14901,M6,,SW Beam,,735.0355224609375,14895.0
14902,M6,,SW Beam,,721.2792358398438,14895.0
14903,M6,,Ohmic,,633.0809936523438,
14904,M6,,Ohmic,,615.5140991210938,
14909,M6,,Ohmic,,761.5809936523438,14275.0
14911,M6,,SW Beam,,723.7144775390625,12548.0
14912,M6,,SW Beam,,739.3099975585938,12548.0
14913,M6,,SW Beam,,733.2205200195312,12548.0
14914,M6,,SW Beam,,740.2689819335938,12548.0
14947,M6,,Ohmic,,755.843505859375,14275.0
14949,M6,,SW Beam,,484.739501953125,12886.0
14950,M6,,SW Beam,,469.5037536621094,14949.0
14951,M6,,Ohmic,,467.0360107421875,14949.0
14952,M6,,Ohmic,,467.4222412109375,14951.0
14953,M6,,Ohmic,,466.285888671875,14952.0
14954,M6,,Ohmic,,466.25,14953.0
14955,M6,,Ohmic,,466.4635009765625,14954.0
14956,M6,,Ohmic,,472.64801025390625,14955.0
14957,M6,,Ohmic,,484.046875,14956.0
14959,M6,,Ohmic,,469.19049072265625,14958.0
14960,M6,,Ohmic,,474.4902648925781,14959.0
14965,M6,,Ohmic,,760.7269897460938,14275.0
14966,M6,,Ohmic,,595.661376953125,14904.0
14969,M6,,Ohmic,,633.3165283203125,14904.0
14973,M6,,Ohmic,,639.8057250976562,14904.0
14974,M6,,Ohmic,,634.7442626953125,14904.0
14976,M6,,Ohmic,,640.56298828125,14904.0
14977,M6,,Ohmic,,639.7994995117188,14904.0
14978,M6,,Ohmic,,469.2864990234375,14951.0
14979,M6,,Ohmic,,466.5715026855469,14951.0
14981,M6,,Ohmic,,468.6652526855469,14951.0
14982,M6,,Ohmic,,467.51251220703125,14951.0
14983,M6,,Ohmic,,467.56500244140625,14951.0
14986,M6,,Ohmic,,764.8695068359375,14275.0
14988,M6,,Ohmic,,765.2750244140625,14275.0
14989,M6,,Ohmic,,763.5474853515625,14275.0
14990,M6,,Ohmic,,761.81298828125,14275.0
14991,M6,,SW Beam,,478.3999938964844,12548.0
14993,M6,,SW Beam,,737.5239868164062,12548.0
14995,M6,,SW Beam,,733.4829711914062,12548.0
14997,M6,,SW Beam,,746.1950073242188,12548.0
14998,M6,,SW Beam,,733.030517578125,12548.0
14999,M6,,SW Beam,,745.8179931640625,12548.0
15000,M6,,SW Beam,,746.1489868164062,12548.0
15001,M6,,SW Beam,,839.8189697265625,14423.0
15003,M6,,SW Beam,,851.6842651367188,15002.0
15004,M6,,SW Beam,,848.8367309570312,15003.0
15005,M6,,SW Beam,,660.5751342773438,15004.0
15006,M6,,SW Beam,,677.6680297851562,15005.0
15007,M6,,SW Beam,,843.490478515625,15006.0
15008,M6,,Ohmic,,834.885009765625,15007.0
15009,M6,,SW Beam,,749.144775390625,15008.0
15010,M6,,SW Beam,,842.9025268554688,15009.0
15011,M6,,SW Beam,,841.447021484375,15010.0
15012,M6,,SW Beam,,846.7155151367188,15011.0
15015,M6,,Ohmic,,759.0444946289062,14275.0
15016,M6,,Ohmic,,726.8511352539062,15000.0
15017,M6,,SW Beam,,740.4140014648438,15000.0
15018,M6,,SW Beam,,739.8350219726562,15000.0
15019,M6,,SW Beam,,725.6542358398438,15000.0
15020,M6,,SW Beam,,734.5640258789062,15000.0
15021,M6,,SW Beam,,743.2769775390625,13018.0
15022,M6,,SW Beam,,731.2617797851562,13018.0
15023,M6,,Ohmic,,727.1107788085938,13018.0
15024,M6,,SW Beam,,738.2354736328125,13018.0
15034,M6,,Ohmic,,537.0653686523438,14275.0
15035,M6,,Ohmic,,752.6635131835938,15034.0
15036,M6,,Ohmic,,760.4434814453125,15035.0
15037,M6,,Ohmic,,764.4710083007812,15036.0
15038,M6,,Ohmic,,757.5330200195312,15037.0
15039,M6,,Ohmic,,764.5125122070312,15038.0
15040,M6,,Ohmic,,758.6649780273438,15039.0
15041,M6,,Ohmic,,770.4534912109375,15037.0
15042,M6,,Ohmic,,762.2212524414062,14275.0
15043,M6,,Ohmic,,760.4984741210938,15042.0
15044,M6,,Ohmic,,758.7119750976562,15043.0
15045,M6,,Ohmic,,757.2310180664062,15044.0
15046,M6,,Ohmic,,756.8170166015625,15045.0
15048,M6,,Ohmic,,756.2839965820312,15047.0
15049,M6,,Ohmic,,757.54248046875,15048.0
15052,M6,,Ohmic,,758.9425048828125,14275.0
15054,M6,,Ohmic,,684.0107421875,12899.0
15055,M6,,Ohmic,,685.6680297851562,12899.0
15060,M6,,Ohmic,,862.4390258789062,15059.0
15056,M6,,Ohmic,,873.1522216796875,15055.0
15057,M6,,Ohmic,,861.417236328125,15055.0
15058,M6,,Ohmic,,796.8469848632812,15057.0
15059,M6,,Ohmic,,821.1477661132812,15058.0
15061,M6,,Ohmic,,831.1535034179688,15060.0
15063,M6,,Ohmic,,850.3047485351562,15062.0
15064,M6,,Ohmic,,911.1065063476562,15063.0
15065,M6,,Ohmic,,856.334228515625,15063.0
15066,M6,,Ohmic,,857.2844848632812,15065.0
15067,M6,,Ohmic,,745.3759765625,15066.0
15068,M6,,Ohmic,,747.9517211914062,15067.0
15069,M6,,Ohmic,,731.8787231445312,15068.0
15070,M6,,Ohmic,,679.35302734375,15069.0
15071,M6,,Ohmic,,678.5435180664062,15070.0
15072,M6,,Ohmic,,547.6077270507812,15070.0
15073,M6,,Ohmic,,495.97161865234375,15072.0
15077,M6,,Ohmic,,756.9215087890625,14275.0
15078,M6,,Ohmic,,774.2470092773438,15008.0
15088,M6,,Ohmic,,767.7130126953125,15085.0
15079,M6,,Ohmic,,823.7042236328125,15078.0
15081,M6,,Ohmic,,771.0390014648438,15080.0
15082,M6,,Ohmic,,611.1292724609375,15081.0
15083,M6,,Ohmic,,739.0175170898438,15082.0
15084,M6,,Ohmic,,766.2775268554688,15083.0
15085,M6,,Ohmic,,766.2130126953125,15084.0
15086,M6,,Ohmic,,668.5488891601562,15085.0
15087,M6,,Ohmic,,697.8839721679688,15086.0
15089,M6,,Ohmic,,745.2454833984375,15088.0
15090,M6,,Ohmic,,687.198486328125,15088.0
15091,M6,,Ohmic,,634.2789916992188,15090.0
15092,M6,,Ohmic,,773.2249755859375,15091.0
15093,M6,,Ohmic,,778.6234741210938,15092.0
15094,M6,,Ohmic,,775.3145141601562,15093.0
15095,M6,,Ohmic,,780.7744750976562,15094.0
15096,M6,,Ohmic,,779.8214721679688,15095.0
15097,M6,,Ohmic,,779.7965087890625,15096.0
15098,M6,,Ohmic,,780.4359741210938,15097.0
15099,M6,,Ohmic,,789.7692260742188,15098.0
15100,M6,,Ohmic,,787.2340087890625,15099.0
15104,M6,,Ohmic,,761.021484375,15076.0
15106,M6,,Ohmic,,782.063232421875,15100.0
15107,M6,,Ohmic,,777.4169921875,15092.0
15108,M6,,Ohmic,,779.1339721679688,15092.0
15109,M6,,Ohmic,,607.3353881835938,15092.0
15111,M6,,Ohmic,,776.0994873046875,15092.0
15112,M6,,Ohmic,,774.198486328125,15092.0
15113,M6,,Ohmic,,643.3878784179688,15092.0
15114,M6,,Ohmic,,773.6505126953125,15092.0
15115,M6,,Ohmic,,774.677978515625,15094.0
15116,M6,,Ohmic,,775.5994873046875,15094.0
15117,M6,,Ohmic,,693.8902587890625,15094.0
15118,M6,,Ohmic,,773.9135131835938,15094.0
15119,M6,,Ohmic,,773.2005004882812,15094.0
15120,M6,,Ohmic,,775.5535278320312,15094.0
15121,M6,,Ohmic,,775.2135009765625,15095.0
15122,M6,,Ohmic,,776.2230224609375,15094.0
15124,M6,,Ohmic,,704.6682739257812,15094.0
15125,M6,,Ohmic,,784.5230102539062,15094.0
15126,M6,,Ohmic,,789.0122680664062,15094.0
15128,M6,,Ohmic,,790.3729858398438,15094.0
15129,M6,,Ohmic,,719.0449829101562,15094.0
15130,M6,,Ohmic,,175.87184143066406,15120.0
15133,M6,,Ohmic,,785.6372680664062,14275.0
15134,M6,,Ohmic,,610.7990112304688,14275.0
15135,M6,,Ohmic,,759.6259765625,14275.0
15137,M6,,Ohmic,,747.4882202148438,14479.0
15139,M6,,Ohmic,,751.926025390625,14479.0
15140,M6,,Ohmic,,751.166015625,14479.0
15141,M6,,Ohmic,,753.0894775390625,15140.0
15142,M6,,Ohmic,,754.04248046875,15141.0
15143,M6,,Ohmic,,783.0565185546875,15142.0
15144,M6,,Ohmic,,755.4869995117188,15143.0
15145,M6,,Ohmic,,748.6722412109375,15128.0
15146,M6,,Ohmic,,767.2392578125,15145.0
15147,M6,,Ohmic,,700.6635131835938,15146.0
15148,M6,,Ohmic,,693.2415161132812,15147.0
15149,M6,,Ohmic,,701.1640014648438,15148.0
15152,M6,,Ohmic,,757.5205078125,14275.0
15153,M6,,Ohmic,,609.9407348632812,15149.0
15154,M6,,Ohmic,,699.57373046875,15149.0
15156,M6,,Ohmic,,426.3088684082031,15149.0
15159,M6,,Ohmic,,700.2230224609375,15158.0
15160,M6,,Ohmic,,701.2440185546875,15159.0
15161,M6,,Ohmic,,773.8814697265625,15115.0
15162,M6,,Ohmic,,774.04150390625,15161.0
15163,M6,,Ohmic,,719.8795166015625,15162.0
15165,M6,,Ohmic,,775.1400146484375,15164.0
15167,M6,,Ohmic,,773.7515258789062,15166.0
15169,M6,,Ohmic,,773.4550170898438,15168.0
15170,M6,,Ohmic,,773.926513671875,15169.0
15172,M6,,Ohmic,,679.3704833984375,15171.0
15173,M6,,Ohmic,,772.5250244140625,15172.0
15176,M6,,Ohmic,,760.4600219726562,14275.0
15178,M6,,Ohmic,,774.8825073242188,15165.0
15179,M6,,Ohmic,,700.2045288085938,15157.0
15180,M6,,Ohmic,,701.28125,15157.0
15181,M6,,Ohmic,,774.7139892578125,15165.0
15182,M6,,Ohmic,,775.103515625,15165.0
15183,M6,,Ohmic,,775.238525390625,15165.0
15185,M6,,Ohmic,,775.073974609375,15165.0
15186,M6,,Ohmic,,773.7789916992188,15165.0
15187,M6,,Ohmic,,775.7219848632812,15165.0
15188,M6,,Ohmic,,776.5264892578125,15165.0
15189,M6,,Ohmic,,773.6402587890625,15165.0
15190,M6,,Ohmic,,701.7545166015625,15179.0
15192,M6,,Ohmic,,700.6339721679688,15179.0
15194,M6,,Ohmic,,605.7313842773438,15179.0
15196,M6,,Ohmic,,697.780517578125,15179.0
15198,M6,,Ohmic,,699.4044799804688,15179.0
15199,M6,,Ohmic,,701.9635009765625,15179.0
15202,M6,,Ohmic,,757.2684936523438,14275.0
15203,M6,,Ohmic,,775.6165161132812,15169.0
15204,M6,,Ohmic,,775.6329956054688,15169.0
15205,M6,,Ohmic,,775.0985107421875,15169.0
15206,M6,,Ohmic,,774.08447265625,15169.0
15207,M6,,Ohmic,,774.2755126953125,15169.0
15209,M6,,Ohmic,,774.2265014648438,15169.0
15210,M6,,Ohmic,,775.2885131835938,15169.0
15211,M6,,Ohmic,,775.7899780273438,15169.0
15212,M6,,Ohmic,,775.4505004882812,15169.0
15213,M6,,Ohmic,,774.8385009765625,15169.0
15214,M6,,Ohmic,,774.384521484375,15169.0
15215,M6,,Ohmic,,713.3159790039062,15169.0
15217,M6,,Ohmic,,772.6952514648438,15169.0
15219,M6,,Ohmic,,760.3412475585938,15217.0
15220,M6,,Ohmic,,774.5675048828125,15219.0
15221,M6,,Ohmic,,774.3887329101562,15220.0
15223,M6,,Ohmic,,771.614501953125,15221.0
15224,M6,,Ohmic,,775.64697265625,15223.0
15225,M6,,Ohmic,,572.916015625,15224.0
15226,M6,,Ohmic,,514.906982421875,15225.0
15227,M6,,Ohmic,,515.59375,15226.0
15228,M6,,Ohmic,,514.7210083007812,15227.0
15229,M6,,Ohmic,,574.7864990234375,15228.0
15231,M6,,Ohmic,,569.8560180664062,15229.0
15232,M6,,Ohmic,,515.8982543945312,15231.0
15233,M6,,Ohmic,,775.5494995117188,15169.0
15234,M6,,Ohmic,,775.5134887695312,15169.0
15235,M6,,Ohmic,,774.781005859375,15234.0
15236,M6,,Ohmic,,774.1290283203125,15235.0
15245,M6,,Ohmic,,504.16888427734375,14953.0
15246,M6,,Ohmic,,466.6548767089844,14953.0
15247,M6,,Ohmic,,466.0885009765625,14953.0
15248,M6,,Ohmic,,466.401123046875,14953.0
15250,M6,,Ohmic,,467.3792419433594,14953.0
15251,M6,,Ohmic,,466.4696350097656,14275.0
15252,M6,,Ohmic,,756.8115234375,14275.0
15253,M6,,Ohmic,,802.5997314453125,12689.0
15254,M6,,Ohmic,,805.9263916015625,12689.0
15255,M6,,Ohmic,,805.8192749023438,12689.0
15257,M6,,Ohmic,,808.2652587890625,12689.0
15258,M6,,Ohmic,,802.21435546875,15255.0
15259,M6,,Ohmic,,802.88134765625,15255.0
15260,M6,,Ohmic,,802.6964721679688,15255.0
15261,M6,,Ohmic,,799.2183837890625,15255.0
15262,M6,,Ohmic,,800.9373779296875,15255.0
15263,M6,,Ohmic,,803.3312377929688,15260.0
15265,M6,,Ohmic,,805.70947265625,15255.0
15266,M6,,Ohmic,,807.04052734375,15257.0
15267,M6,,Ohmic,,806.0446166992188,15257.0
15268,M6,,Ohmic,,804.9197387695312,15257.0
15271,M6,,Ohmic,,768.9169921875,14275.0
15272,M6,,Ohmic,,723.9235229492188,15163.0
15273,M6,,Ohmic,,666.7509765625,15163.0
15274,M6,,Ohmic,,722.6060180664062,15163.0
15275,M6,,Ohmic,,776.9730224609375,15163.0
15276,M6,,Ohmic,,776.9215087890625,15163.0
15277,M6,,Ohmic,,716.7694702148438,15163.0
15278,M6,,Ohmic,,665.467529296875,15163.0
15279,M6,,Ohmic,,667.656494140625,15163.0
15280,M6,,Ohmic,,666.0989990234375,15163.0
15281,M6,,Ohmic,,660.2974853515625,15163.0
15282,M6,,Ohmic,,719.2515258789062,15163.0
15283,M6,,Ohmic,,789.6694946289062,15163.0
15284,M6,,Ohmic,,792.135498046875,15163.0
15285,M6,,Ohmic,,763.7739868164062,15163.0
15286,M6,,Ohmic,,840.0355224609375,15008.0
15287,M6,,Ohmic,,826.2032470703125,15008.0
15288,M6,,Ohmic,,830.3209838867188,15008.0
15289,M6,,Ohmic,,824.3585205078125,15008.0
15290,M6,,Ohmic,,824.33251953125,15008.0
15291,M6,,Ohmic,,623.7437744140625,15008.0
15292,M6,,Ohmic,,646.8836059570312,15008.0
15293,M6,,Ohmic,,825.302490234375,15008.0
15301,M6,,Ohmic,,771.905517578125,14275.0
15302,M6,,Ohmic,,769.0159912109375,14275.0
15304,M6,,Ohmic,,823.542724609375,15293.0
15305,M6,,Ohmic,,821.78173828125,15304.0
15306,M6,,Ohmic,,820.8369750976562,15305.0
15308,M6,,Ohmic,,626.38623046875,15307.0
15309,M6,,Ohmic,,704.338134765625,15308.0
15310,M6,,Ohmic,,617.1005249023438,15309.0
15311,M6,,Ohmic,,916.3232421875,15310.0
15312,M6,,Ohmic,,910.875244140625,15311.0
15313,M6,,Ohmic,,628.6182250976562,15291.0
15314,M6,,Ohmic,,644.2692260742188,15313.0
15315,M6,,Ohmic,,644.4037475585938,15314.0
15316,M6,,Ohmic,,645.4303588867188,15315.0
15317,M6,,Ohmic,,822.4219970703125,15306.0
15319,M6,,Ohmic,,819.3814697265625,15318.0
15320,M6,,Ohmic,,821.9092407226562,15319.0
15321,M6,,Ohmic,,649.0999755859375,15314.0
15325,M6,,Ohmic,,769.854736328125,14275.0
15326,M6,,Ohmic,,841.0885009765625,15008.0
15327,M6,,Ohmic,,597.2322387695312,15008.0
15328,M6,,Ohmic,,835.4010009765625,15008.0
15329,M6,,Ohmic,,838.738525390625,15008.0
15330,M6,,Ohmic,,837.3200073242188,15008.0
15331,M6,,Ohmic,,683.2217407226562,15008.0
15334,M6,,Ohmic,,718.15625,15008.0
15335,M6,,Ohmic,,812.1804809570312,15008.0
15336,M6,,Ohmic,,809.9918823242188,12689.0
15337,M6,,Ohmic,,806.5706176757812,12689.0
15338,M6,,Ohmic,,807.0029907226562,15267.0
15339,M6,,Ohmic,,807.1551513671875,15268.0
15340,M6,,Ohmic,,818.7420043945312,15268.0
15341,M6,,Ohmic,,807.1258544921875,15268.0
15349,M6,,Ohmic,,757.75048828125,14275.0
15350,M6,,Ohmic,,757.9924926757812,14275.0
15353,M6,,Ohmic,,762.81201171875,14275.0
15354,M6,,Ohmic,,386.3004455566406,13991.0
15355,M6,,Ohmic,,740.0597534179688,15354.0
15356,M6,,Ohmic,,722.7545166015625,15355.0
15357,M6,,Ohmic,,643.3472290039062,15356.0
15358,M6,,Ohmic,,654.3529052734375,12674.0
15359,M6,,Ohmic,,661.4301147460938,12674.0
15360,M6,,Ohmic,,725.0885009765625,14219.0
15361,M6,,Ohmic,,724.6685180664062,14219.0
15362,M6,,Ohmic,,723.0499877929688,14219.0
15363,M6,,Ohmic,,723.2965087890625,14219.0
15364,M6,,Ohmic,,723.4724731445312,14219.0
15365,M6,,Ohmic,,724.093994140625,14219.0
15366,M6,,Ohmic,,722.7940063476562,14219.0
15368,M6,,Ohmic,,711.2214965820312,12850.0
15369,M6,,Ohmic,,708.3455200195312,12850.0
15370,M6,,Ohmic,,640.1430053710938,12850.0
15371,M6,,Ohmic,,718.7564697265625,15368.0
15372,M6,,Ohmic,,715.2596435546875,15371.0
15373,M6,,Ohmic,,718.5220947265625,15371.0
15375,M6,,Ohmic,,716.9852294921875,15371.0
15376,M6,,Ohmic,,709.9810180664062,15371.0
15379,M6,,Ohmic,,761.8364868164062,14275.0
15380,M6,,Ohmic,,805.72314453125,12689.0
15381,M6,,Ohmic,,804.6996459960938,12689.0
15382,M6,,Ohmic,,821.052978515625,12689.0
15383,M6,,Ohmic,,801.8709716796875,12689.0
15384,M6,,Ohmic,,792.9365234375,12689.0
15386,M6,,Ohmic,,797.837646484375,12689.0
15441,M6,,Ohmic,,772.5782470703125,14275.0
15442,M6,,Ohmic,,723.9915161132812,15357.0
15443,M6,,Ohmic,,595.4721069335938,15442.0
15444,M6,,Ohmic,,721.2529907226562,15443.0
15445,M6,,Ohmic,,664.3928833007812,15444.0
15446,M6,,Ohmic,,725.5885009765625,15445.0
15447,M6,,Ohmic,,717.0591430664062,15446.0
15448,M6,,Ohmic,,718.9671020507812,15447.0
15449,M6,,Ohmic,,719.1119995117188,15448.0
15450,M6,,Ohmic,,719.884765625,15448.0
15451,M6,,Ohmic,,723.167724609375,15448.0
15452,M6,,Ohmic,,732.0549926757812,15451.0
15453,M6,,Ohmic,,635.2391357421875,15450.0
15454,M6,,Ohmic,,712.8150024414062,15453.0
15455,M6,,Ohmic,,716.3270263671875,15454.0
15456,M6,,Ohmic,,843.7734985351562,15008.0
15457,M6,,Ohmic,,726.67822265625,15456.0
15458,M6,,Ohmic,,755.9307250976562,15457.0
15459,M6,,Ohmic,,841.353515625,15458.0
15460,M6,,Ohmic,,839.59423828125,15459.0
15461,M6,,Ohmic,,835.728515625,15460.0
15467,M6,,Ohmic,,17.101409912109375,15466.0
15472,M6,,Ohmic,,16.471410751342773,15471.0
15477,M6,,Ohmic,,759.655029296875,14275.0
15478,M6,,Ohmic,,731.3412475585938,15461.0
15479,M6,,Ohmic,,716.8330078125,15452.0
15480,M6,,Ohmic,,719.9760131835938,15479.0
15481,M6,,Ohmic,,719.9187622070312,15480.0
15482,M6,,Ohmic,,716.46923828125,15481.0
15483,M6,,Ohmic,,716.7692260742188,15481.0
15484,M6,,Ohmic,,710.5700073242188,15483.0
15485,M6,,Ohmic,,714.0572509765625,15484.0
15486,M6,,Ohmic,,704.9744873046875,15485.0
15490,M6,,Ohmic,,761.4030151367188,14275.0
15491,M6,,Ohmic,,726.462890625,12886.0
15492,M6,,Ohmic,,729.5054931640625,15491.0
15493,M6,,Ohmic,,722.0472412109375,15492.0
15494,M6,,Ohmic,,726.3679809570312,15493.0
15495,M6,,Ohmic,,724.1167602539062,15494.0
15496,M6,,Ohmic,,723.4384765625,15495.0
15498,M6,,Ohmic,,718.2449951171875,15497.0
15499,M6,,Ohmic,,716.5654907226562,15498.0
15500,M6,,Ohmic,,718.2319946289062,15499.0
15501,M6,,Ohmic,,725.2962646484375,15493.0
15504,M6,,Ohmic,,757.208984375,14275.0
15505,M6,,Ohmic,,725.1121215820312,15019.0
15506,M6,,Ohmic,,725.1119995117188,15019.0
15507,M6,,Ohmic,,725.1530151367188,15019.0
15508,M6,,Ohmic,,722.5311279296875,15019.0
15509,M6,,Ohmic,,724.749755859375,15501.0
15510,M6,,Ohmic,,724.853271484375,15501.0
15511,M6,,Ohmic,,724.6535034179688,15501.0
15512,M6,,Ohmic,,723.7132568359375,15501.0
15513,M6,,Ohmic,,719.5880126953125,15450.0
15514,M6,,Ohmic,,726.8095092773438,15512.0
15515,M6,,Ohmic,,714.1824951171875,15512.0
15517,M6,,Ohmic,,712.8497314453125,15515.0
15518,M6,,Ohmic,,717.2097778320312,15515.0
15519,M6,,Ohmic,,758.66552734375,15477.0
15521,M6,,Ohmic,,760.0684814453125,15519.0
15523,M6,,Ohmic,,747.6389770507812,15521.0
15524,M6,,Ohmic,,669.9308471679688,15523.0
15525,M6,,Ohmic,,759.9409790039062,15477.0
15526,M6,,Ohmic,,759.864013671875,15524.0
15527,M6,,Ohmic,,757.0574951171875,15526.0
15528,M6,,Ohmic,,756.16650390625,15527.0
15529,M6,,Ohmic,,756.3909912109375,15528.0
15530,M6,,Ohmic,,765.3074951171875,15528.0
15531,M6,,Ohmic,,760.2294921875,15530.0
15532,M6,,Ohmic,,758.9824829101562,15531.0
15536,M6,,Ohmic,,759.3740234375,14275.0
15537,M6,,Ohmic,,759.8975219726562,15532.0
15539,M6,,Ohmic,,753.114501953125,15530.0
15540,M6,,Ohmic,,761.7135009765625,15530.0
15541,M6,,Ohmic,,760.7579956054688,15540.0
15544,M6,,Ohmic,,760.0285034179688,15537.0
15545,M6,,Ohmic,,752.3679809570312,15537.0
15546,M6,,Ohmic,,751.9400024414062,15537.0
15547,M6,,Ohmic,,751.1810302734375,15537.0
15548,M6,,Ohmic,,636.8179931640625,
15552,M6,,Ohmic,,468.1893615722656,15245.0
15553,M6,,Ohmic,,466.8182373046875,15552.0
15554,M6,,Ohmic,,465.9908752441406,15553.0
15555,M6,,Ohmic,,467.10400390625,15554.0
15556,M6,,Ohmic,,467.0016174316406,15555.0
15557,M6,,Ohmic,,465.3632507324219,15554.0
15558,M6,,Ohmic,,465.21136474609375,15554.0
15561,M6,,Ohmic,,755.7509765625,14275.0
15562,M6,,Ohmic,,747.3574829101562,15541.0
15563,M6,,Ohmic,,751.35302734375,15562.0
15564,M6,,Ohmic,,752.5545043945312,15563.0
15565,M6,,Ohmic,,750.9010009765625,15564.0
15566,M6,,Ohmic,,752.7890014648438,15565.0
15567,M6,,Ohmic,,639.28076171875,15566.0
15569,M6,,Ohmic,,695.9922485351562,15568.0
15570,M6,,Ohmic,,732.9354858398438,15562.0
15571,M6,,Ohmic,,597.1859741210938,15570.0
15572,M6,,Ohmic,,751.948486328125,15565.0
15573,M6,,Ohmic,,753.3599853515625,15566.0
15578,M6,,Ohmic,,758.2540283203125,14275.0
15579,M6,,SW Beam,,730.125,14900.0
15580,M6,,SW Beam,,724.6530151367188,14900.0
15581,M6,,SW Beam,,731.843505859375,14900.0
15582,M6,,SW Beam,,729.1724853515625,
15583,M6,,SW Beam,,724.3309936523438,14900.0
15585,M6,,SW Beam,,724.91748046875,14900.0
15586,M6,,SW Beam,,734.2452392578125,14900.0
15587,M6,,SW Beam,,768.177001953125,15586.0
15588,M6,,SW Beam,,726.1215209960938,15587.0
15589,M6,,SW Beam,,728.6002197265625,15587.0
15590,M6,,SW Beam,,734.7727661132812,15588.0
15591,M6,,SW Beam,,731.1820068359375,15589.0
15592,M6,,SW Beam,,731.06201171875,15591.0
15593,M6,,SW Beam,,730.8400268554688,15592.0
15594,M6,,SW Beam,,757.6790161132812,15593.0
15595,M6,,SW Beam,,735.1122436523438,15594.0
15596,M6,,SW Beam,,726.6992797851562,15595.0
15599,M6,,SW Beam,,758.875,15598.0
15600,M6,,Ohmic,,731.0454711914062,15599.0
15601,M6,,SW Beam,,754.3839721679688,15600.0
15602,M6,,SW Beam,,765.156982421875,15601.0
15605,M6,,Ohmic,,759.1785278320312,14275.0
15606,M6,,Ohmic,,728.85498046875,15586.0
15607,M6,,Ohmic,,730.9569702148438,15586.0
15608,M6,,SW Beam,,736.4505004882812,15586.0
15609,M6,,SW Beam,,766.35302734375,15586.0
15610,M6,,SW Beam,,727.7324829101562,15586.0
15611,M6,,SW Beam,,736.5712280273438,15586.0
15612,M6,,SW Beam,,758.5159912109375,15586.0
15613,M6,,SW Beam,,727.6500244140625,15586.0
15614,M6,,SW Beam,,759.4559936523438,15601.0
15615,M6,,SW Beam,,735.7954711914062,15613.0
15617,M6,,SW Beam,,743.52001953125,15613.0
15618,M6,,SW Beam,,736.2935180664062,15613.0
15619,M6,,SW Beam,,733.5967407226562,15613.0
15620,M6,,SW Beam,,727.4352416992188,15613.0
15621,M6,,SW Beam,,735.8817749023438,15613.0
15622,M6,,SW Beam,,738.375,15613.0
15625,M6,,Ohmic,,762.7734985351562,14275.0
15626,M6,,SW Beam,,735.0609741210938,15622.0
15627,M6,,SW Beam,,737.6455078125,15622.0
15628,M6,,SW Beam,,738.521240234375,15622.0
15629,M6,,Ohmic,,727.0695190429688,15622.0
15630,M6,,SW Beam,,733.6687622070312,15622.0
15632,M6,,SW Beam,,835.7547607421875,15622.0
15633,M6,,SW Beam,,839.2855224609375,15622.0
15634,M6,,Ohmic,,830.6822509765625,15622.0
15635,M6,,SW Beam,,836.8462524414062,15622.0
15636,M6,,SW Beam,,783.1740112304688,15622.0
15638,M6,,SW Beam,,784.7579956054688,15622.0
15640,M6,,SW Beam,,734.2689819335938,15622.0
15641,M6,,SW Beam,,686.6259765625,15622.0
15643,M6,,SW Beam,,618.7769775390625,15642.0
15644,M6,,SW Beam,,621.8679809570312,15643.0
15645,M6,,SW Beam,,629.4005126953125,15643.0
15646,M6,,SW Beam,,948.2484741210938,15645.0
15647,M6,,SW Beam,,1148.3935546875,15646.0
15648,M6,,SW Beam,,1170.1400146484375,15646.0
15649,M6,,SW Beam,,943.5547485351562,15646.0
15650,M6,,SW Beam,,949.8779907226562,15646.0
15651,M6,,SW Beam,,949.8197631835938,15646.0
15652,M6,,SW Beam,,622.334228515625,15651.0
15653,M6,,SW Beam,,626.8827514648438,
15656,M6,,Ohmic,,762.2579956054688,14275.0
15659,M6,,SW Beam,,942.729248046875,15651.0
15660,M6,,SW Beam,,947.9392700195312,15651.0
15661,M6,,SW Beam,,956.603515625,15651.0
15662,M6,,Ohmic,,1050.677978515625,14619.0
15663,M6,,Ohmic,,984.7424926757812,14619.0
15664,M6,,SW Beam,,1022.334228515625,15663.0
15666,M6,,SW Beam,,728.2005004882812,15665.0
15667,M6,,SW Beam,,153.6514434814453,15666.0
15668,M6,,SW Beam,,718.1510009765625,15667.0
15669,M6,,SW Beam,,711.0615234375,15668.0
15670,M6,,SW Beam,,716.322998046875,15669.0
15672,M6,,SW Beam,,716.8369750976562,15671.0
15673,M6,,SW Beam,,716.5194702148438,15672.0
15674,M6,,SW Beam,,724.2532348632812,15673.0
15675,M6,,SW Beam,,725.8914794921875,15674.0
15676,M6,,SW Beam,,721.7655029296875,15675.0
15677,M6,,SW Beam,,726.9760131835938,15676.0
15680,M6,,Ohmic,,762.5034790039062,14275.0
15681,M6,,Ohmic,,725.08447265625,15491.0
15682,M6,,Ohmic,,730.697021484375,15491.0
15683,M6,,Ohmic,,730.6229858398438,15491.0
15684,M6,,Ohmic,,731.7930297851562,15491.0
15686,M6,,Ohmic,,730.177978515625,15491.0
15702,M6,,SW Beam,,731.14697265625,15701.0
15708,M6,,Ohmic,,763.0,14275.0
15712,M6,,Ohmic,,144.0903778076172,15710.0
15713,M6,,Ohmic,,284.7790222167969,15710.0
15714,M6,,Ohmic,,306.31964111328125,15710.0
15715,M6,,Ohmic,,328.4095764160156,15714.0
15722,M6,,Ohmic,,733.9502563476562,15501.0
15723,M6,,Ohmic,,735.5817260742188,15722.0
15724,M6,,Ohmic,,734.0554809570312,15723.0
15725,M6,,Ohmic,,723.3159790039062,15724.0
15726,M6,,Ohmic,,717.9835205078125,15725.0
15727,M6,,Ohmic,,719.584228515625,15726.0
15728,M6,,Ohmic,,424.0540771484375,15727.0
15729,M6,,Ohmic,,425.6278076171875,15728.0
15730,M6,,Ohmic,,426.42681884765625,15729.0
15732,M6,,Ohmic,,425.8218078613281,15731.0
15733,M6,,Ohmic,,427.49774169921875,15732.0
15734,M6,,Ohmic,,937.31201171875,15723.0
15735,M6,,Ohmic,,877.6787719726562,15734.0
15738,M6,,Ohmic,,764.2034912109375,14275.0
15741,M6,,Ohmic,,345.2658386230469,15740.0
15748,M6,,SW Beam,,778.9235229492188,15674.0
15749,M6,,SW Beam,,772.8668823242188,15674.0
15750,M6,,SW Beam,,732.2538452148438,15674.0
15751,M6,,SW Beam,,730.5076293945312,15674.0
15752,M6,,SW Beam,,730.2926025390625,15674.0
15758,M6,,Ohmic,,766.14697265625,12191.0
15759,M6,,SW Beam,,823.04248046875,15754.0
15765,M6,,SW Beam,,10.220453,12379.0
15761,M6,,Ohmic,,822.0805053710938,15754.0
15762,M6,,SW Beam,,825.073974609375,15761.0
15763,M6,,SW Beam,,826.2864990234375,15762.0
15764,M6,,SW Beam,,824.7324829101562,15763.0
15766,M6,,SW Beam,,968.6282348632812,15752.0
15767,M6,,Ohmic,,976.9244995117188,15766.0
15769,M6,,SW Beam,,446.8175964355469,15768.0
15770,M6,,SW Beam,,1053.302001953125,15767.0
15771,M6,,Ohmic,,827.780029296875,15770.0
15772,M6,,Ohmic,,784.0562744140625,15771.0
15774,M6,,Ohmic,,823.0830078125,15772.0
15788,M6,,Ohmic,,753.8305053710938,14275.0
15789,M6,,Ohmic,,757.0399780273438,14275.0
15790,M6,,Ohmic,,753.8955078125,14275.0
15791,M6,,SW Beam,,720.1587524414062,15500.0
15792,M6,,SW Beam,,722.4757690429688,15791.0
15793,M6,,SW Beam,,722.9776000976562,15792.0
15795,M6,,SW Beam,,719.8270263671875,15793.0
15796,M6,,SW Beam,,754.37451171875,12379.0
15797,M6,,SW Beam,,754.9375,15796.0
15801,M6,,SW Beam,,734.614501953125,15799.0
15802,M6,,SW Beam,,734.7429809570312,15799.0
15803,M6,,SW Beam,,754.5189819335938,15799.0
15804,M6,,SW Beam,,730.7739868164062,15799.0
15805,M6,,SW Beam,,741.6420288085938,15799.0
15806,M6,,SW Beam,,737.9630126953125,15799.0
15807,M6,,SW Beam,,736.4625244140625,15799.0
15808,M6,,SW Beam,,742.5025024414062,15799.0
15809,M6,,SW Beam,,750.2570190429688,15799.0
15814,M6,,Ohmic,,763.041015625,14275.0
15815,M6,,Ohmic,,760.3079833984375,15814.0
15816,M6,,Ohmic,,759.7169799804688,15815.0
15817,M6,,Ohmic,,764.2760009765625,14275.0
15818,M6,,Ohmic,,761.0590209960938,14275.0
15819,M6,,Ohmic,,759.3065185546875,14275.0
15824,M6,,Ohmic,,761.8814697265625,14275.0
15825,M6,,Ohmic,,726.9244995117188,15491.0
15829,M6,,Ohmic,,726.77197265625,14495.0
15831,M6,,Ohmic,,725.3505249023438,14495.0
15832,M6,,Ohmic,,723.9119873046875,14495.0
15833,M6,,Ohmic,,716.2885131835938,14495.0
15834,M6,,Ohmic,,726.823974609375,14495.0
15835,M6,,SW Beam,,724.1614990234375,15831.0
15836,M6,,SW Beam,,726.8715209960938,15831.0
15837,M6,,SW Beam,,724.3674926757812,15831.0
15838,M6,,SW Beam,,757.3909912109375,15831.0
15839,M6,,SW Beam,,760.3460083007812,15831.0
15840,M6,,SW Beam,,725.4169921875,15831.0
15843,M6,,Ohmic,,763.3084716796875,15824.0
15845,M6,,Ohmic,,700.1649780273438,15844.0
15846,M6,,Ohmic,,715.3921508789062,15844.0
15847,M6,,Ohmic,,693.7670288085938,15844.0
15848,M6,,Ohmic,,692.4295043945312,15847.0
15850,M6,,SW Beam,,702.6599731445312,15847.0
15851,M6,,Ohmic,,692.64599609375,15847.0
15852,M6,,SW Beam,,698.8809814453125,15851.0
15853,M6,,Ohmic,,695.4500122070312,15851.0
15856,M6,,Ohmic,,676.0745239257812,15826.0
15857,M6,,Ohmic,,702.8141479492188,15826.0
15861,M6,,SW Beam,,747.1530151367188,15839.0
15866,M6,,Ohmic,,763.5275268554688,15824.0
15867,M6,,SW Beam,,750.9089965820312,15839.0
15868,M6,,SW Beam,,724.5145263671875,15867.0
15869,M6,,SW Beam,,725.4415283203125,15868.0
15870,M6,,SW Beam,,757.6939697265625,15869.0
15871,M6,,SW Beam,,725.7172241210938,15869.0
15872,M6,,SW Beam,,743.4739990234375,15871.0
15873,M6,,SW Beam,,727.4190063476562,15871.0
15874,M6,,SW Beam,,741.5764770507812,15871.0
15877,M6,,Ohmic,,758.511474609375,15824.0
15883,M6,,Ohmic,,717.2052612304688,15882.0
15884,M6,,Ohmic,,716.6484985351562,15882.0
15885,M6,,Ohmic,,717.0905151367188,15882.0
15886,M6,,Ohmic,,714.365234375,15882.0
15889,M6,,Ohmic,,762.6389770507812,15824.0
15890,M6,,Ohmic,,1159.925537109375,14625.0
15892,M6,,Ohmic,,931.62548828125,14625.0
15893,M6,,SW Beam,,1148.1875,14625.0
15894,M6,,SW Beam,,976.2764892578125,14625.0
15895,M6,,SW Beam,,1153.4840087890625,14625.0
15896,M6,,SW Beam,,1154.9029541015625,14625.0
15897,M6,,SW Beam,,952.7655029296875,14625.0
15898,M6,,SW Beam,,984.6934814453125,14625.0
15899,M6,,SW Beam,,1153.9305419921875,15898.0
15900,M6,,SW Beam,,947.4727783203125,15899.0
15901,M6,,SW Beam,,946.7315063476562,15899.0
15902,M6,,SW Beam,,949.7744750976562,15899.0
15903,M6,,Ohmic,,947.5225219726562,15902.0
15904,M6,,SW Beam,,948.488525390625,15902.0
15905,M6,,SW Beam,,949.7260131835938,15902.0
15906,M6,,SW Beam,,948.6580200195312,15902.0
15907,M6,,SW Beam,,949.2734985351562,15902.0
15908,M6,,SW Beam,,945.7520141601562,15902.0
15909,M6,,SW Beam,,941.3562622070312,15902.0
15912,M6,,Ohmic,,761.9450073242188,15824.0
15960,M6,,SW Beam,,838.1265258789062,15653.0
15917,M6,,Ohmic,,359.83380126953125,15777.0
15926,M6,,Ohmic,,347.478271484375,15925.0
15930,M6,,SW Beam,,726.8807373046875,15619.0
15931,M6,,SW Beam,,730.9832763671875,15930.0
15932,M6,,SW Beam,,734.4860229492188,15931.0
15934,M6,,SW Beam,,736.0955200195312,15933.0
15935,M6,,SW Beam,,750.5150146484375,15874.0
15936,M6,,SW Beam,,772.2459716796875,15874.0
15937,M6,,SW Beam,,749.0239868164062,15874.0
15938,M6,,SW Beam,,730.3925170898438,15874.0
15939,M6,,SW Beam,,742.218017578125,15874.0
15940,M6,,SW Beam,,750.6370239257812,15939.0
15941,M6,,SW Beam,,749.0050048828125,15939.0
15945,M6,,Ohmic,,760.9915161132812,15824.0
15946,M6,,Ohmic,,762.8925170898438,15824.0
15947,M6,,Ohmic,,35.80498504638672,15824.0
15948,M6,,Ohmic,,715.3937377929688,15727.0
15951,M6,,Ohmic,,762.6434936523438,15824.0
15952,M6,,Ohmic,,761.801513671875,15824.0
15953,M6,,SW Beam,,627.0122680664062,15653.0
15955,M6,,SW Beam,,627.04052734375,15653.0
15956,M6,,SW Beam,,625.885498046875,15653.0
15957,M6,,Ohmic,,720.9285278320312,15653.0
15958,M6,,SW Beam,,727.0497436523438,15653.0
15959,M6,,SW Beam,,827.5656127929688,15653.0
15961,M6,,SW Beam,,837.8057250976562,15653.0
15962,M6,,SW Beam,,810.832275390625,15650.0
15963,M6,,SW Beam,,913.7410278320312,15650.0
15964,M6,,SS Beam,,944.968505859375,15650.0
15967,M6,,Ohmic,,760.3405151367188,15824.0
15968,M6,,SW Beam,,756.2650146484375,15621.0
15969,M6,,SW Beam,,751.135498046875,15968.0
15970,M6,,SW Beam,,766.9949951171875,15941.0
15971,M6,,SW Beam,,765.2210083007812,15941.0
15972,M6,,SW Beam,,938.8722534179688,15971.0
15975,M6,,Ohmic,,767.16552734375,15824.0
15976,M6,,SW Beam,,952.0362548828125,15902.0
15977,M6,,SW Beam,,957.4865112304688,15976.0
15978,M6,,SW Beam,,957.5570068359375,15976.0
15980,M6,,SW Beam,,948.8594970703125,15976.0
15981,M6,,SW Beam,,960.7842407226562,15976.0
15982,M6,,SW Beam,,943.6085205078125,15981.0
15983,M6,,Ohmic,,938.552734375,15982.0
15984,M6,,SW Beam,,946.1585083007812,15983.0
15985,M6,,SW Beam,,945.7880249023438,15984.0
15986,M6,,SW Beam,,943.8599853515625,15985.0
15987,M6,,SW Beam,,944.406982421875,15984.0
15988,M6,,SW Beam,,944.9037475585938,15987.0
15989,M6,,SW Beam,,935.5667724609375,15988.0
15991,M6,,SW Beam,,844.4340209960938,15990.0
15993,M6,,SW Beam,,846.1824951171875,15992.0
15994,M6,,SW Beam,,846.0900268554688,15993.0
15995,M6,,SW Beam,,845.7365112304688,15994.0
15996,M6,,SW Beam,,824.5913696289062,15995.0
15997,M6,,SW Beam,,868.8770141601562,15996.0
15999,M6,,SW Beam,,848.7272338867188,15998.0
16000,M6,,SW Beam,,835.051025390625,15999.0
16001,M6,,Ohmic,,424.6170654296875,16000.0
16003,M6,,Ohmic,,837.6079711914062,16002.0
16004,M6,,Ohmic,,838.5164794921875,16003.0
16008,M6,,Ohmic,,762.4774780273438,15824.0
16019,M6,,SW Beam,,945.1642456054688,16014.0
16009,M6,,SW Beam,,762.5670166015625,15970.0
16010,M6,,SW Beam,,937.927734375,15987.0
16011,M6,,SW Beam,,943.97802734375,15987.0
16012,M6,,SW Beam,,938.93798828125,15987.0
16013,M6,,SW Beam,,935.6939697265625,15987.0
16014,M6,,SW Beam,,944.552001953125,15987.0
16016,M6,,SW Beam,,947.000732421875,15987.0
16018,M6,,SW Beam,,961.8695068359375,15987.0
16020,M6,,SW Beam,,745.14599609375,16009.0
16021,M6,,SW Beam,,625.8615112304688,15956.0
16022,M6,,SW Beam,,624.8077392578125,15956.0
16023,M6,,SW Beam,,626.301025390625,15956.0
16024,M6,,SW Beam,,929.0689697265625,15956.0
16025,M6,,SW Beam,,944.6740112304688,15956.0
16026,M6,,SW Beam,,956.5282592773438,15956.0
16027,M6,,SW Beam,,784.3594970703125,15956.0
16028,M6,,SW Beam,,1112.18505859375,15956.0
16029,M6,,SW Beam,,1124.1455078125,16028.0
16032,M6,,Ohmic,,764.5814819335938,15824.0
16033,M6,,Ohmic,,939.0349731445312,16014.0
16035,M6,,SW Beam,,941.0882568359375,16033.0
16036,M6,,SW Beam,,940.875,16033.0
16037,M6,,SW Beam,,939.5344848632812,16036.0
16038,M6,,SW Beam,,941.6444702148438,16036.0
16039,M6,,SW Beam,,650.594970703125,16020.0
16040,M6,,SW Beam,,655.0850219726562,16039.0
16042,M6,,SW Beam,,631.6884765625,16040.0
16043,M6,,SW Beam,,633.0533447265625,14654.0
16044,M6,,SW Beam,,634.1890258789062,14654.0
16045,M6,,SW Beam,,633.5819702148438,16044.0
16046,M6,,SW Beam,,605.407470703125,16044.0
16047,M6,,SW Beam,,727.1795043945312,16020.0
16049,M6,,SW Beam,,740.0430297851562,16048.0
16054,M6,,SW Beam,,748.1430053710938,16053.0
16058,M6,,SW Beam,,740.698974609375,16053.0
16061,M6,,Ohmic,,948.8140258789062,15905.0
16065,M6,,Ohmic,,762.0494995117188,15824.0
16066,M6,,Ohmic,,837.322021484375,16004.0
16067,M6,,SW Beam,,841.6797485351562,16004.0
16068,M6,,SW Beam,,834.9005126953125,16004.0
16070,M6,,SW Beam,,836.8259887695312,16004.0
16071,M6,,SW Beam,,838.5552368164062,16004.0
16072,M6,,SW Beam,,841.3787231445312,16004.0
16074,M6,,Ohmic,,827.1710205078125,16004.0
16075,M6,,SW Beam,,827.8715209960938,16004.0
16076,M6,,SW Beam,,841.9952392578125,16004.0
16077,M6,,SW Beam,,835.197021484375,16004.0
16078,M6,,SW Beam,,838.6389770507812,16004.0
16080,M6,,SW Beam,,840.1950073242188,16004.0
16081,M6,,Ohmic,,728.2979736328125,16056.0
16082,M6,,Ohmic,,730.4035034179688,16056.0
16084,M6,,Ohmic,,952.540771484375,16062.0
16085,M6,,Ohmic,,949.2589721679688,16062.0
16089,M6,,Ohmic,,761.85302734375,16065.0
16090,M6,,SW Beam,,729.7039794921875,15803.0
16091,M6,,SW Beam,,732.10400390625,15803.0
16092,M6,,SW Beam,,730.0,15803.0
16093,M6,,SW Beam,,734.6754760742188,15803.0
16094,M6,,SW Beam,,731.3660278320312,15803.0
16095,M6,,SW Beam,,735.3209838867188,15803.0
16096,M6,,SW Beam,,734.7479858398438,15803.0
16097,M6,,SW Beam,,729.8519897460938,15803.0
16098,M6,,SW Beam,,731.113525390625,15803.0
16099,M6,,SW Beam,,734.717529296875,15803.0
16100,M6,,SW Beam,,729.0599975585938,15803.0
16102,M6,,SW Beam,,735.8585205078125,15803.0
16105,M6,,SW Beam,,776.2230224609375,15803.0
16106,M6,,SW Beam,,773.4358520507812,15803.0
16108,M6,,SW Beam,,733.968994140625,16058.0
16109,M6,,SW Beam,,728.7139892578125,16058.0
16110,M6,,SW Beam,,736.6400146484375,16058.0
16111,M6,,SW Beam,,646.5549926757812,16040.0
16119,M6,,Ohmic,,734.4176025390625,15674.0
16120,M6,,SW Beam,,721.5015258789062,15674.0
16121,M6,,SW Beam,,725.6605224609375,15674.0
16122,M6,,SW Beam,,722.9099731445312,15674.0
16123,M6,,SW Beam,,725.4505004882812,15674.0
16124,M6,,SW Beam,,728.8264770507812,15674.0
16125,M6,,SW Beam,,722.7937622070312,15674.0
16126,M6,,SW Beam,,734.7244873046875,15674.0
16127,M6,,SW Beam,,724.4509887695312,15674.0
16129,M6,,SW Beam,,723.0287475585938,16128.0
16130,M6,,SW Beam,,722.9047241210938,16128.0
16131,M6,,SW Beam,,952.1669921875,15905.0
16132,M6,,SW Beam,,958.4210205078125,16131.0
16134,M6,,SW Beam,,954.4140014648438,16131.0
16136,M6,,SW Beam,,945.2260131835938,16131.0
16137,M6,,SW Beam,,938.8330078125,16131.0
16138,M6,,SW Beam,,945.4949951171875,16131.0
16139,M6,,SW Beam,,644.6900024414062,16039.0
16140,M6,,SW Beam,,637.7844848632812,16139.0
16141,M6,,SW Beam,,594.4114990234375,16139.0
16144,M6,,Ohmic,,760.8909912109375,16065.0
16145,M6,,Ohmic,,830.1652221679688,16080.0
16146,M6,,SW Beam,,836.6640014648438,16145.0
16147,M6,,SW Beam,,838.7860107421875,16146.0
16148,M6,,SW Beam,,838.093017578125,16147.0
16149,M6,,SW Beam,,835.4815063476562,16148.0
16150,M6,,Ohmic,,830.80224609375,16149.0
16151,M6,,SW Beam,,842.947021484375,16150.0
16152,M6,,SW Beam,,832.5469970703125,16151.0
16153,M6,,SW Beam,,835.5164794921875,16152.0
16155,M6,,SW Beam,,835.7680053710938,16154.0
16157,M6,,Ohmic,,828.6767578125,16155.0
16160,M6,,SW Beam,,634.8200073242188,16159.0
16161,M6,,SW Beam,,648.9739990234375,16160.0
16162,M6,,SW Beam,,629.5672607421875,16161.0
16163,M6,,SW Beam,,632.9149780273438,16162.0
16165,M6,,SW Beam,,939.7139892578125,16038.0
16166,M6,,"2 Beams,SS Beam,SW Beam",,942.219970703125,16165.0
16167,M6,,"2 Beams,SS Beam,SW Beam",,949.0250244140625,16166.0
16168,M6,,"2 Beams,SS Beam,SW Beam",,747.2969970703125,16009.0
16169,M6,,"2 Beams,SS Beam,SW Beam",,763.3590087890625,16168.0
16170,M6,,"2 Beams,SS Beam,SW Beam",,741.3150024414062,16169.0
16171,M6,,"2 Beams,SS Beam,SW Beam",,632.8573608398438,16163.0
16172,M6,,"2 Beams,SS Beam,SW Beam",,632.067138671875,16171.0
16173,M6,,"2 Beams,SS Beam,SW Beam",,635.4605102539062,16172.0
16174,M6,,"2 Beams,SS Beam,SW Beam",,945.1884765625,16038.0
16180,M6,,Ohmic,,658.3298950195312,16065.0
16181,M6,,SW Beam,,634.2509765625,16140.0
16182,M6,,SW Beam,,628.3992309570312,16140.0
16184,M6,,SW Beam,,627.8028564453125,16140.0
16185,M6,,SW Beam,,636.9105224609375,16140.0
16186,M6,,SW Beam,,629.510986328125,16140.0
16187,M6,,SW Beam,,641.66650390625,16140.0
16188,M6,,SW Beam,,630.1083984375,16140.0
16189,M6,,SW Beam,,622.8303833007812,16140.0
16190,M6,,SW Beam,,634.4244995117188,16140.0
16192,M6,,SW Beam,,636.9342651367188,16191.0
16193,M6,,SW Beam,,637.8165283203125,16191.0
16194,M6,,SW Beam,,634.6854858398438,16191.0
16195,M6,,"2 Beams,SS Beam,SW Beam",,636.1937255859375,16191.0
16196,M6,,"2 Beams,SS Beam,SW Beam",,958.2874755859375,16138.0
16197,M6,,"2 Beams,SS Beam,SW Beam",,919.5062255859375,16196.0
16198,M6,,"2 Beams,SS Beam,SW Beam",,921.8079833984375,16196.0
16201,M6,,Ohmic,,762.3619995117188,16065.0
16203,M6,,SW Beam,,656.5599975585938,16040.0
16205,M6,,SW Beam,,644.1275024414062,16040.0
16206,M6,,SW Beam,,628.735107421875,16040.0
16207,M6,,SW Beam,,644.1525268554688,16040.0
16208,M6,,SW Beam,,635.1444702148438,16040.0
16209,M6,,SW Beam,,937.0957641601562,16038.0
16210,M6,,SW Beam,,956.7420043945312,16038.0
16211,M6,,SW Beam,,935.0184936523438,16038.0
16212,M6,,SW Beam,,935.6767578125,16038.0
16213,M6,,"2 Beams,SS Beam,SW Beam",,940.8980102539062,16038.0
16214,M6,,"2 Beams,SS Beam,SW Beam",,952.760009765625,16038.0
16215,M6,,"2 Beams,SS Beam,SW Beam",,943.4672241210938,16038.0
16216,M6,,"2 Beams,SS Beam,SW Beam",,944.1259765625,16038.0
16217,M6,,SS Beam,,654.3289794921875,16040.0
16218,M6,,"2 Beams,SS Beam,SW Beam",,654.2890014648438,16040.0
16219,M6,,"2 Beams,SS Beam,SW Beam",,651.3820190429688,16040.0
16221,M6,,"2 Beams,SS Beam,SW Beam",,705.4957275390625,15850.0
16222,M6,,"2 Beams,SS Beam,SW Beam",,698.8939819335938,16221.0
16223,M6,,"2 Beams,SS Beam,SW Beam",,708.0599975585938,16222.0
16224,M6,,"2 Beams,SS Beam,SW Beam",,706.228515625,16223.0
16225,M6,,"2 Beams,SS Beam,SW Beam",,703.1845092773438,16224.0
16226,M6,,"2 Beams,SS Beam,SW Beam",,691.0139770507812,14259.0
16228,M6,,"2 Beams,SS Beam,SW Beam",,708.8507690429688,16225.0
16229,M6,,"2 Beams,SS Beam,SW Beam",,709.3834838867188,16228.0
16230,M6,,"2 Beams,SS Beam,SW Beam",,810.7550048828125,16229.0
16231,M6,,"2 Beams,SS Beam,SW Beam",,767.7965087890625,16230.0
16235,M6,,Ohmic,,762.8604736328125,16065.0
16237,M6,,Ohmic,,763.8889770507812,14885.0
16238,M6,,SW Beam,,838.0704956054688,16148.0
16239,M6,,SW Beam,,836.8930053710938,16148.0
16240,M6,,SW Beam,,745.5180053710938,15021.0
16241,M6,,SW Beam,,724.9947509765625,15021.0
16242,M6,,SW Beam,,624.1788940429688,16172.0
16558,M6,,Ohmic,,26.748918533325195,16557.0
16244,M6,,SW Beam,,735.6614990234375,16060.0
16245,M6,,SW Beam,,741.4340209960938,16060.0
16246,M6,,"2 Beams,SS Beam,SW Beam",,733.0182495117188,16060.0
16247,M6,,"2 Beams,SS Beam,SW Beam",,748.7160034179688,16060.0
16251,M6,,SW Beam,,739.9235229492188,16060.0
16254,M6,,Ohmic,,759.7340087890625,16065.0
16255,M6,,SW Beam,,637.27099609375,16040.0
16256,M6,,Ohmic,,628.5017700195312,16040.0
16257,M6,,SW Beam,,636.4505004882812,16040.0
16258,M6,,SW Beam,,636.6275024414062,16040.0
16259,M6,,SW Beam,,636.1484985351562,16040.0
16260,M6,,SW Beam,,649.6190185546875,16040.0
16261,M6,,SW Beam,,726.6525268554688,16009.0
16262,M6,,SW Beam,,726.6884765625,16009.0
16263,M6,,SW Beam,,749.166015625,16009.0
16264,M6,,SW Beam,,748.8369750976562,16009.0
16265,M6,,SW Beam,,742.7670288085938,16009.0
16266,M6,,SW Beam,,732.1920166015625,16009.0
16267,M6,,SW Beam,,748.3770141601562,16009.0
16268,M6,,SW Beam,,741.1594848632812,16009.0
16269,M6,,Ohmic,,726.9545288085938,16009.0
16271,M6,,"2 Beams,SS Beam,SW Beam",,773.04150390625,16270.0
16272,M6,,"2 Beams,SS Beam,SW Beam",,771.22802734375,16271.0
16273,M6,,"2 Beams,SS Beam,SW Beam",,770.1420288085938,16272.0
16274,M6,,"2 Beams,SS Beam,SW Beam",,772.6375122070312,16273.0
16275,M6,,"2 Beams,SS Beam,SW Beam",,766.3629760742188,16274.0
16276,M6,,"2 Beams,SS Beam,SW Beam",,772.37548828125,16275.0
16277,M6,,"2 Beams,SS Beam,SW Beam",,781.041015625,16276.0
16278,M6,,"2 Beams,SS Beam,SW Beam",,765.0390014648438,16277.0
16279,M6,,"2 Beams,SS Beam,SW Beam",,765.728515625,16278.0
16281,M6,,"2 Beams,SS Beam,SW Beam",,768.2830200195312,16280.0
16282,M6,,SW Beam,,773.0385131835938,16281.0
16283,M6,,SW Beam,,769.91552734375,16282.0
16284,M6,,SW Beam,,770.1854858398438,16283.0
16287,M6,,Ohmic,,760.1384887695312,16065.0
16288,M6,,Ohmic,,719.3977661132812,15727.0
16289,M6,,Ohmic,,715.8942260742188,16288.0
16290,M6,,Ohmic,,716.8115234375,16289.0
16291,M6,,Ohmic,,715.46826171875,16290.0
16292,M6,,Ohmic,,715.1904907226562,16291.0
16293,M6,,Ohmic,,713.82177734375,16292.0
16294,M6,,Ohmic,,714.0517578125,16293.0
16295,M6,,Ohmic,,723.5625,15724.0
16296,M6,,Ohmic,,728.68798828125,16295.0
16297,M6,,Ohmic,,727.9044799804688,16296.0
16298,M6,,Ohmic,,788.228515625,16297.0
16299,M6,,Ohmic,,792.9837646484375,16298.0
16300,M6,,Ohmic,,791.0385131835938,16299.0
16301,M6,,Ohmic,,792.5547485351562,16300.0
16302,M6,,Ohmic,,428.37799072265625,16301.0
16303,M6,,Ohmic,,426.1545104980469,16302.0
16304,M6,,Ohmic,,422.1871337890625,15733.0
16310,M6,,Ohmic,,768.3405151367188,16065.0
16311,M6,,Ohmic,,632.8001098632812,16173.0
16313,M6,,Ohmic,,627.50927734375,16312.0
16314,M6,,Ohmic,,630.2479858398438,16312.0
16315,M6,,Ohmic,,630.9607543945312,16311.0
16316,M6,,SW Beam,,634.3563842773438,16315.0
16317,M6,,SW Beam,,632.8159790039062,16316.0
16318,M6,,"2 Beams,SS Beam,SW Beam",,633.0140991210938,16316.0
16319,M6,,"2 Beams,SS Beam,SW Beam",,635.4903564453125,16318.0
16320,M6,,"2 Beams,SS Beam,SW Beam",,632.9765014648438,16318.0
16321,M6,,"2 Beams,SS Beam,SW Beam",,638.0880126953125,16318.0
16322,M6,,"2 Beams,SS Beam,SW Beam",,636.2051391601562,16318.0
16323,M6,,"2 Beams,SS Beam,SW Beam",,634.1708984375,16318.0
16324,M6,,"2 Beams,SS Beam,SW Beam",,636.5222778320312,16318.0
16325,M6,,"2 Beams,SS Beam,SW Beam",,635.7586059570312,16318.0
16326,M6,,"2 Beams,SS Beam,SW Beam",,737.4425048828125,16060.0
16327,M6,,"2 Beams,SS Beam,SW Beam",,731.5545043945312,16060.0
16330,M6,,"2 Beams,SS Beam,SW Beam",,739.3569946289062,16329.0
16338,M6,,Ohmic,,765.614501953125,16065.0
16339,M6,,Ohmic,,726.7467651367188,16246.0
16340,M6,,Ohmic,,727.7205200195312,16246.0
16341,M6,,Ohmic,,722.635498046875,16246.0
16342,M6,,Ohmic,,722.8779907226562,16246.0
16344,M6,,Ohmic,,723.5969848632812,16246.0
16345,M6,,SS Beam,,723.343505859375,16246.0
16346,M6,,SW Beam,,834.6185302734375,16149.0
16347,M6,,SW Beam,,823.373779296875,15770.0
16348,M6,,SW Beam,,496.1580810546875,16347.0
16349,M6,,SW Beam,,1042.0810546875,16348.0
16350,M6,,SW Beam,,1018.4390258789062,16349.0
16352,M6,,SW Beam,,1038.68505859375,16350.0
16353,M6,,"2 Beams,SS Beam,SW Beam",,837.3770141601562,16346.0
16357,M6,,Ohmic,,761.0075073242188,16065.0
16358,M6,,Ohmic,,810.5859985351562,16065.0
16359,M6,,SW Beam,,698.9509887695312,16065.0
16360,M6,,SW Beam,,752.4530029296875,16065.0
16362,M6,,"2 Beams,SS Beam,SW Beam",,862.0560302734375,16065.0
16364,M6,,"2 Beams,SS Beam,SW Beam",,923.7965087890625,16065.0
16367,M6,,"2 Beams,SS Beam,SW Beam",,680.467529296875,16065.0
16368,M6,,"2 Beams,SS Beam,SW Beam",,714.9047241210938,16065.0
16369,M6,,"2 Beams,SS Beam,SW Beam",,841.729248046875,16149.0
16370,M6,,"2 Beams,SS Beam,SW Beam",,836.2144775390625,16149.0
16372,M6,,"2 Beams,SS Beam,SW Beam",,1146.656494140625,14625.0
16373,M6,,"2 Beams,SS Beam,SW Beam",,1150.5899658203125,16372.0
16374,M6,,"2 Beams,SS Beam,SW Beam",,1153.77001953125,16373.0
16375,M6,,"2 Beams,SS Beam,SW Beam",,1143.7685546875,16374.0
16376,M6,,"2 Beams,SS Beam,SW Beam",,1147.9620361328125,16375.0
16377,M6,,"2 Beams,SS Beam,SW Beam",,1137.408447265625,16376.0
16378,M6,,"2 Beams,SS Beam,SW Beam",,1131.239013671875,16377.0
16379,M6,,"2 Beams,SS Beam,SW Beam",,1144.751953125,16378.0
16382,M6,,Ohmic,,758.4199829101562,16065.0
16383,M6,,Ohmic,,626.7454833984375,
16384,M6,,SW Beam,,626.176513671875,
16385,M6,,SW Beam,,629.6122436523438,
16386,M6,,SW Beam,,629.6051025390625,
16387,M6,,SW Beam,,640.3040161132812,
16388,M6,,"2 Beams,SS Beam,SW Beam",,636.238525390625,
16389,M6,,"2 Beams,SS Beam,SW Beam",,661.5640258789062,
16390,M6,,SW Beam,,633.0077514648438,16321.0
16391,M6,,SW Beam,,632.7137451171875,16321.0
16392,M6,,SW Beam,,626.9359741210938,
16394,M6,,SW Beam,,604.6694946289062,
16395,M6,,SW Beam,,606.4614868164062,
16396,M6,,SW Beam,,628.6338500976562,
16397,M6,,SW Beam,,628.5241088867188,
16400,M6,,Ohmic,,766.228515625,16065.0
16402,M6,,SW Beam,,729.7520141601562,16401.0
16403,M6,,SW Beam,,744.6129760742188,16402.0
16404,M6,,SW Beam,,697.1525268554688,16403.0
16406,M6,,SW Beam,,708.458984375,16405.0
16407,M6,,SW Beam,,701.0700073242188,16406.0
16408,M6,,"2 Beams,SS Beam,SW Beam",,701.1472778320312,16407.0
16409,M6,,"2 Beams,SS Beam,SW Beam",,707.1414794921875,16408.0
16411,M6,,"2 Beams,SS Beam,SW Beam",,713.5280151367188,16410.0
16412,M6,,"2 Beams,SS Beam,SW Beam",,701.5672607421875,16411.0
16413,M6,,"2 Beams,SS Beam,SW Beam",,707.572998046875,16412.0
16419,M6,,Ohmic,,761.9224853515625,16065.0
16420,M6,,Ohmic,,724.66650390625,16344.0
16421,M6,,Ohmic,,730.1489868164062,16420.0
16422,M6,,Ohmic,,729.9702758789062,16421.0
16423,M6,,Ohmic,,727.0052490234375,16421.0
16424,M6,,Ohmic,,727.9945068359375,16421.0
16425,M6,,Ohmic,,726.0560302734375,16421.0
16427,M6,,Ohmic,,728.1099853515625,16421.0
16428,M6,,SS Beam,,725.4129028320312,12556.0
16429,M6,,SS Beam,,726.4429931640625,16428.0
16430,M6,,SS Beam,,727.1690063476562,16429.0
16431,M6,,Ohmic,,723.2247314453125,16429.0
16432,M6,,"2 Beams,SS Beam,SW Beam",,659.0444946289062,
16433,M6,,"2 Beams,SS Beam,SW Beam",,632.3638916015625,16397.0
16434,M6,,"2 Beams,SS Beam,SW Beam",,648.646240234375,16391.0
16435,M6,,"2 Beams,SS Beam,SW Beam",,648.4965209960938,16391.0
16437,M6,,Ohmic,,764.7769775390625,16065.0
16441,M6,,Ohmic,,782.1195068359375,16065.0
16442,M6,,"2 Beams,SS Beam,SW Beam",,654.9390258789062,16391.0
16443,M6,,"2 Beams,SS Beam,SW Beam",,654.4730224609375,16391.0
16444,M6,,"2 Beams,SS Beam,SW Beam",,641.2307739257812,16391.0
16445,M6,,"2 Beams,SS Beam,SW Beam",,646.135986328125,16391.0
16446,M6,,"2 Beams,SS Beam,SW Beam",,644.7160034179688,16391.0
16447,M6,,"2 Beams,SS Beam,SW Beam",,647.7839965820312,16391.0
16448,M6,,"2 Beams,SS Beam,SW Beam",,643.9119873046875,16391.0
16449,M6,,"2 Beams,SS Beam,SW Beam",,646.0239868164062,16391.0
16450,M6,,"2 Beams,SS Beam,SW Beam",,637.6986083984375,16391.0
16451,M6,,"2 Beams,SS Beam,SW Beam",,636.4357299804688,16391.0
16452,M6,,"2 Beams,SS Beam,SW Beam",,627.4681396484375,16391.0
16453,M6,,"2 Beams,SS Beam,SW Beam",,762.8889770507812,16271.0
16454,M6,,"2 Beams,SS Beam,SW Beam",,768.3544921875,16271.0
16455,M6,,"2 Beams,SS Beam,SW Beam",,770.7999877929688,16271.0
16456,M6,,"2 Beams,SS Beam,SW Beam",,772.52001953125,16271.0
16457,M6,,"2 Beams,SS Beam,SW Beam",,765.0164794921875,16271.0
16458,M6,,"2 Beams,SS Beam,SW Beam",,766.8359985351562,16271.0
16459,M6,,"2 Beams,SS Beam,SW Beam",,767.1964721679688,16271.0
16460,M6,,"2 Beams,SS Beam,SW Beam",,760.5330200195312,16271.0
16461,M6,,"2 Beams,SS Beam,SW Beam",,752.8697509765625,16460.0
16466,M6,,Ohmic,,760.6284790039062,16465.0
16468,M6,,"2 Beams,SS Beam,SW Beam",,1156.512451171875,16379.0
16469,M6,,"2 Beams,SS Beam,SW Beam",,1125.4110107421875,16468.0
16470,M6,,"2 Beams,SS Beam,SW Beam",,1127.7984619140625,16469.0
16471,M6,,"2 Beams,SS Beam,SW Beam",,1126.5589599609375,16470.0
16472,M6,,SS Beam,,728.1854858398438,16326.0
16473,M6,,SS Beam,,731.2410278320312,16472.0
16474,M6,,SS Beam,,729.9354858398438,16473.0
16475,M6,,SS Beam,,728.8704833984375,16474.0
16476,M6,,SS Beam,,733.9625244140625,16475.0
16477,M6,,SS Beam,,731.8920288085938,16476.0
16478,M6,,SS Beam,,286.0157165527344,16477.0
16479,M6,,SS Beam,,728.47998046875,16478.0
16480,M6,,SS Beam,,731.9425048828125,16479.0
16481,M6,,SS Beam,,833.1724853515625,16353.0
16482,M6,,SS Beam,,834.5180053710938,16481.0
16483,M6,,SS Beam,,731.9395141601562,15809.0
16484,M6,,SS Beam,,734.9860229492188,16483.0
16485,M6,,SS Beam,,636.5394897460938,16065.0
16488,M6,,SS Beam,,939.3905029296875,16482.0
16516,M6,,Ohmic,,11.375187873840332,14770.0
16517,M6,,Ohmic,,12.006064414978027,14770.0
16525,M6,,Ohmic,,20.88661766052246,14131.0
16526,M6,,Ohmic,,20.543968200683594,14135.0
16528,M6,,Ohmic,,20.502155303955078,16527.0
16534,M6,,Ohmic,,216.84353637695312,16533.0
16535,M6,,Ohmic,,257.1116943359375,16534.0
16536,M6,,Ohmic,,260.0009765625,16534.0
16537,M6,,Ohmic,,253.42431640625,16536.0
16540,M6,,Ohmic,,30.212800979614258,16243.0
16541,M6,,Ohmic,,33.239219665527344,13068.0
16542,M6,,Ohmic,,749.4210205078125,16065.0
16543,M6,,Ohmic,,289.3164367675781,16065.0
16544,M6,,Ohmic,,115.9566421508789,16065.0
16548,M6,,Ohmic,,121.05559539794922,16547.0
16549,M6,,Ohmic,,411.9779968261719,16065.0
16551,M6,,Ohmic,,309.3943786621094,16550.0
16552,M6,,Ohmic,,745.6849975585938,16551.0
16553,M6,,Ohmic,,714.6735229492188,16551.0
16567,M6,,Ohmic,,213.28668212890625,16065.0
16568,M6,,Ohmic,,723.2371215820312,16553.0
16571,M6,,Ohmic,,733.2960205078125,16569.0
16572,M6,,Ohmic,,736.061279296875,16569.0
16584,M6,,Ohmic,,608.13623046875,16569.0
16573,M6,,Ohmic,,733.0812377929688,16569.0
16575,M6,,Ohmic,,602.3387451171875,16569.0
16576,M6,,Ohmic,,402.2764587402344,16569.0
16577,M6,,Ohmic,,603.8102416992188,16569.0
16578,M6,,Ohmic,,600.3204956054688,16569.0
16579,M6,,Ohmic,,609.552734375,16569.0
16580,M6,,Ohmic,,380.3298645019531,16569.0
16581,M6,,Ohmic,,619.0071411132812,16569.0
16582,M6,,Ohmic,,610.2349853515625,16569.0
16583,M6,,Ohmic,,620.6018676757812,16569.0
16587,M6,,Ohmic,,628.7025146484375,16584.0
16588,M6,,Ohmic,,613.2144775390625,16587.0
16589,M6,,Ohmic,,608.58251953125,16587.0
16590,M6,,Ohmic,,610.3052368164062,16587.0
16591,M6,,Ohmic,,618.4642333984375,16587.0
16592,M6,,Ohmic,,610.3624877929688,16587.0
16593,M6,,Ohmic,,607.8405151367188,16587.0
16594,M6,,Ohmic,,608.7027587890625,16587.0
16595,M6,,Ohmic,,611.7839965820312,16587.0
16598,M6,,Ohmic,,613.5339965820312,16597.0
16599,M6,,SS Beam,,619.5484008789062,16598.0
16600,M6,,Ohmic,,638.9509887695312,16599.0
16601,M6,,Ohmic,,621.7344970703125,16600.0
16602,M6,,Ohmic,,619.6065063476562,16601.0
16603,M6,,Ohmic,,617.5989990234375,16602.0
16607,M6,,Ohmic,,572.6907348632812,16603.0
16611,M6,,Ohmic,,620.030029296875,16608.0
16615,M6,,Ohmic,,624.771484375,16608.0
16618,M6,,Ohmic,,621.5885009765625,16608.0
16620,M6,,Ohmic,,622.5369873046875,16618.0
16621,M6,,Ohmic,,573.6202392578125,16620.0
16622,M6,,Ohmic,,622.0089721679688,16620.0
16623,M6,,Ohmic,,620.5255126953125,16622.0
16624,M6,,Ohmic,,585.3955078125,16623.0
16627,M6,,Ohmic,,624.968505859375,16624.0
16635,M6,,Ohmic,,620.3515014648438,16611.0
16636,M6,,Ohmic,,620.7584838867188,16635.0
16637,M6,,Ohmic,,621.2449951171875,16636.0
16638,M6,,Ohmic,,618.4705200195312,16636.0
16639,M6,,Ohmic,,621.3195190429688,16636.0
16644,M6,,Ohmic,,620.7224731445312,16639.0
16648,M6,,Ohmic,,624.6810302734375,16644.0
16650,M6,,Ohmic,,621.8469848632812,16648.0
16651,M6,,Ohmic,,620.0540161132812,16650.0
16652,M6,,Ohmic,,620.5040283203125,16651.0
16653,M6,,Ohmic,,618.238525390625,16652.0
16663,M6,,Ohmic,,513.3154907226562,16644.0
16664,M6,,Ohmic,,505.1919860839844,16644.0
16665,M6,,Ohmic,,619.3359985351562,16644.0
16667,M6,,Ohmic,,769.4445190429688,16065.0
16668,M6,,Ohmic,,788.905029296875,16667.0
16669,M6,,Ohmic,,765.7534790039062,16667.0
16671,M6,,Ohmic,,756.248779296875,16667.0
16672,M6,,Ohmic,,22.1644344329834,16667.0
16673,M6,,Ohmic,,760.7999877929688,16672.0
16674,M6,,Ohmic,,762.1950073242188,16672.0
16675,M6,,Ohmic,,759.50048828125,16672.0
16677,M6,,Ohmic,,757.9014892578125,16672.0
16678,M6,,Ohmic,,753.0584716796875,16677.0
16689,M6,,Ohmic,,758.8284912109375,16688.0
16679,M6,,Ohmic,,756.9525146484375,16678.0
16680,M6,,Ohmic,,758.4014892578125,16679.0
16681,M6,,Ohmic,,760.301513671875,16680.0
16682,M6,,Ohmic,,757.906005859375,16681.0
16690,M6,,Ohmic,,760.9769897460938,16689.0
16683,M6,,Ohmic,,760.0360107421875,16682.0
16684,M6,,Ohmic,,760.1829833984375,16683.0
16686,M6,,Ohmic,,758.7979736328125,16685.0
16687,M6,,Ohmic,,759.259521484375,16686.0
16688,M6,,Ohmic,,753.9240112304688,16687.0
16691,M6,,Ohmic,,759.9844970703125,16690.0
16692,M6,,Ohmic,,770.7265014648438,16691.0
16695,M6,,Ohmic,,773.7449951171875,16065.0
16696,M6,,Ohmic,,762.4144897460938,16695.0
16697,M6,,Ohmic,,763.5814819335938,16696.0
16698,M6,,Ohmic,,731.3134765625,16697.0
16699,M6,,Ohmic,,731.0684814453125,16698.0
16700,M6,,Ohmic,,721.75927734375,12556.0
16701,M6,,Ohmic,,420.8733825683594,15729.0
16702,M6,,Ohmic,,421.2657470703125,16701.0
16703,M6,,Ohmic,,422.9487609863281,16702.0
16704,M6,,Ohmic,,421.7596130371094,16702.0
16705,M6,,Ohmic,,417.2464904785156,16702.0
16707,M6,,Ohmic,,418.6991271972656,16702.0
16708,M6,,Ohmic,,419.0713806152344,16702.0
16709,M6,,Ohmic,,779.9085083007812,15169.0
16710,M6,,Ohmic,,373.69580078125,13803.0
16711,M6,,Ohmic,,759.405029296875,13803.0
16712,M6,,Ohmic,,761.6752319335938,13803.0
16713,M6,,Ohmic,,594.695068359375,13803.0
16714,M6,,Ohmic,,522.2062377929688,13803.0
16716,M6,,Ohmic,,741.7055053710938,13803.0
16717,M6,,Ohmic,,399.56866455078125,16702.0
16763,M6,,Ohmic,,11.216046,16751.0
16718,M6,,Ohmic,,738.8351440429688,16702.0
16722,M6,,Ohmic,,730.3145141601562,16698.0
16723,M6,,Ohmic,,729.7625122070312,16698.0
16724,M6,,Ohmic,,730.7860107421875,16698.0
16725,M6,,Ohmic,,783.0170288085938,16709.0
16726,M6,,Ohmic,,782.2312622070312,16709.0
16727,M6,,Ohmic,,781.0430297851562,16709.0
16728,M6,,Ohmic,,781.5570068359375,16727.0
16729,M6,,Ohmic,,701.251220703125,16727.0
16730,M6,,Ohmic,,782.0460205078125,16709.0
16731,M6,,Ohmic,,739.7277221679688,16730.0
16733,M6,,Ohmic,,683.3399047851562,16731.0
16734,M6,,Ohmic,,780.811767578125,16730.0
16735,M6,,Ohmic,,759.8480224609375,16733.0
16736,M6,,Ohmic,,779.5474853515625,16733.0
16737,M6,,Ohmic,,638.3197631835938,16733.0
16738,M6,,Ohmic,,776.9555053710938,16733.0
16743,M6,,Ohmic,,770.2429809570312,16695.0
16745,M6,,Ohmic,,732.343994140625,16722.0
16748,M6,,Ohmic,,732.49951171875,16722.0
16749,M6,,Ohmic,,732.2769775390625,16722.0
16750,M6,,Ohmic,,731.60302734375,16722.0
16776,M6,,Ohmic,,12.79056167602539,16763.0
16754,M6,,Ohmic,,732.39501953125,16722.0
16765,M6,,Ohmic,,11.2528715133667,16751.0
16766,M6,,Ohmic,,11.099592208862305,16751.0
16767,M6,,Ohmic,,12.2512845993042,16751.0
16768,M6,,Ohmic,,12.480441093444824,16751.0
16777,M6,,Ohmic,,12.666211128234863,16776.0
16769,M6,,Ohmic,,417.0895080566406,15733.0
16770,M6,,Ohmic,,416.9932556152344,15729.0
16771,M6,,Ohmic,,430.5660095214844,16770.0
16772,M6,,Ohmic,,10.418513298034668,16768.0
16778,M6,,Ohmic,,24.973703384399414,16777.0
16783,M6,,Ohmic,,12.100508689880371,16768.0
16787,M6,,Ohmic,,415.2721252441406,16769.0
16789,M6,,Ohmic,,414.3326110839844,16787.0
16790,M6,,Ohmic,,414.91912841796875,16789.0
16791,M6,,Ohmic,,414.239013671875,16790.0
16792,M6,,Ohmic,,414.7349853515625,16791.0
16793,M6,,Ohmic,,417.1206359863281,16792.0
16794,M6,,Ohmic,,415.5992431640625,16793.0
16795,M6,,Ohmic,,413.4729919433594,16698.0
16796,M6,,Ohmic,,744.9204711914062,16698.0
16797,M6,,Ohmic,,825.0800170898438,16796.0
16798,M6,,Ohmic,,885.624755859375,16797.0
16799,M6,,Ohmic,,893.2990112304688,16798.0
16801,M6,,Ohmic,,870.5814819335938,16799.0
16802,M6,,Ohmic,,881.7855224609375,16801.0
16804,M6,,Ohmic,,625.1680297851562,16802.0
16805,M6,,Ohmic,,632.8477783203125,16804.0
16808,M6,,Ohmic,,10.517689,16763.0
16810,M6,,Ohmic,,10.146191596984863,16763.0
16812,M6,,Ohmic,,11.2441987991333,16763.0
16817,M6,,Ohmic,,10.384718894958496,16763.0
16818,M6,,Ohmic,,729.0800170898438,16754.0
16820,M6,,Ohmic,,773.365478515625,16819.0
16821,M6,,Ohmic,,560.91552734375,16820.0
16822,M6,,Ohmic,,562.813232421875,16821.0
16823,M6,,Ohmic,,563.93701171875,16822.0
16825,M6,,Ohmic,,567.3104858398438,16823.0
16826,M6,,Ohmic,,565.248779296875,16825.0
16827,M6,,Ohmic,,568.9137573242188,16826.0
16828,M6,,Ohmic,,566.5457763671875,16827.0
16831,M6,,Ohmic,,731.6384887695312,16754.0
16862,M6,,Ohmic,,628.9744873046875,16860.0
16847,M6,,Ohmic,,731.5244750976562,16754.0
16850,M6,,Ohmic,,414.52825927734375,16793.0
16851,M6,,Ohmic,,699.895263671875,15179.0
16852,M6,,Ohmic,,628.094970703125,15179.0
16853,M6,,Ohmic,,628.0232543945312,15179.0
16854,M6,,Ohmic,,630.3825073242188,15179.0
16855,M6,,Ohmic,,630.1597290039062,15179.0
16856,M6,,Ohmic,,630.2472534179688,16855.0
16857,M6,,Ohmic,,630.8512573242188,16856.0
16858,M6,,Ohmic,,629.051513671875,16857.0
16860,M6,,Ohmic,,631.6572265625,16859.0
16863,M6,,Ohmic,,626.4824829101562,16862.0
16864,M6,,Ohmic,,628.010986328125,16863.0
16865,M6,,Ohmic,,632.66650390625,16856.0
16866,M6,,Ohmic,,545.667724609375,16865.0
16867,M6,,Ohmic,,773.9242553710938,16866.0
16868,M6,,Ohmic,,747.4135131835938,16867.0
16869,M6,,Ohmic,,784.9287719726562,16868.0
16913,M6,,Ohmic,,105.46543884277344,16830.0
16914,M6,,Ohmic,,337.77374267578125,16913.0
16915,M6,,Ohmic,,199.2817840576172,16914.0
16917,M6,,Ohmic,,1123.126708984375,16916.0
16918,M6,,Ohmic,,613.3464965820312,16852.0
16919,M6,,Ohmic,,748.5230102539062,16917.0
16920,M6,,Ohmic,,415.7803649902344,16790.0
16921,M6,,Ohmic,,426.47503662109375,16790.0
16922,M6,,Ohmic,,420.3402099609375,16790.0
16923,M6,,Ohmic,,424.2889709472656,16790.0
16924,M6,,Ohmic,,417.5545349121094,16923.0
16925,M6,,SW Beam,,418.45184326171875,16923.0
16927,M6,,SW Beam,,415.6640319824219,16926.0
16928,M6,,SW Beam,,417.657470703125,16927.0
16929,M6,,SW Beam,,423.78704833984375,16928.0
16931,M6,,SW Beam,,426.4864196777344,16930.0
16932,M6,,SW Beam,,418.44927978515625,16931.0
16936,M6,,Ohmic,,732.7764892578125,16722.0
16937,M6,,Ohmic,,741.197021484375,16722.0
16938,M6,,Ohmic,,734.7830200195312,16722.0
17011,M6,,SW Beam,,182.10498046875,16852.0
16939,M6,,Ohmic,,733.6300048828125,16938.0
16940,M6,,Ohmic,,729.52001953125,16939.0
16941,M6,,Ohmic,,728.7760009765625,16940.0
16942,M6,,Ohmic,,737.541015625,16940.0
19187,M7,,Ohmic,,-57.32518768310547,19182.0
16943,M6,,Ohmic,,415.0094909667969,16920.0
16944,M6,,Ohmic,,415.8217468261719,16920.0
16945,M6,,SW Beam,,416.44500732421875,16920.0
16948,M6,,SW Beam,,413.51324462890625,16945.0
16949,M6,,SW Beam,,418.635009765625,16945.0
16950,M6,,SW Beam,,519.5040283203125,16945.0
16951,M6,,SW Beam,,521.9737548828125,16950.0
16952,M6,,SW Beam,,515.6614990234375,16951.0
16953,M6,,SW Beam,,517.2257690429688,16950.0
16954,M6,,SW Beam,,528.6060180664062,16950.0
16955,M6,,SW Beam,,522.1192626953125,16950.0
16956,M6,,SW Beam,,522.9970092773438,16955.0
16957,M6,,SW Beam,,521.250732421875,16955.0
16958,M6,,SW Beam,,515.53173828125,16952.0
16959,M6,,SW Beam,,520.8905029296875,16952.0
16960,M6,,SW Beam,,514.9815063476562,16952.0
16961,M6,,SW Beam,,515.3989868164062,16956.0
16964,M6,,Ohmic,,732.7520141601562,16722.0
16966,M6,,SW Beam,,744.9869995117188,16964.0
16967,M6,,SW Beam,,744.531982421875,16966.0
16968,M6,,SW Beam,,522.3515014648438,16955.0
16969,M6,,SW Beam,,521.8282470703125,16968.0
16970,M6,,SW Beam,,526.0294799804688,16969.0
16971,M6,,Ohmic,,517.1843872070312,16970.0
16972,M6,,SW Beam,,526.0430297851562,16971.0
16973,M6,,SW Beam,,519.072021484375,16972.0
16974,M6,,SW Beam,,423.54449462890625,16973.0
16976,M6,,SW Beam,,736.6494750976562,13369.0
16977,M6,,SW Beam,,736.0590209960938,16976.0
16978,M6,,SW Beam,,738.6389770507812,16977.0
16979,M6,,SW Beam,,746.2894897460938,16977.0
16980,M6,,SW Beam,,730.9094848632812,16979.0
16981,M6,,SW Beam,,738.4765014648438,16980.0
16982,M6,,SW Beam,,719.9140014648438,16981.0
16983,M6,,SW Beam,,720.8740234375,16982.0
16984,M6,,SW Beam,,729.3939819335938,16983.0
16985,M6,,SW Beam,,723.4927368164062,16984.0
16986,M6,,SW Beam,,732.302001953125,16985.0
16987,M6,,SW Beam,,724.5123901367188,16986.0
16988,M6,,SW Beam,,723.9566040039062,16987.0
16989,M6,,SW Beam,,726.9409790039062,16988.0
16990,M6,,SW Beam,,739.6519775390625,16989.0
16991,M6,,SW Beam,,752.2459716796875,16990.0
16992,M6,,SW Beam,,740.9929809570312,16991.0
16993,M6,,SW Beam,,732.3870239257812,16992.0
16994,M6,,SW Beam,,743.1942749023438,16993.0
16995,M6,,SW Beam,,523.4583740234375,16994.0
16996,M6,,SW Beam,,749.1380004882812,16995.0
16999,M6,,Ohmic,,730.4415283203125,16722.0
17000,M6,,SW Beam,,740.0579833984375,16722.0
17001,M6,,SW Beam,,739.5244750976562,16722.0
17002,M6,,SW Beam,,738.5570068359375,16722.0
17003,M6,,SW Beam,,744.7979736328125,16722.0
17004,M6,,SW Beam,,730.583984375,17003.0
17005,M6,,SW Beam,,740.7045288085938,17003.0
17006,M6,,SW Beam,,743.760986328125,17003.0
17007,M6,,SW Beam,,631.1475219726562,16852.0
17008,M6,,SW Beam,,629.010498046875,16852.0
17009,M6,,SW Beam,,624.7722778320312,16852.0
17010,M6,,SW Beam,,629.376220703125,16852.0
17012,M6,,SW Beam,,555.2437744140625,17011.0
17014,M6,,SW Beam,,579.7620239257812,17011.0
17015,M6,,SW Beam,,626.8392333984375,17011.0
17016,M6,,SW Beam,,624.936279296875,17011.0
17018,M6,,SW Beam,,627.7982788085938,17011.0
17021,M6,,Ohmic,,466.1458740234375,15552.0
17022,M6,,Ohmic,,466.9280090332031,15552.0
17024,M6,,Ohmic,,467.0308837890625,15552.0
17028,M6,,Ohmic,,762.6724853515625,16695.0
17029,M6,,SW Beam,,730.7014770507812,16009.0
17030,M6,,SW Beam,,750.7589721679688,16009.0
17032,M6,,SW Beam,,733.343994140625,16009.0
17033,M6,,SW Beam,,733.9185180664062,16009.0
17035,M6,,SW Beam,,734.2847290039062,17033.0
17036,M6,,SW Beam,,737.2520141601562,17035.0
17037,M6,,SW Beam,,737.9940185546875,17035.0
17038,M6,,SW Beam,,736.3665161132812,17035.0
17039,M6,,SW Beam,,734.8280029296875,17035.0
17040,M6,,SW Beam,,732.7734985351562,17035.0
17041,M6,,SW Beam,,736.1119995117188,17035.0
17042,M6,,SW Beam,,735.7645263671875,17035.0
17043,M6,,SW Beam,,737.8955078125,17035.0
17044,M6,,SW Beam,,911.8800048828125,15661.0
17045,M6,,SW Beam,,990.5969848632812,17044.0
17046,M6,,SW Beam,,998.1945190429688,17045.0
17047,M6,,SW Beam,,943.8980102539062,17046.0
17048,M6,,SW Beam,,821.8009033203125,17047.0
17053,M6,,Ohmic,,766.2009887695312,16695.0
17054,M6,,SW Beam,,730.6069946289062,17043.0
18092,M6,,Ohmic,,15.709094047546387,14745.0
17055,M6,,SW Beam,,731.80126953125,17054.0
17056,M6,,SW Beam,,740.1804809570312,17054.0
17057,M6,,SW Beam,,740.1685180664062,17054.0
17058,M6,,SW Beam,,727.5380249023438,17054.0
17059,M6,,SW Beam,,739.8054809570312,17054.0
17062,M6,,Ohmic,,727.20751953125,17038.0
17063,M6,,SW Beam,,722.6790161132812,17038.0
17064,M6,,SW Beam,,735.3095092773438,17063.0
17065,M6,,SW Beam,,727.7575073242188,17062.0
17066,M6,,SW Beam,,730.8462524414062,17065.0
17067,M6,,SW Beam,,734.728515625,17065.0
17068,M6,,SW Beam,,736.9219970703125,17065.0
17069,M6,,SW Beam,,730.2057495117188,17068.0
17070,M6,,SW Beam,,738.187744140625,17069.0
17071,M6,,SW Beam,,736.4614868164062,17069.0
17074,M6,,Ohmic,,763.4500122070312,16695.0
17075,M6,,SW Beam,,736.2575073242188,17071.0
17076,M6,,SW Beam,,735.573486328125,17075.0
17077,M6,,SW Beam,,729.031982421875,17076.0
17078,M6,,SW Beam,,739.134765625,17077.0
17079,M6,,SW Beam,,729.6272583007812,17077.0
17080,M6,,SW Beam,,736.343017578125,17077.0
17081,M6,,SW Beam,,739.0574951171875,17080.0
17082,M6,,SW Beam,,738.5980224609375,17080.0
17083,M6,,SW Beam,,726.59375,17082.0
17085,M6,,SW Beam,,737.9297485351562,17082.0
17086,M6,,SW Beam,,741.0700073242188,17085.0
17087,M6,,SW Beam,,736.863525390625,17086.0
17088,M6,,SW Beam,,737.8900146484375,17086.0
17089,M6,,SW Beam,,736.198974609375,17086.0
17091,M6,,SW Beam,,738.260498046875,17090.0
17092,M6,,SW Beam,,738.759521484375,17091.0
17093,M6,,SW Beam,,735.6929931640625,17092.0
17094,M6,,SW Beam,,736.458740234375,17093.0
17095,M6,,SW Beam,,736.290771484375,17094.0
17096,M6,,SW Beam,,726.0772705078125,17089.0
17097,M6,,SW Beam,,736.0067749023438,17096.0
17098,M6,,SW Beam,,735.16748046875,17097.0
17101,M6,,Ohmic,,760.4545288085938,16695.0
17102,M6,,Ohmic,,700.6329956054688,15179.0
17103,M6,,Ohmic,,162.3318634033203,17102.0
17104,M6,,Ohmic,,582.1276245117188,17102.0
17105,M6,,Ohmic,,710.13427734375,17102.0
17106,M6,,Ohmic,,580.3843994140625,17105.0
17107,M6,,Ohmic,,684.3447265625,17105.0
17108,M6,,Ohmic,,685.5877685546875,17107.0
17109,M6,,Ohmic,,685.4522705078125,17108.0
17110,M6,,"2 Beams,SS Beam,SW Beam",,734.093994140625,17039.0
17111,M6,,SW Beam,,724.2930297851562,17039.0
17112,M6,,SW Beam,,734.4639892578125,17039.0
17113,M6,,SW Beam,,739.0640258789062,17039.0
17115,M6,,SW Beam,,741.4662475585938,17039.0
17116,M6,,SW Beam,,738.7427368164062,17039.0
17117,M6,,SW Beam,,743.0855102539062,17039.0
17118,M6,,SW Beam,,739.748779296875,17039.0
17119,M6,,SW Beam,,740.8765258789062,17039.0
17122,M6,,SW Beam,,740.0027465820312,17039.0
17126,M6,,Ohmic,,762.9454956054688,16695.0
17127,M6,,SW Beam,,731.8902587890625,17113.0
17129,M6,,SW Beam,,729.0997314453125,17113.0
17130,M6,,SW Beam,,739.9169921875,17113.0
17131,M6,,SW Beam,,738.5029907226562,17113.0
17132,M6,,SW Beam,,640.7645263671875,16040.0
17133,M6,,SW Beam,,627.0562744140625,16040.0
17134,M6,,SW Beam,,642.3275146484375,16040.0
17135,M6,,SW Beam,,661.2750244140625,16040.0
17136,M6,,SW Beam,,653.5230102539062,16040.0
17137,M6,,SW Beam,,638.9035034179688,17136.0
17138,M6,,SW Beam,,637.9534912109375,17136.0
17139,M6,,SW Beam,,745.5285034179688,17130.0
17142,M6,,SW Beam,,740.635009765625,16009.0
17143,M6,,SW Beam,,729.3145141601562,16009.0
17146,M6,,SW Beam,,735.4829711914062,17143.0
17147,M6,,SW Beam,,733.2589721679688,17146.0
17148,M6,,SW Beam,,732.6820068359375,17147.0
17149,M6,,SW Beam,,759.4829711914062,17148.0
17150,M6,,SW Beam,,748.926025390625,17149.0
17151,M6,,SW Beam,,754.9439697265625,17150.0
17152,M6,,SW Beam,,728.6767578125,17151.0
17153,M6,,SW Beam,,731.3722534179688,17151.0
17154,M6,,SW Beam,,734.0862426757812,17153.0
17156,M6,,SW Beam,,723.9085083007812,17154.0
17157,M6,,SW Beam,,726.6640014648438,17154.0
17158,M6,,SW Beam,,734.8562622070312,17157.0
17159,M6,,SW Beam,,737.802490234375,17158.0
17162,M6,,Ohmic,,757.646484375,16695.0
17163,M6,,Ohmic,,429.72686767578125,15733.0
17164,M6,,Ohmic,,412.25762939453125,17163.0
17165,M6,,Ohmic,,439.3798828125,17164.0
17166,M6,,Ohmic,,417.0790710449219,17165.0
17167,M6,,Ohmic,,429.156494140625,17165.0
17168,M6,,Ohmic,,415.0530090332031,17167.0
17169,M6,,Ohmic,,416.7250061035156,17167.0
17170,M6,,Ohmic,,416.9772644042969,17167.0
17171,M6,,Ohmic,,416.7309875488281,17167.0
17172,M6,,Ohmic,,416.60400390625,17167.0
17173,M6,,Ohmic,,417.18798828125,17167.0
17174,M6,,Ohmic,,415.8267517089844,17167.0
17175,M6,,Ohmic,,415.1445007324219,17167.0
17176,M6,,Ohmic,,415.7650146484375,17167.0
17177,M6,,Ohmic,,730.0554809570312,17167.0
17178,M6,,Ohmic,,731.0482788085938,17167.0
17180,M6,,Ohmic,,728.2869873046875,17167.0
17181,M6,,Ohmic,,729.5460205078125,17167.0
17182,M6,,Ohmic,,729.11474609375,17167.0
17185,M6,,Ohmic,,764.6199951171875,16695.0
17186,M6,,SW Beam,,740.9739990234375,17142.0
17187,M6,,SW Beam,,733.4525146484375,17142.0
17188,M6,,Ohmic,,729.864013671875,17142.0
17189,M6,,SW Beam,,747.8455200195312,17142.0
17190,M6,,SW Beam,,735.6505126953125,17039.0
17191,M6,,SW Beam,,731.3079833984375,17039.0
17192,M6,,SW Beam,,737.6375122070312,17039.0
17193,M6,,SW Beam,,736.624267578125,17039.0
17194,M6,,SW Beam,,737.614013671875,17039.0
17195,M6,,SW Beam,,737.823974609375,17039.0
17196,M6,,SW Beam,,736.6179809570312,17039.0
17197,M6,,SW Beam,,728.9287719726562,17039.0
17198,M6,,SW Beam,,738.739990234375,17197.0
17199,M6,,SW Beam,,736.9550170898438,17197.0
17200,M6,,SW Beam,,741.2869873046875,17198.0
17201,M6,,SW Beam,,738.4324951171875,17199.0
17202,M6,,SW Beam,,76.73118591308594,17201.0
17203,M6,,SW Beam,,733.9229736328125,17201.0
17204,M6,,SW Beam,,735.3359985351562,17203.0
17205,M6,,SW Beam,,738.9199829101562,17204.0
17206,M6,,SW Beam,,736.1740112304688,17204.0
17207,M6,,SW Beam,,734.6405029296875,17205.0
17208,M6,,SW Beam,,738.1859741210938,17207.0
17210,M6,,SW Beam,,736.4359741210938,17209.0
17212,M6,,SW Beam,,734.2332763671875,17211.0
17213,M6,,SW Beam,,735.9840087890625,17210.0
17214,M6,,SW Beam,,735.2014770507812,17210.0
17215,M6,,SW Beam,,742.6484985351562,17210.0
17216,M6,,SW Beam,,736.3147583007812,17215.0
17217,M6,,SW Beam,,733.5485229492188,17216.0
17218,M6,,SW Beam,,723.9222412109375,17217.0
17260,M6,,Ohmic,,761.4655151367188,16695.0
17261,M6,,Ohmic,,752.2449951171875,17260.0
17262,M6,,Ohmic,,757.79150390625,17260.0
17263,M6,,Ohmic,,425.1919860839844,17172.0
17266,M6,,Ohmic,,417.4261169433594,17264.0
17267,M6,,Ohmic,,332.99700927734375,17266.0
17268,M6,,Ohmic,,322.17401123046875,17266.0
17269,M6,,Ohmic,,284.9104919433594,17268.0
17270,M6,,Ohmic,,346.62200927734375,17268.0
17271,M6,,Ohmic,,322.2282409667969,17268.0
17272,M6,,Ohmic,,321.9166259765625,17268.0
17273,M6,,Ohmic,,259.9051208496094,17272.0
17274,M6,,Ohmic,,256.10125732421875,17273.0
17275,M6,,Ohmic,,253.62550354003906,17274.0
17276,M6,,Ohmic,,162.8874969482422,17275.0
17277,M6,,Ohmic,,163.52105712890625,17276.0
17278,M6,,Ohmic,,163.28274536132812,17277.0
17279,M6,,Ohmic,,161.87387084960938,17278.0
17280,M6,,Ohmic,,159.1439971923828,17279.0
17292,M6,,Ohmic,,762.1209716796875,17262.0
17296,M6,,Ohmic,,13.644585609436035,17295.0
17299,M6,,Ohmic,,12.534576416015625,17298.0
17301,M6,,Ohmic,,771.66650390625,
17302,M6,,Ohmic,,758.6270141601562,17301.0
17303,M6,,Ohmic,,749.9014892578125,17302.0
17304,M6,,Ohmic,,161.22250366210938,17280.0
17305,M6,,Ohmic,,160.75399780273438,17304.0
17306,M6,,Ohmic,,162.31900024414062,17305.0
17307,M6,,Ohmic,,11.46211,17300.0
17308,M6,,Ohmic,,10.241373062133789,17307.0
17309,M6,,Ohmic,,21.565038681030273,17308.0
17310,M6,,Ohmic,,18.69443130493164,17308.0
17313,M6,,Ohmic,,762.3884887695312,17262.0
17314,M6,,Ohmic,,27.917566299438477,17310.0
17315,M6,,Ohmic,,28.317420959472656,17310.0
17316,M6,,Ohmic,,18.327407836914062,17310.0
17317,M6,,Ohmic,,40.180355072021484,17310.0
17318,M6,,Ohmic,,42.039772033691406,17310.0
17319,M6,,Ohmic,,42.522098541259766,17310.0
17320,M6,,Ohmic,,32.05520248413086,17310.0
17321,M6,,SS Beam,,20.655092239379883,17319.0
17322,M6,,SS Beam,,28.94947052001953,17319.0
17323,M6,,SS Beam,,29.907245635986328,17319.0
17324,M6,,SS Beam,,33.574798583984375,17039.0
18096,M6,,Ohmic,,15.21068000793457,16510.0
17325,M6,,Ohmic,,10.114916801452637,17324.0
17329,M6,,Ohmic,,745.5541381835938,17328.0
17330,M6,,Ohmic,,745.7625122070312,17328.0
17331,M6,,Ohmic,,59.73883056640625,17319.0
17332,M6,,Ohmic,,55.09083938598633,17331.0
17333,M6,,Ohmic,,58.380558013916016,17332.0
17334,M6,,Ohmic,,69.95132446289062,17333.0
17335,M6,,Ohmic,,39.1477165222168,17334.0
17336,M6,,Ohmic,,35.51093673706055,17335.0
17337,M6,,Ohmic,,29.334203720092773,17336.0
17338,M6,,Ohmic,,49.949031829833984,17337.0
17339,M6,,Ohmic,,50.396785736083984,17338.0
17342,M6,,Ohmic,,51.780818939208984,17339.0
17343,M6,,Ohmic,,54.72309494018555,17342.0
17344,M6,,Ohmic,,52.939125061035156,17343.0
17345,M6,,Ohmic,,53.585670471191406,17343.0
17348,M6,,Ohmic,,744.5751342773438,17330.0
17349,M6,,Ohmic,,46.65455627441406,17345.0
17351,M6,,Ohmic,,50.59457015991211,17345.0
17380,M6,,Ohmic,,10.348998069763184,17377.0
17353,M6,,Ohmic,,753.8045043945312,17262.0
17354,M6,,Ohmic,,759.989990234375,17262.0
17355,M6,,Ohmic,,757.833984375,17354.0
17356,M6,,Ohmic,,748.6283569335938,17330.0
17357,M6,,Ohmic,,742.6724853515625,17356.0
17363,M6,,Ohmic,,489.2489929199219,17362.0
17364,M6,,Ohmic,,427.5144958496094,17363.0
17371,M6,,Ohmic,,166.7839813232422,15917.0
17373,M6,,Ohmic,,320.94091796875,15917.0
17375,M6,,Ohmic,,314.4712219238281,17373.0
17377,M6,,Ohmic,,287.9679260253906,17375.0
17378,M6,,Ohmic,,360.1679992675781,17377.0
17379,M6,,Ohmic,,765.9771728515625,17377.0
17381,M6,,Ohmic,,734.6187744140625,17129.0
17382,M6,,Ohmic,,745.1357421875,17129.0
17384,M6,,Ohmic,,741.3980102539062,17129.0
17385,M6,,Ohmic,,741.6104736328125,17129.0
17386,M6,,Ohmic,,732.8125,17129.0
17387,M6,,Ohmic,,736.1687622070312,17129.0
17388,M6,,Ohmic,,732.4437255859375,17129.0
17389,M6,,Ohmic,,733.7169799804688,17129.0
17390,M6,,Ohmic,,734.4769897460938,17129.0
17391,M6,,Ohmic,,736.9537353515625,17129.0
17392,M6,,Ohmic,,735.1909790039062,17381.0
17393,M6,,Ohmic,,733.8109741210938,17381.0
17394,M6,,Ohmic,,742.35498046875,17381.0
17400,M6,,Ohmic,,755.8825073242188,17262.0
17405,M6,,SS Beam,,268.53076171875,17377.0
17406,M6,,SS Beam,,268.91094970703125,17377.0
17407,M6,,SS Beam,,743.61474609375,17389.0
17409,M6,,SS Beam,,725.2626342773438,17389.0
17410,M6,,Ohmic,,737.1505126953125,17407.0
17412,M6,,Ohmic,,700.505126953125,17410.0
17414,M6,,Ohmic,,734.365234375,17410.0
17416,M6,,Ohmic,,729.2135009765625,17006.0
17417,M6,,Ohmic,,421.5222473144531,17364.0
17418,M6,,Ohmic,,606.3150024414062,17417.0
17419,M6,,Ohmic,,698.1022338867188,17418.0
17422,M6,,Ohmic,,760.9650268554688,17262.0
17423,M6,,Ohmic,,468.49676513671875,17022.0
17425,M6,,Ohmic,,465.9942626953125,17022.0
17426,M6,,Ohmic,,468.0505065917969,17022.0
17427,M6,,Ohmic,,468.593994140625,17022.0
17429,M6,,Ohmic,,740.17626953125,
17430,M6,,Ohmic,,733.2462768554688,
17431,M6,,Ohmic,,622.0421142578125,
17432,M6,,Ohmic,,729.5640258789062,
17433,M6,,Ohmic,,714.5075073242188,
17434,M6,,Ohmic,,709.0545043945312,
17435,M6,,Ohmic,,712.0880126953125,
17436,M6,,Ohmic,,572.8884887695312,
17437,M6,,Ohmic,,572.249755859375,
17438,M6,,SW Beam,,579.8975219726562,
17439,M6,,SW Beam,,577.0789794921875,17438.0
17440,M6,,SW Beam,,582.427978515625,17439.0
17441,M6,,SW Beam,,710.4107666015625,17435.0
17442,M6,,SW Beam,,710.6405029296875,17441.0
17443,M6,,SW Beam,,705.8994750976562,17442.0
17445,M6,,Ohmic,,578.5969848632812,17444.0
17446,M6,,Ohmic,,575.8722534179688,17445.0
17447,M6,,SW Beam,,590.2822265625,17446.0
17448,M6,,SW Beam,,581.094970703125,17447.0
17449,M6,,SW Beam,,575.1932373046875,17448.0
17450,M6,,Ohmic,,758.156494140625,17262.0
17451,M6,,Ohmic,,756.9194946289062,17028.0
17452,M6,,Ohmic,,925.0955200195312,17451.0
17453,M6,,Ohmic,,823.6224975585938,17452.0
17454,M6,,Ohmic,,825.7722778320312,17453.0
17455,M6,,Ohmic,,930.3690185546875,17454.0
17458,M6,,Ohmic,,765.738525390625,17262.0
17459,M6,,Ohmic,,706.16552734375,15169.0
17460,M6,,Ohmic,,776.4984741210938,15169.0
17461,M6,,Ohmic,,774.3699951171875,15169.0
17462,M6,,Ohmic,,724.8457641601562,17039.0
17463,M6,,SW Beam,,726.39501953125,17462.0
17464,M6,,SW Beam,,738.6857299804688,17462.0
17466,M6,,SW Beam,,739.6719970703125,17039.0
17467,M6,,SW Beam,,738.0230102539062,17039.0
17468,M6,,SW Beam,,734.7147216796875,17464.0
17469,M6,,SW Beam,,738.7982788085938,17464.0
17470,M6,,SW Beam,,740.8209838867188,17464.0
17474,M6,,SW Beam,,735.2435302734375,17470.0
17477,M6,,SW Beam,,737.5747680664062,17470.0
17478,M6,,SW Beam,,736.6854858398438,17470.0
17479,M6,,SW Beam,,738.0349731445312,17470.0
17484,M6,,Ohmic,,768.447021484375,17262.0
17486,M6,,Ohmic,,726.7440185546875,17470.0
17487,M6,,SW Beam,,740.5875244140625,17470.0
17490,M6,,SW Beam,,736.39599609375,17470.0
17491,M6,,SW Beam,,738.2655029296875,17470.0
17492,M6,,SW Beam,,729.238525390625,17470.0
17503,M6,,"2 Beams,SS Beam,SW Beam",,780.9285278320312,17461.0
17506,M6,,Ohmic,,760.2584838867188,17262.0
17507,M6,,SW Beam,,740.7210083007812,17462.0
17508,M6,,SW Beam,,738.5394897460938,17462.0
17509,M6,,SW Beam,,740.1229858398438,17462.0
17510,M6,,SW Beam,,733.1682739257812,17509.0
17511,M6,,"2 Beams,SS Beam,SW Beam",,749.114990234375,17509.0
17512,M6,,"2 Beams,SS Beam,SW Beam",,744.260498046875,17511.0
17513,M6,,SW Beam,,726.3082275390625,17511.0
17514,M6,,SW Beam,,737.4332275390625,17513.0
17515,M6,,SW Beam,,739.4807739257812,17513.0
17516,M6,,SW Beam,,738.7362670898438,17513.0
17517,M6,,SW Beam,,738.4422607421875,17516.0
17518,M6,,SW Beam,,737.9744873046875,17517.0
17519,M6,,SW Beam,,738.7472534179688,17516.0
17520,M6,,Ohmic,,759.5830078125,17451.0
17521,M6,,Ohmic,,762.9915161132812,17520.0
17522,M6,,Ohmic,,766.4215087890625,17521.0
17523,M6,,Ohmic,,758.39697265625,17522.0
17524,M6,,Ohmic,,768.2730102539062,17523.0
17525,M6,,Ohmic,,765.8079833984375,17524.0
17526,M6,,SW Beam,,753.8994750976562,17525.0
17527,M6,,SW Beam,,768.4635009765625,17526.0
17528,M6,,Ohmic,,740.8474731445312,17527.0
17529,M6,,SW Beam,,754.0164794921875,17528.0
17530,M6,,SW Beam,,763.9425048828125,17529.0
17531,M6,,Ohmic,,750.4924926757812,17530.0
17532,M6,,Ohmic,,756.2769775390625,17531.0
17533,M6,,SW Beam,,736.1635131835938,17518.0
17534,M6,,SW Beam,,736.9970092773438,17518.0
17535,M6,,SW Beam,,734.3400268554688,17534.0
17536,M6,,SW Beam,,736.7269897460938,17535.0
17537,M6,,SW Beam,,737.9545288085938,17536.0
17540,M6,,Ohmic,,759.1209716796875,17262.0
17544,M6,,Ohmic,,441.4150085449219,15729.0
17545,M6,,Ohmic,,429.9322509765625,15729.0
17546,M6,,Ohmic,,725.4025268554688,15724.0
17547,M6,,Ohmic,,725.5662231445312,15724.0
17554,M6,,Ohmic,,762.2059936523438,15350.0
17555,M6,,"2 Beams,SS Beam,SW Beam",,734.5595092773438,15839.0
17556,M6,,"2 Beams,SS Beam,SW Beam",,744.5974731445312,17555.0
17557,M6,,"2 Beams,SS Beam,SW Beam",,739.447021484375,17556.0
17558,M6,,"2 Beams,SS Beam,SW Beam",,736.6389770507812,17557.0
17559,M6,,"2 Beams,SS Beam,SW Beam",,734.8939819335938,17558.0
17560,M6,,"2 Beams,SS Beam,SW Beam",,742.989990234375,17559.0
17561,M6,,"2 Beams,SS Beam,SW Beam",,729.9199829101562,17560.0
17562,M6,,"2 Beams,SS Beam,SW Beam",,736.8074951171875,17561.0
17564,M6,,"2 Beams,SS Beam,SW Beam",,734.8414916992188,17561.0
17565,M6,,"2 Beams,SS Beam,SW Beam",,738.052490234375,17564.0
17566,M6,,"2 Beams,SS Beam,SW Beam",,740.906494140625,17565.0
17567,M6,,"2 Beams,SS Beam,SW Beam",,736.0679931640625,17566.0
17568,M6,,"2 Beams,SS Beam,SW Beam",,729.90576171875,17557.0
17571,M6,,Ohmic,,769.0164794921875,17366.0
17572,M6,,"2 Beams,SS Beam,SW Beam",,779.0159912109375,17503.0
17573,M6,,"2 Beams,SS Beam,SW Beam",,792.1024780273438,17503.0
17575,M6,,"2 Beams,SS Beam,SW Beam",,793.7412719726562,17503.0
17576,M6,,"2 Beams,SS Beam,SW Beam",,735.9970092773438,17503.0
17577,M6,,"2 Beams,SS Beam,SW Beam",,740.8972778320312,17503.0
17578,M6,,"2 Beams,SS Beam,SW Beam",,740.1687622070312,17503.0
17579,M6,,"2 Beams,SS Beam,SW Beam",,740.6380004882812,17503.0
17580,M6,,"2 Beams,SS Beam,SW Beam",,752.0294799804688,17503.0
17581,M6,,"2 Beams,SS Beam,SW Beam",,730.531494140625,17503.0
17582,M6,,"2 Beams,SS Beam,SW Beam",,747.7122802734375,17580.0
17583,M6,,"2 Beams,SS Beam,SW Beam",,748.9972534179688,17582.0
17585,M6,,"2 Beams,SS Beam,SW Beam",,1144.8189697265625,16373.0
17586,M6,,"2 Beams,SS Beam,SW Beam",,1159.8375244140625,17585.0
17590,M6,,Ohmic,,758.8519897460938,17262.0
17591,M6,,Ohmic,,838.406982421875,15011.0
17592,M6,,Ohmic,,838.5595092773438,15011.0
17593,M6,,"2 Beams,SS Beam,SW Beam",,838.0289916992188,15011.0
17594,M6,,"2 Beams,SS Beam,SW Beam",,838.3284912109375,15011.0
17595,M6,,"2 Beams,SS Beam,SW Beam",,844.7117309570312,16149.0
17596,M6,,"2 Beams,SS Beam,SW Beam",,848.5130004882812,16149.0
17597,M6,,"2 Beams,SS Beam,SW Beam",,578.4817504882812,17518.0
17598,M6,,"2 Beams,SS Beam,SW Beam",,575.932373046875,17518.0
17599,M6,,"2 Beams,SS Beam,SW Beam",,578.396484375,17518.0
17600,M6,,SS Beam,,569.05224609375,17518.0
17603,M6,,Ohmic,,758.5040283203125,17262.0
17604,M6,,Ohmic,,724.3505249023438,15795.0
17605,M6,,SS Beam,,722.9945068359375,15500.0
17606,M6,,SS Beam,,742.551025390625,17518.0
17607,M6,,SS Beam,,745.5875244140625,17605.0
17609,M6,,SS Beam,,612.4013671875,17608.0
17610,M6,,SS Beam,,739.2579956054688,17583.0
17611,M6,,SS Beam,,734.9254760742188,17583.0
17614,M6,,SS Beam,,737.1322631835938,17583.0
17615,M6,,SS Beam,,743.135986328125,17583.0
17619,M6,,SS Beam,,737.7155151367188,17618.0
17622,M6,,Ohmic,,755.780029296875,17262.0
17624,M6,,SS Beam,,739.8519897460938,17606.0
17625,M6,,SS Beam,,750.322021484375,17606.0
17626,M6,,SS Beam,,751.4844970703125,17606.0
17627,M6,,"2 Beams,SS Beam,SW Beam",,738.6117553710938,17617.0
17629,M6,,"2 Beams,SS Beam,SW Beam",,742.239501953125,17617.0
17633,M6,,"2 Beams,SS Beam,SW Beam",,1149.116455078125,17632.0
17637,M6,,"2 Beams,SS Beam,SW Beam",,1142.0179443359375,17636.0
17638,M6,,"2 Beams,SS Beam,SW Beam",,1155.280517578125,17637.0
17639,M6,,"2 Beams,SS Beam,SW Beam",,1139.5694580078125,17632.0
17641,M6,,"2 Beams,SS Beam,SW Beam",,1146.7705078125,17639.0
17642,M6,,"2 Beams,SS Beam,SW Beam",,1146.1424560546875,17641.0
17645,M6,,Ohmic,,769.0170288085938,17262.0
17646,M6,,Ohmic,,767.0465087890625,17609.0
17647,M6,,SW Beam,,552.1806030273438,17609.0
17648,M6,,SW Beam,,734.0479736328125,17609.0
17649,M6,,"2 Beams,SS Beam,SW Beam",,733.79150390625,17609.0
17650,M6,,"2 Beams,SS Beam,SW Beam",,728.3914794921875,17609.0
17651,M6,,"2 Beams,SS Beam,SW Beam",,742.9580078125,17609.0
17652,M6,,"2 Beams,SS Beam,SW Beam",,617.3944702148438,17609.0
17653,M6,,"2 Beams,SS Beam,SW Beam",,743.5474853515625,17609.0
17654,M6,,"2 Beams,SS Beam,SW Beam",,739.1740112304688,17609.0
17655,M6,,SW Beam,,722.8017578125,17518.0
17656,M6,,SW Beam,,746.5805053710938,17655.0
17657,M6,,SW Beam,,745.4664916992188,17656.0
17658,M6,,SW Beam,,740.1489868164062,17657.0
17659,M6,,SS Beam,,736.5269775390625,17658.0
17660,M6,,SS Beam,,738.8884887695312,17659.0
17661,M6,,SS Beam,,739.5075073242188,17660.0
17663,M6,,SW Beam,,736.5914916992188,17662.0
17664,M6,,"2 Beams,SS Beam,SW Beam",,742.0805053710938,17663.0
17665,M6,,"2 Beams,SS Beam,SW Beam",,738.6710205078125,17664.0
17666,M6,,"2 Beams,SS Beam,SW Beam",,734.9760131835938,17665.0
17667,M6,,"2 Beams,SS Beam,SW Beam",,748.4724731445312,17666.0
17668,M6,,SS Beam,,741.4304809570312,17667.0
17671,M6,,Ohmic,,750.3619995117188,17262.0
17673,M6,,"2 Beams,SS Beam,SW Beam",,749.6712646484375,17580.0
17674,M6,,"2 Beams,SS Beam,SW Beam",,753.2692260742188,17673.0
17675,M6,,Ohmic,,749.2982788085938,17673.0
17676,M6,,"2 Beams,SS Beam,SW Beam",,735.5089721679688,17675.0
17677,M6,,"2 Beams,SS Beam,SW Beam",,733.9500122070312,17676.0
17678,M6,,"2 Beams,SS Beam,SW Beam",,732.155517578125,17677.0
17679,M6,,"2 Beams,SS Beam,SW Beam",,802.6502685546875,17677.0
17680,M6,,"2 Beams,SS Beam,SW Beam",,747.3134765625,17518.0
17681,M6,,SS Beam,,740.7410278320312,17518.0
17682,M6,,"2 Beams,SS Beam,SW Beam",,738.280517578125,17681.0
17683,M6,,"2 Beams,SS Beam,SW Beam",,736.4299926757812,17682.0
17684,M6,,"2 Beams,SS Beam,SW Beam",,896.8572387695312,17683.0
17685,M6,,"2 Beams,SS Beam,SW Beam",,948.760009765625,17683.0
17686,M6,,"2 Beams,SS Beam,SW Beam",,882.7949829101562,17685.0
17689,M6,,"2 Beams,SS Beam,SW Beam",,900.3790283203125,17688.0
17690,M6,,"2 Beams,SS Beam,SW Beam",,738.990234375,17683.0
17691,M6,,"2 Beams,SS Beam,SW Beam",,739.1430053710938,17690.0
17692,M6,,"2 Beams,SS Beam,SW Beam",,774.3364868164062,17521.0
17693,M6,,"2 Beams,SS Beam,SW Beam",,781.5164794921875,17692.0
17695,M6,,"2 Beams,SS Beam,SW Beam",,84.93437194824219,17694.0
17700,M6,,Ohmic,,765.4334716796875,17262.0
17701,M6,,Ohmic,,762.4354858398438,17262.0
17702,M6,,"2 Beams,SS Beam,SW Beam",,733.1934814453125,17678.0
17703,M6,,"2 Beams,SS Beam,SW Beam",,734.5287475585938,17702.0
17704,M6,,"2 Beams,SS Beam,SW Beam",,732.8567504882812,17702.0
17706,M6,,"2 Beams,SS Beam,SW Beam",,748.2062377929688,17704.0
17707,M6,,"2 Beams,SS Beam,SW Beam",,733.7672729492188,17704.0
17708,M6,,"2 Beams,SS Beam,SW Beam",,733.4669799804688,17707.0
17709,M6,,"2 Beams,SS Beam,SW Beam",,735.6475219726562,17707.0
17710,M6,,"2 Beams,SS Beam,SW Beam",,734.6837768554688,17707.0
17711,M6,,"2 Beams,SS Beam,SW Beam",,731.6902465820312,17707.0
17712,M6,,"2 Beams,SS Beam,SW Beam",,733.5492553710938,17707.0
17713,M6,,"2 Beams,SS Beam,SW Beam",,731.5584716796875,17707.0
17714,M6,,"2 Beams,SS Beam,SW Beam",,735.9744873046875,17707.0
17715,M6,,"2 Beams,SS Beam,SW Beam",,732.9522705078125,17707.0
17716,M6,,"2 Beams,SS Beam,SW Beam",,731.1585083007812,17707.0
17717,M6,,"2 Beams,SS Beam,SW Beam",,731.4495239257812,17707.0
17718,M6,,"2 Beams,SS Beam,SW Beam",,769.3125,12843.0
17719,M6,,"2 Beams,SS Beam,SW Beam",,778.0275268554688,12843.0
17720,M6,,"2 Beams,SS Beam,SW Beam",,767.6115112304688,12843.0
17721,M6,,"2 Beams,SS Beam,SW Beam",,803.39501953125,
17722,M6,,SS Beam,,794.822021484375,
17723,M6,,SS Beam,,795.3629760742188,
17724,M6,,SS Beam,,789.717529296875,
17725,M6,,"2 Beams,SS Beam,SW Beam",,794.967529296875,
17726,M6,,"2 Beams,SS Beam,SW Beam",,795.8330078125,
17727,M6,,"2 Beams,SS Beam,SW Beam",,792.6309814453125,
17728,M6,,"2 Beams,SS Beam,SW Beam",,792.5659790039062,
17729,M6,,"2 Beams,SS Beam,SW Beam",,797.8925170898438,
17732,M6,,Ohmic,,766.8709716796875,17262.0
17733,M6,,Ohmic,,611.030029296875,14639.0
17734,M6,,Ohmic,,627.5796508789062,14639.0
17735,M6,,"2 Beams,SS Beam,SW Beam",,629.6537475585938,14639.0
17736,M6,,"2 Beams,SS Beam,SW Beam",,627.0394897460938,14639.0
17737,M6,,"2 Beams,SS Beam,SW Beam",,638.9185180664062,14639.0
17738,M6,,"2 Beams,SS Beam,SW Beam",,632.1019897460938,14639.0
17739,M6,,SW Beam,,629.9298706054688,14639.0
17740,M6,,SW Beam,,628.9452514648438,14639.0
17741,M6,,"2 Beams,SS Beam,SW Beam",,637.0372314453125,14639.0
17742,M6,,"2 Beams,SS Beam,SW Beam",,624.525390625,14639.0
17743,M6,,"2 Beams,SS Beam,SW Beam",,671.489013671875,14639.0
17745,M6,,"2 Beams,SS Beam,SW Beam",,622.8244018554688,17743.0
17746,M6,,"2 Beams,SS Beam,SW Beam",,635.0465087890625,17745.0
17747,M6,,"2 Beams,SS Beam,SW Beam",,624.9100952148438,17746.0
17748,M6,,"2 Beams,SS Beam,SW Beam",,625.287109375,17747.0
17750,M6,,"2 Beams,SS Beam,SW Beam",,624.4340209960938,17749.0
17752,M6,,"2 Beams,SS Beam,SW Beam",,626.2263793945312,17749.0
17756,M6,,Ohmic,,762.1934814453125,17262.0
17757,M6,,Ohmic,,621.0108642578125,17748.0
17758,M6,,Ohmic,,620.5819702148438,17757.0
17759,M6,,"2 Beams,SS Beam,SW Beam",,626.0537719726562,17748.0
17760,M6,,SS Beam,,625.04150390625,17748.0
17761,M6,,"2 Beams,SS Beam,SW Beam",,626.858154296875,17748.0
17762,M6,,"2 Beams,SS Beam,SW Beam",,625.0321044921875,17761.0
17763,M6,,"2 Beams,SS Beam,SW Beam",,624.8599853515625,17761.0
17764,M6,,SS Beam,,622.7489013671875,17761.0
17765,M6,,"2 Beams,SS Beam,SW Beam",,675.54052734375,17764.0
17766,M6,,SW Beam,,625.3145141601562,17761.0
17767,M6,,"2 Beams,SS Beam,SW Beam",,642.3250122070312,17761.0
17768,M6,,"2 Beams,SS Beam,SW Beam",,619.0326538085938,17761.0
17769,M6,,"2 Beams,SS Beam,SW Beam",,210.2222442626953,17768.0
17770,M6,,"2 Beams,SS Beam,SW Beam",,429.3395080566406,17769.0
17771,M6,,"2 Beams,SS Beam,SW Beam",,652.9739990234375,17767.0
17772,M6,,SS Beam,,738.2045288085938,13369.0
17773,M6,,SS Beam,,735.7144775390625,17772.0
17774,M6,,Ohmic,,729.5565185546875,17773.0
17775,M6,,SS Beam,,739.2260131835938,17774.0
17776,M6,,Ohmic,,731.1304931640625,17774.0
17777,M6,,SS Beam,,755.3734741210938,17774.0
17778,M6,,SS Beam,,748.823486328125,17774.0
17779,M6,,SS Beam,,738.8734741210938,17774.0
17780,M6,,SS Beam,,749.3364868164062,17774.0
17781,M6,,SS Beam,,749.0615234375,17774.0
17782,M6,,SS Beam,,738.447509765625,17774.0
17783,M6,,SS Beam,,740.6270141601562,17774.0
17784,M6,,SS Beam,,756.4415283203125,17774.0
17785,M6,,SS Beam,,735.6895141601562,17784.0
17786,M6,,SS Beam,,741.3914794921875,17784.0
17787,M6,,SS Beam,,740.5079956054688,17784.0
17788,M6,,SS Beam,,737.7890014648438,17784.0
17791,M6,,Ohmic,,752.593505859375,17262.0
17792,M6,,Ohmic,,424.3401184082031,15729.0
17793,M6,,Ohmic,,728.5504760742188,17650.0
17794,M6,,SS Beam,,726.5130004882812,17650.0
17795,M6,,SS Beam,,748.3319702148438,17794.0
17796,M6,,SS Beam,,731.3515014648438,17794.0
17797,M6,,SS Beam,,621.1848754882812,17796.0
17798,M6,,SS Beam,,631.5274047851562,17796.0
17799,M6,,SS Beam,,739.5574951171875,17796.0
17800,M6,,SS Beam,,746.08447265625,17796.0
17801,M6,,SS Beam,,741.0980224609375,17800.0
17802,M6,,SS Beam,,739.843017578125,17800.0
17803,M6,,SS Beam,,746.1115112304688,17800.0
17804,M6,,SS Beam,,746.4299926757812,17800.0
17807,M6,,Ohmic,,319.60107421875,17805.0
17808,M6,,Ohmic,,518.0869750976562,17807.0
17809,M6,,Ohmic,,562.6707763671875,17808.0
17810,M6,,Ohmic,,519.1234741210938,17809.0
17811,M6,,Ohmic,,510.5362548828125,17810.0
17812,M6,,SS Beam,,739.5762329101562,17610.0
17813,M6,,SS Beam,,745.64697265625,17812.0
17814,M6,,SS Beam,,739.8820190429688,17813.0
17815,M6,,SS Beam,,729.5454711914062,17813.0
17818,M6,,Ohmic,,469.0731201171875,17423.0
17819,M6,,Ohmic,,468.0556335449219,17423.0
17820,M6,,Ohmic,,468.8472595214844,17423.0
17822,M6,,Ohmic,,438.7715148925781,15729.0
17823,M6,,Ohmic,,439.6025085449219,15729.0
17824,M6,,Ohmic,,484.6054992675781,15729.0
17825,M6,,Ohmic,,476.7950134277344,15729.0
17826,M6,,Ohmic,,496.1495056152344,15729.0
17827,M6,,Ohmic,,728.353759765625,15729.0
17828,M6,,Ohmic,,724.2417602539062,15729.0
17829,M6,,Ohmic,,728.0385131835938,15729.0
17830,M6,,Ohmic,,736.8400268554688,15729.0
17831,M6,,Ohmic,,743.2252197265625,15729.0
17832,M6,,Ohmic,,747.4229736328125,15729.0
17833,M6,,Ohmic,,724.8782348632812,15729.0
17834,M6,,Ohmic,,721.21826171875,15729.0
17835,M6,,Ohmic,,722.6729736328125,15729.0
17836,M6,,Ohmic,,720.02001953125,15729.0
17837,M6,,Ohmic,,718.4597778320312,15729.0
17838,M6,,Ohmic,,721.978515625,15729.0
17839,M6,,Ohmic,,721.3870239257812,15729.0
17840,M6,,Ohmic,,483.87298583984375,15729.0
17841,M6,,Ohmic,,481.42974853515625,15729.0
17844,M6,,Ohmic,,446.4054870605469,17841.0
17845,M6,,Ohmic,,441.1524963378906,17844.0
17847,M6,,Ohmic,,441.11407470703125,17846.0
17848,M6,,Ohmic,,729.0852661132812,15724.0
17849,M6,,SS Beam,,743.04052734375,15724.0
17850,M6,,SS Beam,,742.6939697265625,17849.0
17854,M6,,Ohmic,,756.5330200195312,17815.0
17855,M6,,SS Beam,,734.2902221679688,17854.0
17856,M6,,Ohmic,,731.6002197265625,17855.0
17857,M6,,SS Beam,,740.0684814453125,17856.0
17858,M6,,SS Beam,,739.041015625,17857.0
17859,M6,,SS Beam,,733.5225219726562,17858.0
17860,M6,,SS Beam,,743.5985107421875,17850.0
17861,M6,,SS Beam,,742.9530029296875,17850.0
17862,M6,,SS Beam,,729.823974609375,17850.0
17863,M6,,SS Beam,,739.0374755859375,17862.0
17864,M6,,SS Beam,,741.9254760742188,17863.0
17865,M6,,SS Beam,,740.7630004882812,17863.0
17866,M6,,SS Beam,,740.7620239257812,17865.0
17867,M6,,SS Beam,,737.1215209960938,17866.0
17868,M6,,SS Beam,,742.0684814453125,17867.0
17869,M6,,Ohmic,,715.6209716796875,17867.0
17871,M6,,Ohmic,,723.7367553710938,15727.0
17872,M6,,Ohmic,,724.4744873046875,15727.0
17873,M6,,Ohmic,,727.5242309570312,15727.0
17874,M6,,SS Beam,,494.0079345703125,17815.0
17875,M6,,SS Beam,,472.6191101074219,17815.0
17876,M6,,SS Beam,,737.5047607421875,17815.0
17879,M6,,Ohmic,,751.8955078125,17262.0
17880,M6,,SW Beam,,732.3795166015625,17709.0
17881,M6,,SW Beam,,723.6302490234375,17709.0
17882,M6,,Ohmic,,728.7219848632812,17873.0
17884,M6,,SW Beam,,724.8829956054688,17881.0
17886,M6,,SW Beam,,721.6912231445312,17881.0
17887,M6,,Ohmic,,719.33447265625,17815.0
17888,M6,,"2 Beams,SS Beam,SW Beam",,734.240234375,17886.0
17889,M6,,SW Beam,,761.0914916992188,17888.0
17890,M6,,"2 Beams,SS Beam,SW Beam",,731.8262329101562,17889.0
17892,M6,,Ohmic,,721.0397338867188,16479.0
17893,M6,,Ohmic,,721.181396484375,17892.0
18085,M6,,Ohmic,,10.882453,14730.0
17894,M6,,SS Beam,,737.6937255859375,17893.0
17895,M6,,SS Beam,,742.0615234375,17894.0
17897,M6,,SS Beam,,729.5369873046875,17895.0
18086,M6,,Ohmic,,11.394766,14730.0
17898,M6,,SS Beam,,743.7294921875,17897.0
17899,M6,,SS Beam,,819.7764892578125,17898.0
17900,M6,,SS Beam,,821.52001953125,17899.0
17901,M6,,SS Beam,,743.489501953125,17900.0
17903,M6,,SS Beam,,743.87548828125,17902.0
17904,M6,,SS Beam,,735.6895141601562,17783.0
17905,M6,,Ohmic,,719.8002319335938,17833.0
17906,M6,,Ohmic,,819.8457641601562,17905.0
17909,M6,,Ohmic,,468.3166198730469,17022.0
17910,M6,,Ohmic,,469.4385070800781,17022.0
17911,M6,,SS Beam,,746.6680297851562,17511.0
17912,M6,,SS Beam,,748.0570068359375,17511.0
17913,M6,,Ohmic,,734.3770141601562,17511.0
17915,M6,,SS Beam,,754.6174926757812,17511.0
17916,M6,,SS Beam,,748.875,17511.0
18087,M6,,Ohmic,,13.747601509094238,14739.0
17917,M6,,SS Beam,,748.6749877929688,17511.0
17918,M6,,SS Beam,,751.031005859375,17511.0
17919,M6,,SS Beam,,747.7670288085938,17511.0
17920,M6,,SS Beam,,746.8284912109375,17511.0
17921,M6,,"2 Beams,SS Beam,SW Beam",,739.1607666015625,17683.0
17922,M6,,"2 Beams,SS Beam,SW Beam",,740.5040283203125,17683.0
17923,M6,,Ohmic,,731.6500244140625,17919.0
17924,M6,,SS Beam,,747.8619995117188,17919.0
17925,M6,,SS Beam,,748.1815185546875,17919.0
17928,M6,,Ohmic,,761.4340209960938,17262.0
17929,M6,,"2 Beams,SS Beam,SW Beam",,740.530029296875,17683.0
17930,M6,,"2 Beams,SS Beam,SW Beam",,739.1945190429688,17929.0
17931,M6,,"2 Beams,SS Beam,SW Beam",,739.936279296875,17930.0
17932,M6,,"2 Beams,SS Beam,SW Beam",,741.8917236328125,17931.0
17933,M6,,"2 Beams,SS Beam,SW Beam",,736.0045166015625,17930.0
17934,M6,,"2 Beams,SS Beam,SW Beam",,731.8779907226562,17933.0
17935,M6,,"2 Beams,SS Beam,SW Beam",,731.739013671875,17583.0
17936,M6,,"2 Beams,SS Beam,SW Beam",,733.4147338867188,17935.0
17937,M6,,"2 Beams,SS Beam,SW Beam",,727.7318725585938,17936.0
17938,M6,,SW Beam,,752.7650146484375,17937.0
17939,M6,,"2 Beams,SS Beam,SW Beam",,752.20361328125,17938.0
17941,M6,,"2 Beams,SS Beam,SW Beam",,755.370361328125,17940.0
17942,M6,,"2 Beams,SS Beam,SW Beam",,753.9352416992188,17940.0
17943,M6,,"2 Beams,SS Beam,SW Beam",,714.124267578125,17940.0
17944,M6,,"2 Beams,SS Beam,SW Beam",,745.3603515625,17940.0
17946,M6,,"2 Beams,SS Beam,SW Beam",,446.3397521972656,17940.0
17947,M6,,"2 Beams,SS Beam,SW Beam",,745.0457763671875,17940.0
17948,M6,,Ohmic,,932.5192260742188,16038.0
17949,M6,,SS Beam,,955.9614868164062,16038.0
17950,M6,,SS Beam,,945.4462280273438,16038.0
17951,M6,,"2 Beams,SS Beam,SW Beam",,948.156982421875,16038.0
17952,M6,,"2 Beams,SS Beam,SW Beam",,947.7219848632812,16038.0
17953,M6,,"2 Beams,SS Beam,SW Beam",,938.5205078125,16038.0
17954,M6,,"2 Beams,SS Beam,SW Beam",,1092.5989990234375,17930.0
17957,M6,,Ohmic,,756.0650024414062,17262.0
17958,M6,,Ohmic,,754.740478515625,16460.0
17960,M6,,SW Beam,,747.8060302734375,16460.0
18088,M6,,Ohmic,,-15.873906135559082,14739.0
17962,M6,,SW Beam,,749.968017578125,17912.0
17963,M6,,SS Beam,,745.8140258789062,17912.0
17964,M6,,SS Beam,,764.0349731445312,17912.0
17965,M6,,"2 Beams,SS Beam,SW Beam",,747.8804931640625,17673.0
17966,M6,,"2 Beams,SS Beam,SW Beam",,747.0567626953125,17673.0
17967,M6,,"2 Beams,SS Beam,SW Beam",,747.7897338867188,17673.0
17968,M6,,"2 Beams,SS Beam,SW Beam",,753.603759765625,17673.0
17969,M6,,"2 Beams,SS Beam,SW Beam",,748.1585083007812,17673.0
17970,M6,,"2 Beams,SS Beam,SW Beam",,748.3377685546875,17673.0
17971,M6,,"2 Beams,SS Beam,SW Beam",,739.5770263671875,17683.0
17975,M6,,"2 Beams,SS Beam,SW Beam",,748.8184814453125,17583.0
17976,M6,,"2 Beams,SS Beam,SW Beam",,750.0335083007812,17975.0
17980,M6,,"2 Beams,SS Beam,SW Beam",,735.0117797851562,17936.0
17984,M6,,"2 Beams,SS Beam,SW Beam",,734.9602661132812,17983.0
17989,M6,,Ohmic,,471.1287536621094,17022.0
17990,M6,,Ohmic,,468.2447509765625,17022.0
17991,M6,,SW Beam,,758.2319946289062,16460.0
17992,M6,,SW Beam,,767.7869873046875,17991.0
17993,M6,,"2 Beams,SS Beam,SW Beam",,761.2164916992188,17991.0
17994,M6,,SW Beam,,752.3699951171875,17991.0
17995,M6,,SW Beam,,763.5280151367188,17994.0
17996,M6,,"2 Beams,SS Beam,SW Beam",,762.7052612304688,17994.0
17997,M6,,Ohmic,,674.041748046875,17993.0
17998,M6,,SS Beam,,682.18212890625,17993.0
17999,M6,,"2 Beams,SS Beam,SW Beam",,678.2979736328125,17993.0
18001,M6,,"2 Beams,SS Beam,SW Beam",,654.4354858398438,17999.0
18089,M6,,Ohmic,,-16.248031616210938,14744.0
18002,M6,,"2 Beams,SS Beam,SW Beam",,766.5675048828125,17999.0
18003,M6,,"2 Beams,SS Beam,SW Beam",,764.7260131835938,18002.0
18005,M6,,SS Beam,,736.7050170898438,17557.0
18006,M6,,SS Beam,,739.2849731445312,18005.0
18007,M6,,SS Beam,,732.6409912109375,15839.0
18008,M6,,Ohmic,,724.4340209960938,15839.0
18009,M6,,SS Beam,,765.4310302734375,18008.0
18010,M6,,"2 Beams,SS Beam,SW Beam",,758.0960083007812,18009.0
18011,M6,,SS Beam,,733.4655151367188,18010.0
18012,M6,,SS Beam,,742.7670288085938,18011.0
18013,M6,,"2 Beams,SS Beam,SW Beam",,724.823486328125,18012.0
18014,M6,,"2 Beams,SS Beam,SW Beam",,752.968994140625,18013.0
18015,M6,,SW Beam,,749.5029907226562,18012.0
18019,M6,,Ohmic,,760.7449951171875,17262.0
18020,M6,,"2 Beams,SS Beam,SW Beam",,1147.1500244140625,16375.0
18021,M6,,"2 Beams,SS Beam,SW Beam",,1151.22900390625,16375.0
18022,M6,,"2 Beams,SS Beam,SW Beam",,1148.1910400390625,16375.0
18023,M6,,SW Beam,,1144.3265380859375,18022.0
18024,M6,,"2 Beams,SS Beam,SW Beam",,1147.237060546875,18022.0
18025,M6,,"2 Beams,SS Beam,SW Beam",,1148.81201171875,18022.0
18026,M6,,"2 Beams,SS Beam,SW Beam",,1146.7020263671875,18022.0
18027,M6,,"2 Beams,SS Beam,SW Beam",,1139.8935546875,18026.0
18028,M6,,"2 Beams,SS Beam,SW Beam",,1201.364501953125,18026.0
18029,M6,,"2 Beams,SS Beam,SW Beam",,1148.1634521484375,18026.0
18030,M6,,"2 Beams,SS Beam,SW Beam",,1142.7535400390625,18026.0
18031,M6,,"2 Beams,SS Beam,SW Beam",,1148.135498046875,18026.0
18032,M6,,SS Beam,,1134.1710205078125,18031.0
18033,M6,,SS Beam,,1143.0765380859375,18031.0
18034,M6,,SS Beam,,1152.60498046875,18031.0
18035,M6,,SS Beam,,1140.6710205078125,18031.0
18090,M6,,Ohmic,,15.329421997070312,14744.0
18039,M6,,SS Beam,,732.25,17583.0
18040,M6,,SS Beam,,748.2867431640625,17583.0
18041,M6,,SS Beam,,748.1389770507812,17583.0
18044,M6,,Ohmic,,755.5485229492188,17262.0
18045,M6,,Ohmic,,722.4974975585938,17872.0
18046,M6,,Ohmic,,719.8065185546875,17872.0
18047,M6,,SS Beam,,741.3300170898438,17868.0
18048,M6,,SS Beam,,758.9879760742188,17993.0
18049,M6,,SS Beam,,759.4979858398438,17993.0
18050,M6,,SS Beam,,760.8497314453125,17993.0
18051,M6,,SS Beam,,759.1019897460938,17993.0
18052,M6,,SS Beam,,758.3892211914062,17993.0
18053,M6,,SS Beam,,761.8302612304688,17993.0
18054,M6,,SS Beam,,685.0396118164062,17999.0
18055,M6,,SS Beam,,617.4326171875,17999.0
18056,M6,,SS Beam,,684.2529907226562,17999.0
18057,M6,,SS Beam,,677.0050048828125,17999.0
18058,M6,,SS Beam,,759.6079711914062,17916.0
18059,M6,,SS Beam,,749.9119873046875,17916.0
18061,M6,,SS Beam,,762.0222778320312,18049.0
18062,M6,,SS Beam,,727.7860107421875,18010.0
18063,M6,,SS Beam,,755.698974609375,18062.0
18064,M6,,SS Beam,,760.2839965820312,18063.0
18065,M6,,SS Beam,,773.208984375,18064.0
18066,M6,,SS Beam,,731.6735229492188,18065.0
18067,M6,,SS Beam,,728.8389892578125,18014.0
18068,M6,,SS Beam,,742.1915283203125,18067.0
18070,M6,,SS Beam,,737.4334716796875,18069.0
18071,M6,,SS Beam,,729.323974609375,17654.0
18073,M6,,SS Beam,,690.04052734375,18072.0
18074,M6,,SS Beam,,727.3007202148438,18073.0
18075,M6,,SS Beam,,690.1690063476562,18074.0
18076,M6,,SS Beam,,730.3779907226562,18075.0
18077,M6,,SS Beam,,679.3452758789062,18076.0
18101,M6,,Ohmic,,754.6195068359375,17262.0
18144,M6,,Ohmic,,751.7167358398438,17262.0
18145,M6,,Ohmic,,15.151000022888184,17295.0
18146,M6,,Ohmic,,14.183242797851562,18145.0
18147,M6,,Ohmic,,14.475496292114258,18146.0
18148,M6,,Ohmic,,15.390605926513672,18147.0
18151,M6,,Ohmic,,15.27942180633545,18150.0
18153,M6,,Ohmic,,16.266530990600586,18152.0
18155,M6,,Ohmic,,20.736125946044922,18154.0
18158,M6,,Ohmic,,18.515296936035156,18155.0
18160,M6,,Ohmic,,12.528156,18159.0
18161,M6,,Ohmic,,25.95513343811035,18160.0
18164,M6,,Ohmic,,21.929101943969727,18163.0
18166,M6,,Ohmic,,24.504249572753906,18165.0
18170,M6,,Ohmic,,22.769906997680664,18169.0
18171,M6,,Ohmic,,30.39653205871582,18170.0
18172,M6,,Ohmic,,31.68714141845703,18171.0
18176,M6,,Ohmic,,763.9915161132812,17262.0
18177,M6,,Ohmic,,31.07689094543457,18172.0
18179,M6,,Ohmic,,29.572296142578125,18173.0
18181,M6,,Ohmic,,22.51099967956543,18173.0
18183,M6,,Ohmic,,28.033390045166016,18177.0
18185,M6,,Ohmic,,31.13296127319336,18177.0
18186,M6,,Ohmic,,10.07373046875,18177.0
18187,M6,,Ohmic,,30.509531021118164,18177.0
18188,M6,,Ohmic,,33.00396728515625,18177.0
18189,M6,,Ohmic,,33.311248779296875,18188.0
18203,M6,,Ohmic,,559.2896728515625,17262.0
18205,M6,,Ohmic,,752.0120239257812,17262.0
18207,M6,,Ohmic,,758.16650390625,17722.0
18208,M6,,Ohmic,,760.2835083007812,17722.0
18209,M6,,Ohmic,,754.3002319335938,17722.0
18211,M6,,Ohmic,,738.9872436523438,18210.0
18215,M6,,Ohmic,,11.254046,18189.0
18220,M6,,Ohmic,,762.322998046875,18202.0
18221,M6,,Ohmic,,30.640655517578125,18216.0
18222,M6,,Ohmic,,29.104637145996094,18221.0
18224,M6,,Ohmic,,30.32811737060547,18223.0
18226,M6,,Ohmic,,762.260498046875,18220.0
18228,M6,,Ohmic,,29.596813201904297,18225.0
18233,M6,,Ohmic,,762.9655151367188,18202.0
18234,M6,,Ohmic,,763.916015625,18202.0
18235,M6,,Ohmic,,765.1710205078125,18202.0
18236,M6,,Ohmic,,769.761474609375,18202.0
18238,M6,,Ohmic,,11.139059,18202.0
18240,M6,,SS Beam,,34.289642333984375,18239.0
18241,M6,,SS Beam,,29.253847122192383,18239.0
18242,M6,,SS Beam,,12.858424186706543,18241.0
18243,M6,,SS Beam,,21.077890396118164,18241.0
18244,M6,,SS Beam,,21.065706253051758,18243.0
18245,M6,,SS Beam,,27.684093475341797,18241.0
18246,M6,,SS Beam,,58.521949768066406,18241.0
18249,M6,,SS Beam,,43.4110221862793,18248.0
18250,M6,,SS Beam,,14.540946960449219,18249.0
18253,M6,,SS Beam,,55.22835159301758,18252.0
18254,M6,,SS Beam,,41.47863006591797,18253.0
18255,M6,,SS Beam,,55.58592224121094,18254.0
18256,M6,,SS Beam,,773.9600219726562,18234.0
18259,M6,,Ohmic,,761.9979858398438,18233.0
18260,M6,,Ohmic,,48.20692443847656,18255.0
18261,M6,,Ohmic,,53.68795394897461,18255.0
18263,M6,,Ohmic,,46.52859878540039,18255.0
18265,M6,,Ohmic,,53.80634307861328,18255.0
18266,M6,,SS Beam,,33.75478744506836,18255.0
18267,M6,,SS Beam,,766.6845092773438,18256.0
18274,M6,,SS Beam,,13.68545913696289,18273.0
18268,M6,,SS Beam,,773.8184814453125,18267.0
18269,M6,,Ohmic,,41.83712387084961,18255.0
18271,M6,,SS Beam,,12.35428524017334,18270.0
18276,M6,,SS Beam,,10.779105186462402,18275.0
18280,M6,,SS Beam,,45.00870132446289,18279.0
18281,M6,,SS Beam,,31.638288497924805,18240.0
18286,M6,,Ohmic,,466.96148681640625,17022.0
18288,M6,,Ohmic,,467.90386962890625,18286.0
18289,M6,,Ohmic,,468.2407531738281,18286.0
18290,M6,,Ohmic,,467.3179931640625,18289.0
18291,M6,,SS Beam,,725.2960205078125,17022.0
18292,M6,,SS Beam,,727.0,18291.0
18293,M6,,SS Beam,,728.6279907226562,18292.0
18294,M6,,Ohmic,,714.9812622070312,18293.0
18295,M6,,Ohmic,,-10.1123046875,18294.0
18296,M6,,Ohmic,,714.365478515625,18294.0
18298,M6,,SS Beam,,729.5560302734375,17868.0
18299,M6,,SW Beam,,726.947998046875,18298.0
18300,M6,,"2 Beams,SS Beam,SW Beam",,627.2899780273438,17761.0
18301,M6,,"2 Beams,SS Beam,SW Beam",,630.9089965820312,18300.0
18302,M6,,"2 Beams,SS Beam,SW Beam",,628.9512329101562,18301.0
18303,M6,,"2 Beams,SS Beam,SW Beam",,627.652099609375,18302.0
18304,M6,,"2 Beams,SS Beam,SW Beam",,626.8082275390625,18303.0
18305,M6,,"2 Beams,SS Beam,SW Beam",,627.4647216796875,18304.0
18306,M6,,"2 Beams,SS Beam,SW Beam",,628.3502197265625,18305.0
18307,M6,,"2 Beams,SS Beam,SW Beam",,537.474853515625,18306.0
18309,M6,,"2 Beams,SS Beam,SW Beam",,439.697509765625,18308.0
18310,M6,,"2 Beams,SS Beam,SW Beam",,726.2429809570312,18309.0
18311,M6,,"2 Beams,SS Beam,SW Beam",,840.8460083007812,18310.0
18312,M6,,"2 Beams,SS Beam,SW Beam",,627.4327392578125,18306.0
18313,M6,,"2 Beams,SS Beam,SW Beam",,626.7483520507812,18312.0
18314,M6,,"2 Beams,SS Beam,SW Beam",,626.7130126953125,18313.0
18315,M6,,"2 Beams,SS Beam,SW Beam",,727.5134887695312,18313.0
18318,M6,,Ohmic,,754.1959838867188,17262.0
18319,M6,,Ohmic,,758.3364868164062,17262.0
18320,M6,,Ohmic,,755.08349609375,18319.0
18321,M6,,Ohmic,,752.3524780273438,18319.0
18322,M6,,Ohmic,,749.5814819335938,18319.0
18323,M6,,Ohmic,,752.634521484375,18319.0
18324,M6,,Ohmic,,723.2867431640625,15493.0
18325,M6,,Ohmic,,723.2734985351562,15493.0
18326,M6,,Ohmic,,725.0374755859375,15493.0
18327,M6,,Ohmic,,751.6339721679688,18323.0
18328,M6,,"2 Beams,SS Beam,SW Beam",,623.2525024414062,18313.0
18329,M6,,"2 Beams,SS Beam,SW Beam",,746.9110107421875,17912.0
18330,M6,,"2 Beams,SS Beam,SW Beam",,742.9249877929688,18329.0
18332,M6,,"2 Beams,SS Beam,SW Beam",,758.60302734375,18331.0
18333,M6,,"2 Beams,SS Beam,SW Beam",,744.0079956054688,18332.0
18334,M6,,"2 Beams,SS Beam,SW Beam",,755.4039916992188,18333.0
18335,M6,,"2 Beams,SS Beam,SW Beam",,755.1610107421875,18330.0
18336,M6,,"2 Beams,SS Beam,SW Beam",,493.6103820800781,18335.0
18337,M6,,"2 Beams,SS Beam,SW Beam",,523.0659790039062,18336.0
18338,M6,,"2 Beams,SS Beam,SW Beam",,526.6370239257812,18337.0
18339,M6,,"2 Beams,SS Beam,SW Beam",,524.4788818359375,18338.0
18340,M6,,"2 Beams,SS Beam,SW Beam",,527.0243530273438,18339.0
18342,M6,,"2 Beams,SS Beam,SW Beam",,518.9534912109375,18341.0
18345,M6,,Ohmic,,755.5654907226562,17262.0
18347,M6,,"2 Beams,SS Beam,SW Beam",,679.677490234375,17999.0
18348,M6,,"2 Beams,SS Beam,SW Beam",,681.618896484375,17999.0
18349,M6,,"2 Beams,SS Beam,SW Beam",,691.6605224609375,17999.0
18350,M6,,"2 Beams,SS Beam,SW Beam",,680.2442626953125,17999.0
18351,M6,,"2 Beams,SS Beam,SW Beam",,678.0755004882812,17999.0
18352,M6,,SW Beam,,682.6934814453125,17999.0
18353,M6,,"2 Beams,SS Beam,SW Beam",,689.4390258789062,17999.0
18354,M6,,"2 Beams,SS Beam,SW Beam",,749.1927490234375,17969.0
18355,M6,,"2 Beams,SS Beam,SW Beam",,750.0875244140625,17969.0
18356,M6,,"2 Beams,SS Beam,SW Beam",,749.968505859375,17969.0
18357,M6,,"2 Beams,SS Beam,SW Beam",,744.115478515625,17969.0
18358,M6,,"2 Beams,SS Beam,SW Beam",,742.8330078125,17683.0
18359,M6,,"2 Beams,SS Beam,SW Beam",,745.5570068359375,17683.0
18360,M6,,"2 Beams,SS Beam,SW Beam",,743.5750122070312,17683.0
18361,M6,,"2 Beams,SS Beam,SW Beam",,750.5689697265625,17683.0
18362,M6,,SS Beam,,628.353515625,18057.0
18363,M6,,SS Beam,,695.56201171875,18057.0
18364,M6,,SS Beam,,697.7263793945312,18363.0
18365,M6,,SS Beam,,524.22998046875,18342.0
18366,M6,,"2 Beams,SS Beam,SW Beam",,525.0280151367188,18365.0
18367,M6,,"2 Beams,SS Beam,SW Beam",,747.72998046875,18342.0
18368,M6,,"2 Beams,SS Beam,SW Beam",,756.936767578125,18367.0
18369,M6,,"2 Beams,SS Beam,SW Beam",,763.32177734375,18368.0
18370,M6,,"2 Beams,SS Beam,SW Beam",,760.1234741210938,18369.0
18371,M6,,"2 Beams,SS Beam,SW Beam",,762.010009765625,18370.0
18372,M6,,"2 Beams,SS Beam,SW Beam",,760.238525390625,18371.0
18373,M6,,"2 Beams,SS Beam,SW Beam",,774.6370239257812,18372.0
18374,M6,,"2 Beams,SS Beam,SW Beam",,763.2960205078125,18373.0
18375,M6,,"2 Beams,SS Beam,SW Beam",,754.3674926757812,18374.0
18376,M6,,"2 Beams,SS Beam,SW Beam",,750.6840209960938,18375.0
18383,M6,,Ohmic,,762.0659790039062,17262.0
18386,M6,,"2 Beams,SS Beam,SW Beam",,752.7839965820312,18329.0
18387,M6,,"2 Beams,SS Beam,SW Beam",,746.9520263671875,18386.0
18389,M6,,"2 Beams,SS Beam,SW Beam",,748.2119750976562,18388.0
18390,M6,,"2 Beams,SS Beam,SW Beam",,740.7664794921875,18388.0
18391,M6,,"2 Beams,SS Beam,SW Beam",,750.7349853515625,18388.0
18392,M6,,"2 Beams,SS Beam,SW Beam",,746.5800170898438,18388.0
18393,M6,,"2 Beams,SS Beam,SW Beam",,744.7940063476562,18388.0
18394,M6,,"2 Beams,SS Beam,SW Beam",,748.239013671875,18393.0
18395,M6,,"2 Beams,SS Beam,SW Beam",,743.365478515625,18394.0
18396,M6,,"2 Beams,SS Beam,SW Beam",,759.8270263671875,18395.0
18397,M6,,SW Beam,,1140.553955078125,18029.0
18398,M6,,"2 Beams,SS Beam,SW Beam",,1138.6474609375,18397.0
18399,M6,,"2 Beams,SS Beam,SW Beam",,1148.125,18398.0
18400,M6,,"2 Beams,SS Beam,SW Beam",,1145.2774658203125,18399.0
18401,M6,,"2 Beams,SS Beam,SW Beam",,1150.845947265625,18400.0
18402,M6,,"2 Beams,SS Beam,SW Beam",,1146.0069580078125,18401.0
18403,M6,,"2 Beams,SS Beam,SW Beam",,1146.718017578125,18402.0
18404,M6,,"2 Beams,SS Beam,SW Beam",,1149.1875,18403.0
18405,M6,,"2 Beams,SS Beam,SW Beam",,1140.9945068359375,18404.0
18406,M6,,"2 Beams,SS Beam,SW Beam",,1148.2540283203125,18405.0
18409,M6,,Ohmic,,755.7045288085938,17262.0
18410,M6,,"2 Beams,SS Beam,SW Beam",,527.0748901367188,18376.0
18411,M6,,SW Beam,,752.1530151367188,18376.0
18412,M6,,"2 Beams,SS Beam,SW Beam",,757.1090087890625,18376.0
18413,M6,,"2 Beams,SS Beam,SW Beam",,746.239501953125,18376.0
18415,M6,,"2 Beams,SS Beam,SW Beam",,754.8385009765625,18376.0
18416,M6,,"2 Beams,SS Beam,SW Beam",,952.4719848632812,18415.0
18417,M6,,"2 Beams,SS Beam,SW Beam",,950.2965087890625,18416.0
18418,M6,,"2 Beams,SS Beam,SW Beam",,947.2100219726562,18416.0
18419,M6,,"2 Beams,SS Beam,SW Beam",,739.2680053710938,18415.0
18420,M6,,"2 Beams,SS Beam,SW Beam",,488.12548828125,18419.0
18421,M6,,Ohmic,,731.7310180664062,17857.0
18423,M6,,Ohmic,,728.2797241210938,18422.0
18424,M6,,Ohmic,,730.59326171875,18423.0
18425,M6,,SW Beam,,736.2622680664062,18424.0
18426,M6,,SW Beam,,739.0709838867188,18425.0
18427,M6,,SW Beam,,753.4664916992188,18409.0
18428,M6,,SW Beam,,753.35400390625,18427.0
18431,M6,,Ohmic,,767.1484985351562,17262.0
18432,M6,,SW Beam,,648.0421142578125,18392.0
18433,M6,,SW Beam,,756.8690185546875,18432.0
18434,M6,,"2 Beams,SS Beam,SW Beam",,631.54150390625,18312.0
18435,M6,,SW Beam,,622.9375,18312.0
18436,M6,,"2 Beams,SS Beam,SW Beam",,648.8049926757812,18312.0
18437,M6,,"2 Beams,SS Beam,SW Beam",,1154.240478515625,18029.0
18438,M6,,"2 Beams,SS Beam,SW Beam",,1155.945556640625,18437.0
18440,M6,,"2 Beams,SS Beam,SW Beam",,642.8170166015625,18436.0
18441,M6,,"2 Beams,SS Beam,SW Beam",,695.74951171875,18440.0
18443,M6,,"2 Beams,SS Beam,SW Beam",,626.1300048828125,18441.0
18444,M6,,"2 Beams,SS Beam,SW Beam",,627.9434814453125,18441.0
18445,M6,,"2 Beams,SS Beam,SW Beam",,634.030517578125,18441.0
18446,M6,,"2 Beams,SS Beam,SW Beam",,1149.884521484375,18439.0
18447,M6,,SW Beam,,1152.761474609375,18439.0
18448,M6,,"2 Beams,SS Beam,SW Beam",,1116.5009765625,18439.0
18449,M6,,"2 Beams,SS Beam,SW Beam",,1069.157958984375,18439.0
18450,M6,,"2 Beams,SS Beam,SW Beam",,1040.5035400390625,18439.0
18451,M6,,"2 Beams,SS Beam,SW Beam",,1070.9119873046875,18439.0
18452,M6,,"2 Beams,SS Beam,SW Beam",,1141.51953125,18439.0
18453,M6,,"2 Beams,SS Beam,SW Beam",,1146.77197265625,18439.0
18454,M6,,"2 Beams,SS Beam,SW Beam",,1160.1875,18439.0
18455,M6,,"2 Beams,SS Beam,SW Beam",,682.0817260742188,18433.0
18457,M6,,"2 Beams,SS Beam,SW Beam",,749.5469970703125,18433.0
18462,M6,,Ohmic,,753.7899780273438,17262.0
18463,M6,,"2 Beams,SS Beam,SW Beam",,733.3800048828125,18420.0
18464,M6,,"2 Beams,SS Beam,SW Beam",,733.3984985351562,18420.0
18465,M6,,"2 Beams,SS Beam,SW Beam",,734.3994750976562,18420.0
18466,M6,,"2 Beams,SS Beam,SW Beam",,737.802978515625,18420.0
18467,M6,,SS Beam,,729.1735229492188,18420.0
18468,M6,,"2 Beams,SS Beam,SW Beam",,736.0239868164062,18467.0
18470,M6,,"2 Beams,SS Beam,SW Beam",,743.8104858398438,18469.0
18471,M6,,SS Beam,,723.2625122070312,18470.0
18472,M6,,"2 Beams,SS Beam,SW Beam",,747.4749755859375,18471.0
18473,M6,,"2 Beams,SS Beam,SW Beam",,750.3255004882812,18472.0
18474,M6,,SW Beam,,735.6300048828125,16095.0
18475,M6,,Ohmic,,750.0960083007812,17272.0
18476,M6,,SW Beam,,731.7449951171875,18474.0
18477,M6,,SW Beam,,835.052001953125,16149.0
18478,M6,,"2 Beams,SS Beam,SW Beam",,744.594482421875,18473.0
18479,M6,,"2 Beams,SS Beam,SW Beam",,750.9119873046875,18478.0
18480,M6,,"2 Beams,SS Beam,SW Beam",,728.1582641601562,18479.0
18482,M6,,"2 Beams,SS Beam,SW Beam",,749.1954956054688,18481.0
18483,M6,,SS Beam,,844.46826171875,18477.0
18485,M6,,SW Beam,,833.8882446289062,18484.0
18486,M6,,"2 Beams,SS Beam,SW Beam",,848.3067626953125,18485.0
18487,M6,,"2 Beams,SS Beam,SW Beam",,739.1820068359375,18474.0
18488,M6,,SS Beam,,736.7667236328125,17944.0
18489,M6,,"2 Beams,SS Beam,SW Beam",,739.1279907226562,17939.0
18490,M6,,"2 Beams,SS Beam,SW Beam",,935.8942260742188,17953.0
18491,M6,,"2 Beams,SS Beam,SW Beam",,939.0474853515625,18490.0
18492,M6,,"2 Beams,SS Beam,SW Beam",,750.6434936523438,18412.0
18495,M6,,Ohmic,,752.4044799804688,17262.0
18496,M6,,"2 Beams,SS Beam,SW Beam",,750.6444702148438,18482.0
18497,M6,,"2 Beams,SS Beam,SW Beam",,734.2750244140625,18470.0
18498,M6,,"2 Beams,SS Beam,SW Beam",,738.968505859375,18470.0
18499,M6,,"2 Beams,SS Beam,SW Beam",,759.9509887695312,18370.0
18500,M6,,"2 Beams,SS Beam,SW Beam",,762.646484375,18370.0
18501,M6,,"2 Beams,SS Beam,SW Beam",,742.9635009765625,18470.0
18502,M6,,"2 Beams,SS Beam,SW Beam",,741.2835083007812,18501.0
18503,M6,,SW Beam,,738.5494995117188,18502.0
18504,M6,,Ohmic,,752.2655029296875,17262.0
18505,M6,,"2 Beams,SS Beam,SW Beam",,1196.407470703125,18028.0
18506,M6,,"2 Beams,SS Beam,SW Beam",,1212.4554443359375,18028.0
18509,M6,,Ohmic,,751.1824951171875,17262.0
18510,M6,,Ohmic,,765.2650146484375,17262.0
18511,M6,,SS Beam,,755.4349975585938,18059.0
18512,M6,,"2 Beams,SS Beam,SW Beam",,294.630126953125,18059.0
18513,M6,,Ohmic,,762.177978515625,17262.0
18515,M6,,"2 Beams,SS Beam,SW Beam",,756.3090209960938,18512.0
18517,M6,,"2 Beams,SS Beam,SW Beam",,738.8837280273438,18512.0
18518,M6,,"2 Beams,SS Beam,SW Beam",,740.5157470703125,18512.0
18519,M6,,"2 Beams,SS Beam,SW Beam",,739.8414916992188,18512.0
18520,M6,,"2 Beams,SS Beam,SW Beam",,736.4135131835938,18512.0
18521,M6,,"2 Beams,SS Beam,SW Beam",,747.3042602539062,18518.0
18522,M6,,"2 Beams,SS Beam,SW Beam",,749.9744873046875,18521.0
18523,M6,,"2 Beams,SS Beam,SW Beam",,1144.2149658203125,18402.0
18524,M6,,"2 Beams,SS Beam,SW Beam",,1417.9654541015625,18523.0
18525,M6,,"2 Beams,SS Beam,SW Beam",,1418.4420166015625,18524.0
18526,M6,,"2 Beams,SS Beam,SW Beam",,1310.8780517578125,18525.0
18527,M6,,"2 Beams,SS Beam,SW Beam",,1207.157958984375,18526.0
18529,M6,,"2 Beams,SS Beam,SW Beam",,1226.228515625,18528.0
18530,M6,,"2 Beams,SS Beam,SW Beam",,1249.739013671875,18529.0
18531,M6,,"2 Beams,SS Beam,SW Beam",,1230.2845458984375,18530.0
18532,M6,,"2 Beams,SS Beam,SW Beam",,1239.22705078125,18531.0
18535,M6,,Ohmic,,755.66650390625,17262.0
18536,M6,,"2 Beams,SS Beam,SW Beam",,734.0980224609375,18503.0
18537,M6,,SS Beam,,740.6740112304688,18503.0
18538,M6,,"2 Beams,SS Beam,SW Beam",,735.5020141601562,18503.0
18539,M6,,"2 Beams,SS Beam,SW Beam",,736.3115234375,18503.0
18540,M6,,"2 Beams,SS Beam,SW Beam",,740.4130249023438,18503.0
18541,M6,,"2 Beams,SS Beam,SW Beam",,742.9290161132812,18503.0
18542,M6,,"2 Beams,SS Beam,SW Beam",,744.364013671875,18503.0
18544,M6,,"2 Beams,SS Beam,SW Beam",,740.3037719726562,18503.0
18545,M6,,"2 Beams,SS Beam,SW Beam",,741.9094848632812,18540.0
18546,M6,,"2 Beams,SS Beam,SW Beam",,743.342529296875,18545.0
18547,M6,,"2 Beams,SS Beam,SW Beam",,1136.1505126953125,18029.0
18548,M6,,"2 Beams,SS Beam,SW Beam",,1113.6710205078125,18547.0
18549,M6,,"2 Beams,SS Beam,SW Beam",,1126.521484375,18548.0
18550,M6,,"2 Beams,SS Beam,SW Beam",,1105.614013671875,18549.0
18551,M6,,"2 Beams,SS Beam,SW Beam",,1096.501953125,18550.0
18552,M6,,"2 Beams,SS Beam,SW Beam",,1097.9630126953125,18551.0
18553,M6,,"2 Beams,SS Beam,SW Beam",,1110.53955078125,18552.0
18554,M6,,"2 Beams,SS Beam,SW Beam",,1097.9925537109375,18553.0
18555,M6,,"2 Beams,SS Beam,SW Beam",,275.5360412597656,18554.0
18556,M6,,"2 Beams,SS Beam,SW Beam",,1100.386962890625,18555.0
18557,M6,,"2 Beams,SS Beam,SW Beam",,1098.1190185546875,18556.0
18558,M6,,SW Beam,,943.63623046875,16215.0
18559,M6,,"2 Beams,SS Beam,SW Beam",,934.7684936523438,18558.0
18560,M6,,"2 Beams,SS Beam,SW Beam",,937.9114990234375,18559.0
18563,M6,,Ohmic,,747.5454711914062,17262.0
18564,M6,,SW Beam,,735.1964721679688,17366.0
18565,M6,,SW Beam,,746.218505859375,17366.0
18566,M6,,SS Beam,,728.655517578125,17366.0
18567,M6,,"2 Beams,SS Beam,SW Beam",,742.9935302734375,17366.0
18568,M6,,"2 Beams,SS Beam,SW Beam",,735.2020263671875,17366.0
18569,M6,,SW Beam,,733.8165283203125,17511.0
18570,M6,,SW Beam,,741.2039794921875,18569.0
18571,M6,,SS Beam,,745.1400146484375,18569.0
18573,M6,,SW Beam,,735.6909790039062,18569.0
18574,M6,,SW Beam,,769.4019775390625,17693.0
18575,M6,,"2 Beams,SS Beam,SW Beam",,781.9580078125,17693.0
18576,M6,,"2 Beams,SS Beam,SW Beam",,985.218017578125,18575.0
18578,M6,,"2 Beams,SS Beam,SW Beam",,917.4114990234375,18577.0
18579,M6,,"2 Beams,SS Beam,SW Beam",,745.3982543945312,17441.0
18581,M6,,"2 Beams,SS Beam,SW Beam",,747.72802734375,18579.0
18583,M6,,"2 Beams,SS Beam,SW Beam",,1208.4344482421875,18578.0
18586,M6,,Ohmic,,758.2034912109375,17262.0
18587,M6,,"2 Beams,SS Beam,SW Beam",,747.1430053710938,18354.0
18591,M6,,SW Beam,,745.853759765625,18589.0
18592,M6,,"2 Beams,SS Beam,SW Beam",,753.1220092773438,18589.0
18593,M6,,"2 Beams,SS Beam,SW Beam",,751.6992797851562,18589.0
18594,M6,,SS Beam,,744.8989868164062,18571.0
18595,M6,,SS Beam,,746.6199951171875,18571.0
18596,M6,,SS Beam,,696.4078979492188,18363.0
18597,M6,,SS Beam,,701.77197265625,18363.0
18598,M6,,SS Beam,,692.8106079101562,18363.0
18599,M6,,SS Beam,,693.3118896484375,18363.0
18600,M6,,"2 Beams,SS Beam,SW Beam",,633.0703735351562,18313.0
18601,M6,,"2 Beams,SS Beam,SW Beam",,628.4929809570312,18313.0
18602,M6,,"2 Beams,SS Beam,SW Beam",,627.8916015625,18313.0
18604,M6,,SW Beam,,627.3834838867188,18313.0
18605,M6,,"2 Beams,SS Beam,SW Beam",,1154.032470703125,18029.0
18606,M6,,"2 Beams,SS Beam,SW Beam",,1140.054443359375,18605.0
18607,M6,,"2 Beams,SS Beam,SW Beam",,1146.06396484375,18606.0
18609,M6,,"2 Beams,SS Beam,SW Beam",,1148.175048828125,18608.0
18610,M6,,"2 Beams,SS Beam,SW Beam",,1147.218505859375,18609.0
18611,M6,,"2 Beams,SS Beam,SW Beam",,1142.3079833984375,18610.0
18612,M6,,"2 Beams,SS Beam,SW Beam",,1143.655029296875,18611.0
18613,M6,,"2 Beams,SS Beam,SW Beam",,1143.4644775390625,18612.0
18615,M6,,"2 Beams,SS Beam,SW Beam",,1130.9949951171875,18614.0
18616,M6,,"2 Beams,SS Beam,SW Beam",,1133.9444580078125,18615.0
18617,M6,,"2 Beams,SS Beam,SW Beam",,1135.1815185546875,18616.0
18618,M6,,"2 Beams,SS Beam,SW Beam",,1141.344970703125,18617.0
18619,M6,,"2 Beams,SS Beam,SW Beam",,1130.0460205078125,18618.0
18620,M6,,"2 Beams,SS Beam,SW Beam",,1137.83349609375,18619.0
18626,M6,,Ohmic,,759.3204956054688,17262.0
18627,M6,,"2 Beams,SS Beam,SW Beam",,622.801025390625,18313.0
18628,M6,,"2 Beams,SS Beam,SW Beam",,622.27099609375,18313.0
18629,M6,,SW Beam,,624.95849609375,18313.0
18630,M6,,SS Beam,,623.712646484375,18313.0
18631,M6,,SW Beam,,624.7119750976562,18313.0
18633,M6,,"2 Beams,SS Beam,SW Beam",,625.2429809570312,18314.0
18634,M6,,"2 Beams,SS Beam,SW Beam",,623.7908935546875,18314.0
18635,M6,,SS Beam,,625.635986328125,18314.0
18637,M6,,SS Beam,,620.8165283203125,18314.0
18638,M6,,"2 Beams,SS Beam,SW Beam",,626.0802612304688,18636.0
18639,M6,,"2 Beams,SS Beam,SW Beam",,621.3045043945312,18636.0
18640,M6,,"2 Beams,SS Beam,SW Beam",,626.031982421875,18636.0
18641,M6,,SS Beam,,624.093505859375,18636.0
18642,M6,,SS Beam,,620.7518920898438,18636.0
18643,M6,,"2 Beams,SS Beam,SW Beam",,620.3715209960938,18628.0
18644,M6,,"2 Beams,SS Beam,SW Beam",,628.8264770507812,18628.0
18645,M6,,"2 Beams,SS Beam,SW Beam",,623.4169921875,18644.0
18646,M6,,"2 Beams,SS Beam,SW Beam",,624.3555297851562,18644.0
18647,M6,,"2 Beams,SS Beam,SW Beam",,626.7545166015625,18646.0
18648,M6,,"2 Beams,SS Beam,SW Beam",,625.8300170898438,18646.0
18652,M6,,Ohmic,,116.24618530273438,17262.0
18653,M6,,Ohmic,,79.31658172607422,18652.0
18654,M6,,SS Beam,,622.7059936523438,18644.0
18655,M6,,SS Beam,,622.62548828125,18654.0
18656,M6,,"2 Beams,SS Beam,SW Beam",,630.7305297851562,18655.0
18657,M6,,SW Beam,,625.3369750976562,18656.0
18658,M6,,"2 Beams,SS Beam,SW Beam",,632.3674926757812,18657.0
18659,M6,,"2 Beams,SS Beam,SW Beam",,622.4140014648438,18658.0
18660,M6,,"2 Beams,SS Beam,SW Beam",,626.5549926757812,18659.0
18661,M6,,"2 Beams,SS Beam,SW Beam",,624.4714965820312,18660.0
18662,M6,,"2 Beams,SS Beam,SW Beam",,624.635498046875,18661.0
18664,M6,,"2 Beams,SS Beam,SW Beam",,631.9747314453125,18663.0
18665,M6,,"2 Beams,SS Beam,SW Beam",,636.2379760742188,18656.0
18667,M6,,"2 Beams,SS Beam,SW Beam",,628.083984375,18666.0
18668,M6,,"2 Beams,SS Beam,SW Beam",,623.8090209960938,18644.0
18669,M6,,"2 Beams,SS Beam,SW Beam",,622.9630126953125,18644.0
18670,M6,,"2 Beams,SS Beam,SW Beam",,625.5745239257812,18644.0
18671,M6,,"2 Beams,SS Beam,SW Beam",,622.2794799804688,18644.0
18672,M6,,"2 Beams,SS Beam,SW Beam",,1154.87255859375,18033.0
18673,M6,,"2 Beams,SS Beam,SW Beam",,1141.689453125,18618.0
18674,M6,,"2 Beams,SS Beam,SW Beam",,738.8604736328125,18545.0
18675,M6,,"2 Beams,SS Beam,SW Beam",,739.782470703125,18545.0
18676,M6,,"2 Beams,SS Beam,SW Beam",,744.239990234375,18545.0
18677,M6,,"2 Beams,SS Beam,SW Beam",,739.5695190429688,18545.0
18678,M6,,"2 Beams,SS Beam,SW Beam",,747.9007568359375,17969.0
18679,M6,,"2 Beams,SS Beam,SW Beam",,227.36611938476562,17969.0
18682,M6,,Ohmic,,753.4434814453125,17262.0
18683,M6,,SS Beam,,741.32373046875,17857.0
18684,M6,,Ohmic,,728.6787719726562,18683.0
18685,M6,,SS Beam,,738.7132568359375,18683.0
18686,M6,,SS Beam,,736.93798828125,18685.0
18687,M6,,Ohmic,,419.5527648925781,18686.0
18688,M6,,SW Beam,,740.63525390625,18684.0
18690,M6,,"2 Beams,SS Beam,SW Beam",,742.1295166015625,18688.0
18691,M6,,"2 Beams,SS Beam,SW Beam",,736.2882690429688,18688.0
18693,M6,,"2 Beams,SS Beam,SW Beam",,741.3392333984375,18690.0
18694,M6,,"2 Beams,SS Beam,SW Beam",,630.464111328125,18693.0
18695,M6,,"2 Beams,SS Beam,SW Beam",,745.6124877929688,17944.0
18696,M6,,"2 Beams,SS Beam,SW Beam",,739.0453491210938,18695.0
18697,M6,,"2 Beams,SS Beam,SW Beam",,749.5460205078125,17939.0
18698,M6,,"2 Beams,SS Beam,SW Beam",,756.90576171875,18697.0
18699,M6,,"2 Beams,SS Beam,SW Beam",,725.0045166015625,18698.0
18702,M6,,SS Beam,,853.4352416992188,16149.0
18703,M6,,SW Beam,,847.876220703125,18702.0
18709,M6,,Ohmic,,753.2214965820312,17262.0
18710,M6,,SW Beam,,744.1932373046875,18694.0
18711,M6,,SW Beam,,779.8095092773438,17262.0
18712,M6,,SW Beam,,756.521240234375,17262.0
18713,M6,,"2 Beams,SS Beam,SW Beam",,624.0335083007812,18644.0
18714,M6,,SW Beam,,624.3574829101562,18644.0
18715,M6,,"2 Beams,SS Beam,SW Beam",,625.3505249023438,18644.0
18716,M6,,"2 Beams,SS Beam,SW Beam",,621.155029296875,18644.0
18717,M6,,Ohmic,,713.4514770507812,16290.0
18719,M6,,Ohmic,,717.6229858398438,18718.0
18720,M6,,Ohmic,,712.0902709960938,18719.0
18721,M6,,Ohmic,,715.9632568359375,18720.0
18722,M6,,Ohmic,,711.8257446289062,18721.0
18723,M6,,Ohmic,,504.1059875488281,17824.0
18724,M6,,Ohmic,,479.6210021972656,18723.0
18725,M6,,Ohmic,,495.5299987792969,18724.0
18726,M6,,Ohmic,,480.322509765625,18725.0
18727,M6,,Ohmic,,483.4054870605469,17824.0
18728,M6,,Ohmic,,484.5979919433594,18726.0
18730,M6,,Ohmic,,482.8294982910156,18729.0
18731,M6,,Ohmic,,720.5707397460938,17838.0
18732,M6,,Ohmic,,720.6160278320312,18731.0
18736,M6,,Ohmic,,466.5487365722656,17909.0
18737,M6,,Ohmic,,726.75,17916.0
18738,M6,,SS Beam,,736.6185302734375,18737.0
18739,M6,,SS Beam,,746.27001953125,18737.0
18740,M6,,"2 Beams,SS Beam,SW Beam",,742.8900146484375,18675.0
18741,M6,,"2 Beams,SS Beam,SW Beam",,743.9215087890625,18675.0
18742,M6,,"2 Beams,SS Beam,SW Beam",,740.1669921875,18675.0
18743,M6,,"2 Beams,SS Beam,SW Beam",,742.3412475585938,17969.0
18744,M6,,"2 Beams,SS Beam,SW Beam",,751.7147216796875,17969.0
18745,M6,,"2 Beams,SS Beam,SW Beam",,749.2102661132812,17969.0
18746,M6,,"2 Beams,SS Beam,SW Beam",,626.073486328125,18669.0
18747,M6,,"2 Beams,SS Beam,SW Beam",,625.68701171875,18669.0
18748,M6,,"2 Beams,SS Beam,SW Beam",,624.4569702148438,18669.0
18749,M6,,"2 Beams,SS Beam,SW Beam",,746.9660034179688,17969.0
18750,M6,,"2 Beams,SS Beam,SW Beam",,748.5022583007812,17969.0
18751,M6,,"2 Beams,SS Beam,SW Beam",,742.2007446289062,17969.0
18752,M6,,"2 Beams,SS Beam,SW Beam",,749.646484375,17969.0
18755,M6,,Ohmic,,756.75,17262.0
18756,M6,,Ohmic,,765.9409790039062,18220.0
18757,M6,,Ohmic,,716.4650268554688,18433.0
18758,M6,,Ohmic,,764.3359985351562,18755.0
18759,M6,,Ohmic,,737.4304809570312,18755.0
18760,M6,,Ohmic,,739.8375244140625,18755.0
18762,M6,,Ohmic,,731.8519897460938,18755.0
18763,M6,,Ohmic,,763.2454833984375,18758.0
18764,M6,,Ohmic,,767.948486328125,18758.0
18765,M6,,"2 Beams,SS Beam,SW Beam",,946.7730102539062,18560.0
18767,M6,,"2 Beams,SS Beam,SW Beam",,955.2689819335938,18765.0
18768,M6,,"2 Beams,SS Beam,SW Beam",,940.280029296875,18767.0
18769,M6,,"2 Beams,SS Beam,SW Beam",,949.614501953125,18768.0
18770,M6,,"2 Beams,SS Beam,SW Beam",,740.0380249023438,18741.0
18771,M6,,"2 Beams,SS Beam,SW Beam",,983.6234741210938,18770.0
18772,M6,,"2 Beams,SS Beam,SW Beam",,985.8674926757812,18771.0
18773,M6,,"2 Beams,SS Beam,SW Beam",,990.2789916992188,18772.0
18774,M6,,"2 Beams,SS Beam,SW Beam",,991.760009765625,18773.0
18775,M6,,"2 Beams,SS Beam,SW Beam",,997.66650390625,18774.0
18776,M6,,"2 Beams,SS Beam,SW Beam",,987.6904907226562,18775.0
18777,M6,,"2 Beams,SS Beam,SW Beam",,984.676025390625,18776.0
18778,M6,,"2 Beams,SS Beam,SW Beam",,993.8524780273438,18777.0
18779,M6,,"2 Beams,SS Beam,SW Beam",,990.7479858398438,18778.0
18780,M6,,"2 Beams,SS Beam,SW Beam",,992.2230224609375,18779.0
18783,M6,,Ohmic,,752.5894775390625,17262.0
18784,M6,,"2 Beams,SS Beam,SW Beam",,626.4317626953125,18748.0
18785,M6,,"2 Beams,SS Beam,SW Beam",,625.5665283203125,
18786,M6,,"2 Beams,SS Beam,SW Beam",,636.134521484375,18785.0
18788,M6,,"2 Beams,SS Beam,SW Beam",,632.7139892578125,18787.0
18789,M6,,SW Beam,,647.4400024414062,18788.0
18790,M6,,"2 Beams,SS Beam,SW Beam",,643.45751953125,18789.0
18791,M6,,"2 Beams,SS Beam,SW Beam",,635.1790161132812,18790.0
18792,M6,,SW Beam,,654.0029907226562,18791.0
18793,M6,,"2 Beams,SS Beam,SW Beam",,642.0654907226562,18791.0
18795,M6,,"2 Beams,SS Beam,SW Beam",,744.3629760742188,18545.0
18796,M6,,SW Beam,,736.20947265625,18545.0
18797,M6,,"2 Beams,SS Beam,SW Beam",,742.0230102539062,18545.0
18798,M6,,"2 Beams,SS Beam,SW Beam",,748.0675048828125,18496.0
18799,M6,,"2 Beams,SS Beam,SW Beam",,746.2335205078125,18496.0
18800,M6,,"2 Beams,SS Beam,SW Beam",,1162.801025390625,18583.0
18801,M6,,"2 Beams,SS Beam,SW Beam",,1018.6290283203125,18800.0
18802,M6,,"2 Beams,SS Beam,SW Beam",,867.2785034179688,18801.0
18803,M6,,SW Beam,,630.06298828125,18644.0
18804,M6,,"2 Beams,SS Beam,SW Beam",,631.4835205078125,18803.0
18805,M6,,"2 Beams,SS Beam,SW Beam",,97.01338195800781,18802.0
18806,M6,,SW Beam,,1050.258544921875,18805.0
18807,M6,,"2 Beams,SS Beam,SW Beam",,857.4285278320312,18805.0
18808,M6,,"2 Beams,SS Beam,SW Beam",,626.7160034179688,18803.0
18809,M6,,"2 Beams,SS Beam,SW Beam",,631.6680297851562,18803.0
18810,M6,,"2 Beams,SS Beam,SW Beam",,625.2645263671875,18803.0
18811,M6,,"2 Beams,SS Beam,SW Beam",,624.3150024414062,18803.0
18812,M6,,"2 Beams,SS Beam,SW Beam",,627.6610107421875,18811.0
18816,M6,,Ohmic,,754.0675048828125,17262.0
18817,M6,,"2 Beams,SS Beam,SW Beam",,992.353515625,18780.0
18818,M6,,"2 Beams,SS Beam,SW Beam",,585.1427612304688,18780.0
18819,M6,,"2 Beams,SS Beam,SW Beam",,586.698974609375,18780.0
18820,M6,,"2 Beams,SS Beam,SW Beam",,623.5131225585938,18780.0
18821,M6,,"2 Beams,SS Beam,SW Beam",,622.3017578125,18780.0
18822,M6,,"2 Beams,SS Beam,SW Beam",,621.7418823242188,18780.0
18823,M6,,"2 Beams,SS Beam,SW Beam",,630.9290161132812,18780.0
18824,M6,,"2 Beams,SS Beam,SW Beam",,629.4937744140625,18780.0
18825,M6,,"2 Beams,SS Beam,SW Beam",,629.4677734375,18780.0
18826,M6,,"2 Beams,SS Beam,SW Beam",,628.9929809570312,18780.0
18827,M6,,"2 Beams,SS Beam,SW Beam",,629.3202514648438,18780.0
18828,M6,,"2 Beams,SS Beam,SW Beam",,623.3076171875,18780.0
18829,M6,,"2 Beams,SS Beam,SW Beam",,623.9605102539062,18780.0
18830,M6,,"2 Beams,SS Beam,SW Beam",,623.3289794921875,18780.0
18831,M6,,"2 Beams,SS Beam,SW Beam",,945.0900268554688,18768.0
18834,M6,,Ohmic,,721.6902465820312,17836.0
18835,M6,,Ohmic,,720.1920166015625,17838.0
18836,M6,,SS Beam,,722.0064697265625,18299.0
18837,M6,,SS Beam,,695.5689697265625,18596.0
18840,M6,,Ohmic,,718.0369873046875,18835.0
18841,M6,,SS Beam,,695.3013916015625,18363.0
18842,M6,,SS Beam,,697.3784790039062,18841.0
18843,M6,,Ohmic,,769.3729858398438,17461.0
18844,M6,,Ohmic,,763.2979736328125,17461.0
18845,M6,,Ohmic,,759.4854736328125,17461.0
18846,M6,,Ohmic,,759.385498046875,17461.0
18847,M6,,Ohmic,,759.5269775390625,17461.0
18848,M6,,Ohmic,,763.2554931640625,17461.0
18849,M6,,Ohmic,,759.6494750976562,17461.0
18850,M6,,Ohmic,,770.0430297851562,17461.0
18851,M6,,SS Beam,,771.2559814453125,17461.0
18854,M6,,Ohmic,,758.00048828125,17262.0
18855,M6,,"2 Beams,SS Beam,SW Beam",,719.56298828125,17443.0
18856,M6,,"2 Beams,SS Beam,SW Beam",,216.56155395507812,18855.0
18858,M6,,"2 Beams,SS Beam,SW Beam",,714.20751953125,18855.0
18859,M6,,"2 Beams,SS Beam,SW Beam",,756.6820068359375,18855.0
18860,M6,,"2 Beams,SS Beam,SW Beam",,710.2645263671875,18859.0
18861,M6,,SW Beam,,712.2244873046875,18860.0
18862,M6,,"2 Beams,SS Beam,SW Beam",,747.4739990234375,18861.0
18863,M6,,"2 Beams,SS Beam,SW Beam",,748.5155029296875,18862.0
18864,M6,,"2 Beams,SS Beam,SW Beam",,705.1607666015625,18863.0
18866,M6,,"2 Beams,SS Beam,SW Beam",,628.989013671875,18812.0
18867,M6,,"2 Beams,SS Beam,SW Beam",,628.8375244140625,18866.0
18868,M6,,"2 Beams,SS Beam,SW Beam",,623.0180053710938,18867.0
18869,M6,,"2 Beams,SS Beam,SW Beam",,619.8165283203125,18868.0
18870,M6,,"2 Beams,SS Beam,SW Beam",,628.2664794921875,18869.0
18871,M6,,"2 Beams,SS Beam,SW Beam",,633.5714721679688,18870.0
18872,M6,,"2 Beams,SS Beam,SW Beam",,630.5499877929688,18871.0
18873,M6,,"2 Beams,SS Beam,SW Beam",,632.5070190429688,18872.0
18874,M6,,"2 Beams,SS Beam,SW Beam",,627.02197265625,18873.0
18875,M6,,"2 Beams,SS Beam,SW Beam",,819.89501953125,18578.0
18876,M6,,"2 Beams,SS Beam,SW Beam",,926.4014892578125,18875.0
18877,M6,,"2 Beams,SS Beam,SW Beam",,920.3109741210938,18876.0
18878,M6,,"2 Beams,SS Beam,SW Beam",,626.6055297851562,18870.0
18879,M6,,"2 Beams,SS Beam,SW Beam",,628.968017578125,18878.0
18882,M6,,Ohmic,,757.4869995117188,17262.0
18883,M6,,SS Beam,,856.8884887695312,16149.0
18884,M6,,SS Beam,,856.1417236328125,16149.0
18885,M6,,SS Beam,,839.259521484375,16149.0
18886,M6,,SS Beam,,841.3955078125,16149.0
18889,M6,,Ohmic,,705.7294921875,18861.0
18890,M6,,Ohmic,,565.9035034179688,18760.0
18891,M6,,Ohmic,,489.5989990234375,18760.0
18892,M6,,SS Beam,,761.7119750976562,17531.0
18894,M6,,SS Beam,,757.907470703125,17531.0
18895,M6,,SS Beam,,775.4025268554688,17531.0
18896,M6,,"2 Beams,SS Beam,SW Beam",,760.5120239257812,17531.0
18897,M6,,"2 Beams,SS Beam,SW Beam",,757.7374877929688,18896.0
18898,M6,,"2 Beams,SS Beam,SW Beam",,776.261474609375,18896.0
18899,M6,,SW Beam,,763.5885009765625,18896.0
18900,M6,,"2 Beams,SS Beam,SW Beam",,771.1240234375,18899.0
18901,M6,,"2 Beams,SS Beam,SW Beam",,761.426513671875,18899.0
18902,M6,,"2 Beams,SS Beam,SW Beam",,728.9569702148438,18567.0
18903,M6,,SS Beam,,733.9609985351562,18902.0
18908,M6,,Ohmic,,754.4840087890625,17262.0
18910,M6,,SS Beam,,951.8809814453125,18832.0
18911,M6,,SS Beam,,940.7890014648438,18832.0
18916,M6,,SS Beam,,942.0020141601562,18832.0
18917,M6,,SS Beam,,684.6339721679688,18833.0
18918,M6,,SS Beam,,687.6619873046875,18833.0
18919,M6,,SS Beam,,638.0484008789062,18833.0
18920,M6,,SS Beam,,951.3775024414062,18832.0
18921,M6,,SS Beam,,915.8147583007812,18920.0
18922,M6,,SS Beam,,949.1849975585938,18920.0
18923,M6,,SS Beam,,926.1530151367188,18922.0
18929,M6,,SS Beam,,536.0451049804688,18928.0
18930,M6,,Ohmic,,932.677978515625,18929.0
18931,M6,,SS Beam,,940.926025390625,18930.0
18932,M6,,SS Beam,,936.7169799804688,18931.0
18933,M6,,Ohmic,,754.6224975585938,17262.0
18934,M6,,Ohmic,,755.7324829101562,18933.0
18935,M6,,Ohmic,,748.9835205078125,18934.0
18936,M6,,Ohmic,,404.3878173828125,18935.0
18939,M6,,Ohmic,,756.031005859375,18938.0
18940,M6,,Ohmic,,756.3284912109375,18939.0
19040,M7,,Ohmic,,10.170531,
19044,M7,,Ohmic,,12.863905906677246,14723.0
19045,M7,,Ohmic,,12.091937065124512,19044.0
19046,M7,,Ohmic,,12.776719093322754,19044.0
19047,M7,,Ohmic,,12.584390640258789,19046.0
19050,M7,,Ohmic,,12.637812614440918,19046.0
19052,M7,,Ohmic,,12.845108985900879,19050.0
19054,M7,,Ohmic,,12.6771879196167,19052.0
19055,M7,,Ohmic,,15.004405975341797,14730.0
19056,M7,,Ohmic,,14.727531433105469,14730.0
19057,M7,,Ohmic,,14.857218742370605,14730.0
19058,M7,,Ohmic,,10.296609,19043.0
19059,M7,,Ohmic,,14.461843490600586,19058.0
19090,M7,,Ohmic,,30.97359848022461,19089.0
19092,M7,,Ohmic,,50.574920654296875,19090.0
19094,M7,,Ohmic,,59.501861572265625,19092.0
19095,M7,,Ohmic,,59.20354461669922,19094.0
19097,M7,,Ohmic,,19.65676498413086,19096.0
19098,M7,,Ohmic,,19.618640899658203,19097.0
19099,M7,,Ohmic,,20.362594604492188,19098.0
19100,M7,,Ohmic,,19.77096939086914,19099.0
19103,M7,,Ohmic,,19.710952758789062,19102.0
19104,M7,,Ohmic,,20.32729721069336,19103.0
19105,M7,,Ohmic,,20.371891021728516,19104.0
19106,M7,,Ohmic,,19.4001407623291,19105.0
19107,M7,,Ohmic,,20.05262565612793,19106.0
19108,M7,,Ohmic,,20.418907165527344,19107.0
19109,M7,,Ohmic,,20.378202438354492,19108.0
19112,M7,,Ohmic,,10.161843,19111.0
19114,M7,,Ohmic,,-11.142794609069824,19113.0
19122,M7,,Ohmic,,10.067797,19111.0
19142,M7,,Ohmic,,33.887046813964844,16510.0
19145,M7,,Ohmic,,32.44801330566406,19144.0
19146,M7,,Ohmic,,38.77230453491211,19145.0
19147,M7,,Ohmic,,45.427146911621094,19146.0
19148,M7,,Ohmic,,53.29686737060547,19147.0
19149,M7,,Ohmic,,52.79821014404297,19148.0
19150,M7,,Ohmic,,59.049468994140625,19149.0
19151,M7,,Ohmic,,59.4666633605957,19149.0
19152,M7,,Ohmic,,59.79570388793945,16492.0
19167,M7,,Ohmic,,142.94166564941406,19094.0
19169,M7,,Ohmic,,143.31373596191406,19094.0
19173,M7,,Ohmic,,142.5580291748047,19169.0
19182,M7,,Ohmic,,-57.1127815246582,16178.0
19189,M7,,Ohmic,,-57.23406219482422,19187.0
19230,M7,,Ohmic,,34.18367004394531,14097.0
19240,M7,,Ohmic,,49.211875915527344,14097.0
19241,M7,,Ohmic,,65.12410736083984,14097.0
19242,M7,,Ohmic,,106.30487823486328,14097.0
19243,M7,,Ohmic,,106.22100067138672,14097.0
19244,M7,,Ohmic,,106.13524627685547,14097.0
19264,M7,,Ohmic,,72.27825927734375,19263.0
19267,M7,,Ohmic,,76.67768859863281,19266.0
19272,M7,,Ohmic,,-144.77975463867188,19271.0
19274,M7,,Ohmic,,-113.97992706298828,19273.0
19279,M7,,Ohmic,,123.7919921875,19276.0
19290,M7,,Ohmic,,116.87535095214844,19285.0
19298,M7,,Ohmic,,404.18231201171875,19297.0
19325,M7,,Ohmic,,25.793193817138672,14089.0
19335,M7,,Ohmic,,-26.052152633666992,14074.0
19336,M7,,Ohmic,,-17.31611442565918,19335.0
19344,M7,,Ohmic,,10.649027,19235.0
19348,M7,,Ohmic,,29.044300079345703,16177.0
19352,M7,,Ohmic,,521.6917724609375,16552.0
19354,M7,,Ohmic,,147.93618774414062,19353.0
19356,M7,,Ohmic,,415.8320007324219,19355.0
19374,M7,,Ohmic,,598.0980224609375,19356.0
19375,M7,,Ohmic,,529.4353637695312,19374.0
19382,M7,,Ohmic,,566.58447265625,19356.0
19385,M7,,Ohmic,,680.16748046875,19356.0
19386,M7,,Ohmic,,527.0335083007812,19385.0
19387,M7,,Ohmic,,538.6785278320312,19386.0
19388,M7,,Ohmic,,512.4605102539062,19386.0
19389,M7,,Ohmic,,542.0641479492188,19388.0
19391,M7,,Ohmic,,529.12548828125,19388.0
19392,M7,,Ohmic,,511.8965148925781,19388.0
19393,M7,,Ohmic,,505.8380126953125,19392.0
19396,M7,,Ohmic,,551.6576538085938,19395.0
19401,M7,,Ohmic,,507.0845031738281,19396.0
19402,M7,,SS Beam,,508.1875,19396.0
19405,M7,,SS Beam,,506.2464904785156,19396.0
19408,M7,,SS Beam,,502.6675109863281,19396.0
19409,M7,,SS Beam,,505.61199951171875,19396.0
19410,M7,,SS Beam,,521.6357421875,19396.0
19413,M7,,SS Beam,,519.5714721679688,19396.0
19414,M7,,Ohmic,,510.0054931640625,19396.0
19415,M7,,SS Beam,,525.853759765625,19396.0
19417,M7,,SS Beam,,525.1173706054688,19396.0
19419,M7,,Ohmic,,511.6862487792969,19417.0
19420,M7,,SS Beam,,525.8207397460938,19417.0
19421,M7,,SS Beam,,532.2367553710938,19417.0
19422,M7,,SS Beam,,586.7366333007812,19417.0
19425,M7,,Ohmic,,527.3159790039062,19417.0
19427,M7,,Ohmic,,523.6202392578125,19417.0
19428,M7,,Ohmic,,525.3200073242188,19417.0
19430,M7,,SS Beam,,532.2221069335938,19417.0
19432,M7,,SS Beam,,537.6966552734375,19417.0
19434,M7,,Ohmic,,536.4244995117188,19417.0
19439,M7,,Ohmic,,523.8740234375,19417.0
19450,M7,,Ohmic,,500.3997497558594,19401.0
19452,M7,,Ohmic,,397.8263854980469,19451.0
19453,M7,,Ohmic,,515.6113891601562,19452.0
19454,M7,,Ohmic,,522.5458984375,19453.0
19455,M7,,Ohmic,,522.458740234375,19454.0
19456,M7,,Ohmic,,-91.86994171142578,19455.0
19460,M7,,Ohmic,,590.5595092773438,19456.0
19461,M7,,Ohmic,,602.6409912109375,19460.0
19462,M7,,Ohmic,,589.9917602539062,19461.0
19463,M7,,Ohmic,,585.6334838867188,19462.0
19465,M7,,Ohmic,,590.1487426757812,19464.0
19466,M7,,SS Beam,,608.1532592773438,13369.0
19467,M7,,SS Beam,,749.3569946289062,19466.0
19468,M7,,SS Beam,,752.3040161132812,19467.0
19469,M7,,SS Beam,,768.6742553710938,19468.0
19472,M7,,SS Beam,,753.7069702148438,19471.0
19473,M7,,SS Beam,,746.7135009765625,19472.0
19474,M7,,Ohmic,,724.2954711914062,19473.0
19477,M7,,Ohmic,,722.9774780273438,19476.0
19484,M7,,Ohmic,,269.03363037109375,18907.0
19485,M7,,Ohmic,,569.0982666015625,18907.0
19486,M7,,SS Beam,,749.6535034179688,19477.0
19487,M7,,SS Beam,,749.1094970703125,19477.0
19490,M7,,SS Beam,,745.6630249023438,19477.0
19491,M7,,SS Beam,,732.989990234375,19477.0
19492,M7,,SS Beam,,743.9340209960938,19477.0
19493,M7,,Ohmic,,719.1129760742188,19492.0
19494,M7,,SS Beam,,747.9454956054688,19493.0
19495,M7,,SS Beam,,727.625732421875,19494.0
19496,M7,,SS Beam,,748.4520263671875,19495.0
19497,M7,,SS Beam,,743.4409790039062,19496.0
19536,M7,,Ohmic,,503.2333679199219,19503.0
19498,M7,,SS Beam,,743.6740112304688,19497.0
19499,M7,,SS Beam,,743.2059936523438,19498.0
19502,M7,,Ohmic,,454.5583190917969,17262.0
19628,M7,,Ohmic,,29.065750122070312,19618.0
19503,M7,,Ohmic,,770.6815185546875,19502.0
19505,M7,,Ohmic,,770.8895263671875,19503.0
19506,M7,,Ohmic,,731.9625244140625,19499.0
19508,M7,,Ohmic,,729.0192260742188,19499.0
19520,M7,,Ohmic,,621.9089965820312,19519.0
19514,M7,,SS Beam,,747.656494140625,19499.0
19517,M7,,SS Beam,,745.2515258789062,19514.0
19518,M7,,SS Beam,,653.3804931640625,19517.0
19519,M7,,SS Beam,,642.6535034179688,19518.0
19521,M7,,SS Beam,,642.9044799804688,19520.0
19522,M7,,SS Beam,,629.1532592773438,19521.0
19523,M7,,SS Beam,,643.8045043945312,19522.0
19524,M7,,SS Beam,,643.4935302734375,19523.0
19525,M7,,SS Beam,,602.9297485351562,19524.0
19529,M7,,SS Beam,,651.5654907226562,19528.0
19530,M7,,SS Beam,,641.56298828125,19529.0
19531,M7,,SS Beam,,640.697998046875,19530.0
19532,M7,,Ohmic,,617.8414916992188,19531.0
19533,M7,,SS Beam,,648.2739868164062,19532.0
19538,M7,,Ohmic,,749.364013671875,19537.0
19539,M7,,SS Beam,,648.197021484375,19530.0
19540,M7,,Ohmic,,745.8667602539062,17838.0
19541,M7,,Ohmic,,427.1109924316406,17176.0
19542,M7,,Ohmic,,779.3574829101562,18843.0
19543,M7,,Ohmic,,755.2969970703125,18843.0
19545,M7,,Ohmic,,759.8544921875,19543.0
19547,M7,,Ohmic,,26.36235237121582,17366.0
19548,M7,,Ohmic,,764.947021484375,19537.0
19553,M7,,Ohmic,,415.3428649902344,17176.0
19549,M7,,Ohmic,,427.5574951171875,17176.0
19550,M7,,Ohmic,,428.26025390625,17176.0
19551,M7,,Ohmic,,433.30224609375,17176.0
19552,M7,,Ohmic,,432.3477478027344,17176.0
19618,M7,,Ohmic,,10.554510116577148,19588.0
19554,M7,,Ohmic,,434.22174072265625,17176.0
19555,M7,,Ohmic,,434.9949951171875,17176.0
19556,M7,,Ohmic,,121.63663482666016,17176.0
19557,M7,,Ohmic,,363.5649719238281,17176.0
19558,M7,,Ohmic,,432.3810119628906,17176.0
19559,M7,,Ohmic,,433.031005859375,17176.0
19561,M7,,Ohmic,,431.7622375488281,17176.0
19562,M7,,Ohmic,,561.5679931640625,17418.0
19563,M7,,Ohmic,,575.9497680664062,17418.0
19564,M7,,Ohmic,,558.3930053710938,19563.0
19565,M7,,Ohmic,,535.5723876953125,19564.0
19566,M7,,Ohmic,,597.77099609375,19565.0
19567,M7,,Ohmic,,593.8170166015625,19566.0
19568,M7,,Ohmic,,619.594482421875,19567.0
19569,M7,,Ohmic,,590.5145263671875,19568.0
19570,M7,,Ohmic,,541.5809936523438,19569.0
19573,M7,,Ohmic,,432.0614929199219,17176.0
19575,M7,,Ohmic,,433.3177490234375,17176.0
19576,M7,,Ohmic,,433.500244140625,17176.0
19577,M7,,Ohmic,,427.49273681640625,17176.0
19579,M7,,Ohmic,,432.8479919433594,17176.0
19580,M7,,Ohmic,,450.85565185546875,19566.0
19581,M7,,Ohmic,,611.4874877929688,19580.0
19582,M7,,Ohmic,,674.9807739257812,19581.0
19626,M7,,Ohmic,,11.950186729431152,19618.0
19583,M7,,Ohmic,,553.2890014648438,19582.0
19584,M7,,Ohmic,,562.0419921875,19583.0
19585,M7,,Ohmic,,564.3309936523438,19584.0
19586,M7,,Ohmic,,338.4704895019531,19585.0
19587,M7,,Ohmic,,562.5540161132812,19586.0
19588,M7,,Ohmic,,573.0020141601562,19587.0
19589,M7,,Ohmic,,565.9520263671875,19588.0
19627,M7,,Ohmic,,31.570831298828125,19618.0
19591,M7,,Ohmic,,581.8380126953125,19589.0
19596,M7,,Ohmic,,522.3681030273438,17262.0
19599,M7,,Ohmic,,589.458984375,19588.0
19600,M7,,Ohmic,,588.447998046875,19588.0
19601,M7,,Ohmic,,586.19384765625,19588.0
19602,M7,,Ohmic,,585.0433959960938,19588.0
19604,M7,,Ohmic,,766.6915283203125,19538.0
19605,M7,,Ohmic,,563.4990234375,19603.0
19607,M7,,Ohmic,,598.031005859375,19588.0
19608,M7,,Ohmic,,595.9739990234375,19588.0
19613,M7,,Ohmic,,599.6094970703125,19588.0
19615,M7,,Ohmic,,617.31201171875,19588.0
19616,M7,,Ohmic,,575.8035278320312,19588.0
19617,M7,,Ohmic,,557.2645263671875,19588.0
19621,M7,,Ohmic,,766.051025390625,19604.0
19622,M7,,Ohmic,,528.7465209960938,19617.0
19623,M7,,Ohmic,,609.4744873046875,19617.0
19625,M7,,Ohmic,,10.798844337463379,19618.0
19629,M7,,Ohmic,,20.198116302490234,19618.0
19637,M7,,Ohmic,,487.4179992675781,17909.0
19638,M7,,Ohmic,,481.00048828125,19637.0
19639,M7,,Ohmic,,484.4072570800781,
19640,M7,,Ohmic,,486.0304870605469,19639.0
19641,M7,,Ohmic,,480.1820068359375,19640.0
19642,M7,,Ohmic,,485.1789855957031,19641.0
19644,M7,,Ohmic,,770.884521484375,19643.0
19647,M7,,Ohmic,,783.3585205078125,19646.0
19650,M7,,Ohmic,,739.646728515625,19540.0
19660,M7,,Ohmic,,765.9354858398438,19621.0
19661,M7,,Ohmic,,676.322509765625,19588.0
19662,M7,,Ohmic,,661.45849609375,19588.0
19663,M7,,Ohmic,,673.2474975585938,19588.0
19710,M7,,Ohmic,,44.69760513305664,19672.0
19664,M7,,Ohmic,,717.1439819335938,19588.0
19666,M7,,Ohmic,,590.1632690429688,19588.0
19667,M7,,Ohmic,,593.4342651367188,19588.0
19668,M7,,Ohmic,,580.844970703125,19666.0
19669,M7,,Ohmic,,587.6090087890625,19666.0
19670,M7,,Ohmic,,39.30350875854492,19628.0
19675,M7,,Ohmic,,771.7630004882812,17262.0
19676,M7,,Ohmic,,22.848068237304688,19647.0
19680,M7,,Ohmic,,782.510009765625,19676.0
19681,M7,,Ohmic,,783.2160034179688,19680.0
19682,M7,,Ohmic,,675.052001953125,19681.0
19711,M7,,Ohmic,,66.5618896484375,19710.0
19684,M7,,Ohmic,,702.156005859375,19683.0
19687,M7,,Ohmic,,427.9595031738281,19686.0
19688,M7,,Ohmic,,387.32244873046875,19687.0
19712,M7,,Ohmic,,116.03060913085938,19711.0
19689,M7,,Ohmic,,388.9651184082031,19688.0
19690,M7,,Ohmic,,429.8789978027344,19689.0
19691,M7,,Ohmic,,431.6505126953125,19690.0
19692,M7,,Ohmic,,427.1824951171875,19691.0
19694,M7,,Ohmic,,425.2770080566406,19693.0
19695,M7,,Ohmic,,436.9909973144531,19694.0
19696,M7,,Ohmic,,428.38250732421875,19695.0
19697,M7,,Ohmic,,425.3280029296875,19694.0
19700,M7,,Ohmic,,597.879638671875,17262.0
19703,M7,,Ohmic,,783.531494140625,17262.0
19704,M7,,Ohmic,,681.1727294921875,19680.0
19705,M7,,Ohmic,,636.5247802734375,18713.0
19706,M7,,Ohmic,,634.5416259765625,18173.0
19707,M7,,Ohmic,,634.4392700195312,18173.0
19708,M7,,Ohmic,,634.3746337890625,18173.0
19709,M7,,Ohmic,,635.244140625,18173.0
19713,M7,,Ohmic,,618.8672485351562,19712.0
19714,M7,,Ohmic,,629.4552612304688,19713.0
19715,M7,,Ohmic,,178.95054626464844,19714.0
19716,M7,,Ohmic,,632.9617309570312,19715.0
19717,M7,,Ohmic,,224.3358154296875,19716.0
19718,M7,,Ohmic,,93.839111328125,19717.0
19719,M7,,Ohmic,,634.6389770507812,19718.0
19720,M7,,Ohmic,,641.4952392578125,19719.0
19721,M7,,Ohmic,,108.70785522460938,19720.0
19722,M7,,Ohmic,,106.55299377441406,19721.0
19723,M7,,Ohmic,,637.4842529296875,19722.0
19724,M7,,Ohmic,,620.4990234375,19723.0
19743,M7,,Ohmic,,764.405517578125,19703.0
19778,M7,,Ohmic,,767.58251953125,19743.0
19779,M7,,Ohmic,,767.7265014648438,19743.0
19787,M7,,Ohmic,,787.6744995117188,19647.0
19788,M7,,Ohmic,,783.9719848632812,19647.0
19789,M7,,Ohmic,,783.4910278320312,19647.0
19790,M7,,Ohmic,,782.12548828125,19647.0
19791,M7,,Ohmic,,780.2645263671875,19647.0
19792,M7,,Ohmic,,781.1735229492188,19647.0
19793,M7,,Ohmic,,781.72998046875,19647.0
19796,M7,,Ohmic,,763.3834838867188,19743.0
19798,M7,,Ohmic,,748.4249877929688,18759.0
19799,M7,,Ohmic,,745.9824829101562,19798.0
19800,M7,,Ohmic,,898.1915283203125,19799.0
19801,M7,,Ohmic,,886.8464965820312,19800.0
19802,M7,,Ohmic,,898.7864990234375,19801.0
19803,M7,,Ohmic,,901.6690063476562,19802.0
19804,M7,,Ohmic,,904.0285034179688,19803.0
19805,M7,,Ohmic,,903.5009765625,19804.0
19806,M7,,Ohmic,,902.2125244140625,19805.0
19807,M7,,Ohmic,,901.656494140625,19806.0
19808,M7,,Ohmic,,900.1680297851562,19807.0
19809,M7,,Ohmic,,750.3510131835938,18760.0
19810,M7,,Ohmic,,476.99700927734375,19809.0
19811,M7,,Ohmic,,728.42626953125,19810.0
19812,M7,,Ohmic,,754.6065063476562,19811.0
19813,M7,,Ohmic,,747.5335083007812,19812.0
19814,M7,,Ohmic,,750.896484375,19813.0
19819,M7,,Ohmic,,788.2265014648438,19647.0
19820,M7,,Ohmic,,791.6240234375,19819.0
19821,M7,,Ohmic,,790.8489990234375,19820.0
19822,M7,,Ohmic,,740.0175170898438,19540.0
19823,M7,,Ohmic,,765.989013671875,19822.0
19824,M7,,Ohmic,,760.9439697265625,19823.0
19825,M7,,Ohmic,,763.6314697265625,19823.0
19826,M7,,Ohmic,,765.3469848632812,19823.0
19827,M7,,Ohmic,,766.3489990234375,19823.0
19829,M7,,Ohmic,,763.6744995117188,19823.0
19830,M7,,Ohmic,,765.1890258789062,19823.0
19831,M7,,Ohmic,,764.614990234375,19823.0
19832,M7,,Ohmic,,763.8984985351562,19823.0
19834,M7,,Ohmic,,763.6605224609375,19823.0
19838,M7,,Ohmic,,764.5789794921875,19743.0
19839,M7,,Ohmic,,764.4924926757812,19743.0
19840,M7,,Ohmic,,764.8145141601562,19743.0
19842,M7,,Ohmic,,761.2944946289062,19743.0
19843,M7,,Ohmic,,763.8084716796875,19743.0
19844,M7,,Ohmic,,764.9639892578125,19743.0
19845,M7,,Ohmic,,764.5465087890625,19743.0
19847,M7,,Ohmic,,428.3917541503906,17176.0
19848,M7,,Ohmic,,427.8584899902344,17176.0
19849,M7,,Ohmic,,428.8710021972656,17176.0
19850,M7,,Ohmic,,428.2432556152344,17176.0
19851,M7,,Ohmic,,429.18450927734375,17176.0
19852,M7,,Ohmic,,429.0329895019531,17176.0
19854,M7,,Ohmic,,429.63800048828125,17176.0
19855,M7,,Ohmic,,427.84600830078125,17176.0
19856,M7,,Ohmic,,428.36749267578125,17176.0
19862,M7,,Ohmic,,767.634521484375,19838.0
19863,M7,,Ohmic,,764.4035034179688,19838.0
19864,M7,,Ohmic,,765.7739868164062,19838.0
19868,M7,,Ohmic,,767.6409912109375,19863.0
19869,M7,,Ohmic,,762.8065185546875,19863.0
19870,M7,,Ohmic,,429.0849914550781,19855.0
19871,M7,,Ohmic,,427.885986328125,19855.0
19872,M7,,Ohmic,,427.35101318359375,19855.0
19873,M7,,Ohmic,,429.8265075683594,19855.0
19874,M7,,Ohmic,,425.6762390136719,19855.0
19875,M7,,Ohmic,,429.1132507324219,19855.0
19876,M7,,Ohmic,,428.48675537109375,19874.0
19877,M7,,Ohmic,,429.666259765625,19876.0
19878,M7,,Ohmic,,428.4075012207031,19877.0
19879,M7,,Ohmic,,428.51800537109375,19878.0
19925,M7,,Ohmic,,775.1395263671875,19862.0
19880,M7,,Ohmic,,427.28173828125,19879.0
19881,M7,,Ohmic,,428.6470031738281,19880.0
19883,M7,,Ohmic,,428.5870056152344,19880.0
19885,M7,,Ohmic,,428.7547607421875,19883.0
19886,M7,,SS Beam,,427.9027404785156,19885.0
19888,M7,,Ohmic,,429.6372375488281,19886.0
19889,M7,,Ohmic,,429.0085144042969,19888.0
19890,M7,,Ohmic,,426.1944885253906,19889.0
19891,M7,,Ohmic,,428.2560119628906,19883.0
19895,M7,,Ohmic,,764.1124877929688,19743.0
19898,M7,,Ohmic,,776.68798828125,19743.0
19899,M7,,SS Beam,,655.4970092773438,19529.0
19901,M7,,SS Beam,,663.218994140625,19529.0
19902,M7,,SS Beam,,649.8594970703125,19529.0
19903,M7,,SS Beam,,653.7260131835938,19529.0
19910,M7,,Ohmic,,763.6475219726562,19838.0
19911,M7,,Ohmic,,762.6810302734375,19814.0
19912,M7,,Ohmic,,748.4105224609375,19814.0
19913,M7,,Ohmic,,745.0809936523438,19814.0
19914,M7,,Ohmic,,749.9509887695312,19814.0
19915,M7,,Ohmic,,739.4810180664062,19814.0
19916,M7,,Ohmic,,737.8070068359375,19814.0
19917,M7,,Ohmic,,738.6699829101562,19814.0
19918,M7,,Ohmic,,740.3820190429688,19814.0
19919,M7,,Ohmic,,740.4180297851562,19814.0
19920,M7,,Ohmic,,732.7329711914062,19814.0
19921,M7,,Ohmic,,736.0554809570312,19814.0
19926,M7,,Ohmic,,168.26084899902344,19723.0
19927,M7,,Ohmic,,401.5811767578125,19723.0
19931,M7,,Ohmic,,458.7850036621094,19930.0
19932,M7,,Ohmic,,154.2354278564453,19930.0
19933,M7,,Ohmic,,131.1313934326172,19930.0
19935,M7,,Ohmic,,130.35406494140625,19930.0
19936,M7,,Ohmic,,117.38768768310547,19930.0
19944,M7,,Ohmic,,762.1129760742188,19838.0
19937,M7,,Ohmic,,389.2720947265625,19930.0
19938,M7,,Ohmic,,106.3981704711914,19930.0
19945,M7,,Ohmic,,730.5625,19917.0
19948,M7,,Ohmic,,726.9354858398438,19945.0
19949,M7,,Ohmic,,727.4354858398438,19948.0
19951,M7,,Ohmic,,723.6234741210938,19949.0
19952,M7,,Ohmic,,727.4400024414062,19951.0
19953,M7,,Ohmic,,718.250732421875,19952.0
19954,M7,,Ohmic,,726.4874877929688,19953.0
19955,M7,,Ohmic,,725.8955078125,19954.0
19956,M7,,Ohmic,,726.5640258789062,19955.0
19957,M7,,Ohmic,,727.6934814453125,19956.0
19959,M7,,Ohmic,,725.6939697265625,19958.0
19961,M7,,Ohmic,,726.0150146484375,19960.0
19962,M7,,Ohmic,,208.2172393798828,19930.0
19964,M7,,Ohmic,,468.8085021972656,19963.0
19966,M7,,Ohmic,,427.8739929199219,19965.0
19968,M7,,Ohmic,,550.4781494140625,19967.0
19969,M7,,Ohmic,,11.282051086425781,19647.0
19970,M7,,Ohmic,,10.600475311279297,19969.0
19971,M7,,Ohmic,,506.3055114746094,19970.0
19976,M7,,Ohmic,,753.2470092773438,19838.0
19980,M7,,Ohmic,,752.5875244140625,19838.0
19981,M7,,Ohmic,,726.9215087890625,18487.0
19982,M7,,Ohmic,,769.5419921875,19647.0
19987,M7,,Ohmic,,743.6329956054688,19980.0
19990,M7,,Ohmic,,450.6973876953125,19986.0
19991,M7,,Ohmic,,782.0170288085938,19986.0
19999,M7,,Ohmic,,762.7789916992188,19834.0
20000,M7,,Ohmic,,431.58282470703125,17647.0
20002,M7,,Ohmic,,775.9819946289062,20001.0
20003,M7,,Ohmic,,416.7023620605469,17176.0
20004,M7,,Ohmic,,419.2279968261719,20003.0
20005,M7,,Ohmic,,417.9572448730469,20004.0
20006,M7,,Ohmic,,418.0740051269531,20005.0
20007,M7,,Ohmic,,417.18499755859375,20006.0
20008,M7,,Ohmic,,420.6824951171875,20007.0
20009,M7,,Ohmic,,417.5717468261719,20007.0
20010,M7,,Ohmic,,419.322998046875,20007.0
20011,M7,,Ohmic,,416.5820007324219,20007.0
20012,M7,,Ohmic,,418.9750061035156,20007.0
20013,M7,,Ohmic,,419.6289978027344,20012.0
20014,M7,,Ohmic,,420.4849853515625,20013.0
20015,M7,,Ohmic,,416.1597595214844,20014.0
20016,M7,,Ohmic,,419.2987365722656,20015.0
20017,M7,,Ohmic,,419.84674072265625,20016.0
20018,M7,,Ohmic,,414.98223876953125,20016.0
20019,M7,,Ohmic,,415.8907470703125,20016.0
20022,M7,,Ohmic,,761.635498046875,19838.0
20023,M7,,Ohmic,,415.3843688964844,20019.0
20024,M7,,Ohmic,,415.3702392578125,20019.0
20025,M7,,Ohmic,,415.5799865722656,20019.0
20026,M7,,Ohmic,,414.729736328125,20019.0
20028,M7,,Ohmic,,416.6990051269531,20019.0
20030,M7,,Ohmic,,415.36724853515625,20019.0
20085,M7,,SS Beam,,622.9852294921875,20084.0
20031,M7,,Ohmic,,410.708251953125,20019.0
20035,M7,,Ohmic,,417.3810119628906,20019.0
20036,M7,,Ohmic,,457.6682434082031,20019.0
20037,M7,,Ohmic,,484.3872375488281,20019.0
20038,M7,,Ohmic,,493.4259948730469,20019.0
20039,M7,,Ohmic,,480.4782409667969,20019.0
20040,M7,,Ohmic,,482.244873046875,20019.0
20041,M7,,Ohmic,,609.3582763671875,20019.0
20042,M7,,Ohmic,,730.660888671875,18474.0
20059,M7,,Ohmic,,417.8142395019531,17176.0
20045,M7,,Ohmic,,752.0009765625,19838.0
20046,M7,,Ohmic,,343.965576171875,19838.0
20047,M7,,Ohmic,,366.008056640625,19838.0
20048,M7,,Ohmic,,305.9176330566406,19838.0
20050,M7,,Ohmic,,616.4422607421875,19838.0
20060,M7,,Ohmic,,420.3030090332031,17176.0
20061,M7,,Ohmic,,418.76324462890625,17176.0
20062,M7,,SS Beam,,758.74951171875,17511.0
20063,M7,,SS Beam,,745.2435302734375,20062.0
20064,M7,,Ohmic,,736.0054931640625,20063.0
20065,M7,,SS Beam,,760.7744750976562,20064.0
20066,M7,,SS Beam,,759.7849731445312,20065.0
20067,M7,,SS Beam,,760.4349975585938,20063.0
20068,M7,,SS Beam,,749.8699951171875,20067.0
20069,M7,,SS Beam,,750.45947265625,20068.0
20070,M7,,SS Beam,,738.2064819335938,20069.0
20071,M7,,SS Beam,,742.9359741210938,20067.0
20072,M7,,SS Beam,,751.802978515625,20071.0
20075,M7,,Ohmic,,767.8410034179688,19838.0
20076,M7,,Ohmic,,756.4719848632812,19838.0
20077,M7,,SS Beam,,741.1290283203125,16009.0
20078,M7,,SS Beam,,740.1510009765625,18742.0
20079,M7,,SS Beam,,763.1530151367188,20067.0
20080,M7,,SS Beam,,726.4849853515625,20078.0
20081,M7,,SS Beam,,745.0230102539062,20078.0
20082,M7,,SS Beam,,757.1799926757812,20067.0
20083,M7,,SS Beam,,762.7689819335938,20067.0
20084,M7,,SS Beam,,626.7536010742188,18808.0
20086,M7,,SS Beam,,645.5335083007812,20085.0
20087,M7,,SS Beam,,652.7109985351562,20086.0
20088,M7,,SS Beam,,677.3660278320312,20087.0
20089,M7,,SS Beam,,648.73876953125,20088.0
20090,M7,,SS Beam,,649.9686279296875,20089.0
20091,M7,,SS Beam,,649.1158447265625,20090.0
20092,M7,,SS Beam,,648.885009765625,20091.0
20093,M7,,SS Beam,,654.9702758789062,20092.0
20094,M7,,SS Beam,,650.1251220703125,20093.0
20096,M7,,SS Beam,,648.306640625,20094.0
20099,M7,,Ohmic,,768.1735229492188,19838.0
20100,M7,,SS Beam,,654.0239868164062,20093.0
20101,M7,,SS Beam,,651.0421142578125,20092.0
20102,M7,,SS Beam,,651.2160034179688,20092.0
20103,M7,,SS Beam,,654.433349609375,20092.0
20104,M7,,SS Beam,,652.9188842773438,20092.0
20105,M7,,SS Beam,,654.93115234375,20104.0
20106,M7,,SS Beam,,653.6181030273438,20104.0
20107,M7,,SS Beam,,655.656005859375,20092.0
20109,M7,,SS Beam,,655.707275390625,20092.0
20110,M7,,SS Beam,,649.4235229492188,20096.0
20111,M7,,SS Beam,,653.907470703125,20110.0
20112,M7,,SS Beam,,650.333740234375,20111.0
20113,M7,,SS Beam,,650.8716430664062,20112.0
20114,M7,,Ohmic,,650.8072509765625,20113.0
20115,M7,,SS Beam,,649.9317626953125,20096.0
20116,M7,,SS Beam,,652.5025024414062,20115.0
20118,M7,,SS Beam,,651.8452758789062,20117.0
20119,M7,,SS Beam,,649.1099853515625,20096.0
20120,M7,,SS Beam,,645.9771118164062,20096.0
20121,M7,,SS Beam,,644.7186279296875,20120.0
20122,M7,,SS Beam,,647.3364868164062,20121.0
20123,M7,,SS Beam,,645.2738647460938,20122.0
20124,M7,,SS Beam,,646.7537231445312,20096.0
20126,M7,,SS Beam,,648.4507446289062,20125.0
20127,M7,,SS Beam,,845.5812377929688,18704.0
20130,M7,,SS Beam,,844.885009765625,20129.0
20147,M7,,Ohmic,,755.9290161132812,19838.0
20148,M7,,SS Beam,,726.22998046875,19949.0
20149,M7,,SS Beam,,492.3343811035156,20148.0
20150,M7,,SS Beam,,728.646484375,20148.0
20151,M7,,SS Beam,,728.9970092773438,20150.0
20152,M7,,SS Beam,,726.7319946289062,20151.0
20153,M7,,SS Beam,,730.0234985351562,20152.0
20154,M7,,SS Beam,,727.9505004882812,20153.0
20155,M7,,SS Beam,,725.926025390625,20154.0
20156,M7,,SS Beam,,716.81201171875,20155.0
20157,M7,,SS Beam,,729.5034790039062,20156.0
20161,M7,,SS Beam,,727.4650268554688,20157.0
20162,M7,,SS Beam,,742.4215087890625,20161.0
20164,M7,,SS Beam,,732.4945068359375,20162.0
20165,M7,,SS Beam,,732.3795166015625,20164.0
20166,M7,,SS Beam,,729.2219848632812,20165.0
20167,M7,,SS Beam,,732.103515625,20165.0
20169,M7,,SS Beam,,757.6284790039062,20067.0
20172,M7,,SS Beam,,733.177734375,20169.0
20227,M7,,Ohmic,,761.2319946289062,19838.0
20228,M7,,Ohmic,,754.448486328125,20227.0
20229,M7,,Ohmic,,769.1384887695312,16009.0
20231,M7,,Ohmic,,768.5560302734375,20230.0
20232,M7,,Ohmic,,1053.9749755859375,17633.0
20233,M7,,Ohmic,,1033.2554931640625,20232.0
20234,M7,,Ohmic,,937.364990234375,20233.0
20235,M7,,Ohmic,,936.1744995117188,20234.0
20236,M7,,Ohmic,,934.9229736328125,20235.0
20239,M7,,Ohmic,,770.1744995117188,19838.0
20240,M7,,Ohmic,,757.9169921875,19838.0
20241,M7,,Ohmic,,757.3834838867188,19838.0
20242,M7,,Ohmic,,755.7484741210938,20241.0
20243,M7,,Ohmic,,757.0850219726562,20242.0
20244,M7,,Ohmic,,755.875,20241.0
20247,M7,,Ohmic,,755.8259887695312,20244.0
20253,M7,,Ohmic,,420.9257507324219,20252.0
20254,M7,,Ohmic,,418.4262390136719,20253.0
20256,M7,,Ohmic,,426.9852600097656,20255.0
20257,M7,,Ohmic,,417.677001953125,20256.0
20258,M7,,Ohmic,,758.2484741210938,20242.0
20259,M7,,Ohmic,,771.2589721679688,20258.0
20260,M7,,Ohmic,,932.1530151367188,20234.0
20261,M7,,Ohmic,,263.6503601074219,20260.0
20262,M7,,Ohmic,,936.5050048828125,20261.0
20264,M7,,Ohmic,,737.05224609375,20262.0
20267,M7,,Ohmic,,750.5164794921875,20242.0
20270,M7,,Ohmic,,761.5955200195312,20242.0
20271,M7,,Ohmic,,758.218017578125,20242.0
20272,M7,,Ohmic,,762.9194946289062,20242.0
20273,M7,,Ohmic,,98.01041412353516,20242.0
20274,M7,,Ohmic,,758.4719848632812,20242.0
20275,M7,,Ohmic,,758.1544799804688,20242.0
20276,M7,,Ohmic,,756.5645141601562,20242.0
20277,M7,,SS Beam,,757.5430297851562,20242.0
20278,M7,,SS Beam,,757.7369995117188,20277.0
20279,M7,,SS Beam,,763.9749755859375,17511.0
20280,M7,,SS Beam,,734.7255249023438,17511.0
20281,M7,,SS Beam,,767.405029296875,17511.0
20283,M7,,SS Beam,,753.0499877929688,20281.0
20285,M7,,SS Beam,,765.9135131835938,20281.0
20286,M7,,SS Beam,,748.10400390625,20285.0
20288,M7,,SS Beam,,752.8375244140625,20285.0
20289,M7,,SS Beam,,750.3870239257812,20285.0
20291,M7,,SS Beam,,747.2545166015625,20285.0
20294,M7,,Ohmic,,758.947021484375,20242.0
20296,M7,,Ohmic,,742.37451171875,20291.0
20297,M7,,SS Beam,,740.7769775390625,20291.0
20298,M7,,SS Beam,,759.4315185546875,20291.0
20299,M7,,SS Beam,,767.4990234375,20291.0
20300,M7,,SS Beam,,731.5695190429688,20291.0
20301,M7,,SS Beam,,755.4765014648438,20291.0
20302,M7,,SS Beam,,762.5859985351562,20291.0
20303,M7,,SS Beam,,740.1539916992188,20291.0
20304,M7,,SS Beam,,762.3385009765625,20291.0
20305,M7,,SS Beam,,760.9520263671875,20304.0
20306,M7,,SS Beam,,765.447998046875,20305.0
20307,M7,,SS Beam,,727.4466552734375,20306.0
20308,M7,,SS Beam,,750.2760009765625,20307.0
20309,M7,,SS Beam,,743.9630126953125,20308.0
20310,M7,,SS Beam,,735.4879760742188,
20311,M7,,SS Beam,,742.1290283203125,20310.0
20312,M7,,SS Beam,,738.2324829101562,20311.0
20313,M7,,SS Beam,,747.2630004882812,20312.0
20314,M7,,SS Beam,,739.7670288085938,20313.0
20315,M7,,SS Beam,,744.6859741210938,20314.0
20316,M7,,SS Beam,,739.7965087890625,20315.0
20317,M7,,SS Beam,,727.1024780273438,20316.0
20318,M7,,SS Beam,,742.77099609375,20317.0
20319,M7,,SS Beam,,741.3685302734375,20318.0
20320,M7,,SS Beam,,745.7255249023438,20319.0
20321,M7,,SS Beam,,767.22998046875,20320.0
20322,M7,,SS Beam,,761.3709716796875,20321.0
20325,M7,,Ohmic,,758.8084716796875,20242.0
20328,M7,,SS Beam,,768.2349853515625,20327.0
20329,M7,,SS Beam,,735.5285034179688,20328.0
20331,M7,,SS Beam,,760.4835205078125,20330.0
20332,M7,,SS Beam,,743.4844970703125,20331.0
20333,M7,,SS Beam,,689.5805053710938,20332.0
20334,M7,,SS Beam,,689.8175048828125,20333.0
20335,M7,,SS Beam,,697.7899780273438,20334.0
20336,M7,,SS Beam,,664.6209716796875,20335.0
20337,M7,,SS Beam,,661.9530029296875,20336.0
20341,M7,,SS Beam,,686.0029907226562,20333.0
20342,M7,,SS Beam,,697.958984375,20333.0
20343,M7,,SS Beam,,689.8289794921875,20333.0
20345,M7,,SS Beam,,681.521484375,20344.0
20347,M7,,Ohmic,,-22.52051544189453,17366.0
20348,M7,,Ohmic,,755.8414916992188,20242.0
20349,M7,,SS Beam,,689.1129760742188,20333.0
20351,M7,,SS Beam,,680.677978515625,20333.0
20352,M7,,SS Beam,,694.0419921875,20333.0
20354,M7,,SS Beam,,685.021484375,20333.0
20355,M7,,SS Beam,,689.5570068359375,20333.0
20356,M7,,SS Beam,,692.281005859375,20333.0
20358,M7,,SS Beam,,703.2150268554688,20333.0
20362,M7,,SS Beam,,692.2420043945312,20333.0
20363,M7,,SS Beam,,696.1430053710938,20333.0
20364,M7,,Ohmic,,675.1234741210938,20333.0
20365,M7,,SS Beam,,693.7999877929688,20333.0
20366,M7,,SS Beam,,699.9210205078125,20333.0
20367,M7,,SS Beam,,694.4559936523438,20333.0
20368,M7,,SS Beam,,703.6170043945312,20333.0
20370,M7,,SS Beam,,699.6174926757812,20333.0
20373,M7,,Ohmic,,759.2725219726562,20242.0
20374,M7,,SS Beam,,719.2534790039062,20349.0
20376,M7,,SS Beam,,690.656982421875,20374.0
20377,M7,,SS Beam,,688.3809814453125,20358.0
20378,M7,,SS Beam,,692.8720092773438,20377.0
20379,M7,,SS Beam,,705.551025390625,20377.0
20380,M7,,SS Beam,,699.6640014648438,20377.0
20381,M7,,SS Beam,,688.4815063476562,20380.0
20382,M7,,SS Beam,,690.1170043945312,20381.0
20383,M7,,SS Beam,,693.29150390625,20382.0
20384,M7,,SS Beam,,696.7125244140625,20383.0
20385,M7,,SS Beam,,681.906982421875,20384.0
20386,M7,,SS Beam,,693.2969970703125,20384.0
20387,M7,,SS Beam,,688.052490234375,20384.0
20389,M7,,SS Beam,,698.14501953125,20370.0
20391,M7,,SS Beam,,699.72900390625,20390.0
20392,M7,,SS Beam,,691.009521484375,20391.0
20393,M7,,SS Beam,,691.698486328125,20392.0
20394,M7,,SS Beam,,699.0449829101562,20393.0
20395,M7,,SS Beam,,682.6384887695312,20393.0
20396,M7,,SS Beam,,699.2974853515625,20394.0
20397,M7,,SS Beam,,697.0150146484375,20396.0
20398,M7,,Ohmic,,670.8275146484375,20397.0
20399,M7,,SS Beam,,687.8250122070312,20398.0
20400,M7,,SS Beam,,699.7780151367188,20399.0
20403,M7,,Ohmic,,757.6074829101562,20242.0
20404,M7,,SS Beam,,692.7634887695312,20380.0
20405,M7,,SS Beam,,688.0604858398438,20387.0
20406,M7,,SS Beam,,689.635498046875,20387.0
20407,M7,,SS Beam,,687.4235229492188,20387.0
20409,M7,,SS Beam,,691.9730224609375,20408.0
20410,M7,,SS Beam,,688.9990234375,20387.0
20411,M7,,SS Beam,,697.9035034179688,20387.0
20412,M7,,SS Beam,,695.2349853515625,20380.0
20413,M7,,SS Beam,,705.2020263671875,20380.0
20419,M7,,SS Beam,,722.2155151367188,17176.0
20423,M7,,Ohmic,,349.58056640625,20242.0
20424,M7,,Ohmic,,756.22900390625,20242.0
20426,M7,,SS Beam,,679.3975219726562,20380.0
20427,M7,,SS Beam,,699.9794921875,20380.0
20428,M7,,SS Beam,,692.3280029296875,20380.0
20429,M7,,SS Beam,,686.83447265625,20387.0
20430,M7,,SS Beam,,687.552490234375,20405.0
20431,M7,,Ohmic,,417.42401123046875,19851.0
20434,M7,,Ohmic,,417.2804870605469,19851.0
20435,M7,,Ohmic,,417.51025390625,20434.0
20436,M7,,Ohmic,,416.8215026855469,20435.0
20437,M7,,Ohmic,,415.535888671875,20436.0
20438,M7,,Ohmic,,416.32000732421875,20437.0
20439,M7,,Ohmic,,415.72137451171875,20438.0
20440,M7,,Ohmic,,415.1495056152344,20439.0
20447,M7,,Ohmic,,415.3764953613281,20440.0
20448,M7,,Ohmic,,416.020263671875,20447.0
20449,M7,,Ohmic,,414.7090148925781,20448.0
20450,M7,,Ohmic,,415.91888427734375,20449.0
20451,M7,,Ohmic,,416.1187438964844,20450.0
20452,M7,,Ohmic,,416.7407531738281,20451.0
20455,M7,,Ohmic,,419.9022521972656,20059.0
20456,M7,,Ohmic,,419.50323486328125,20257.0
20457,M7,,Ohmic,,757.1640014648438,20242.0
20458,M7,,Ohmic,,758.4324951171875,20242.0
20459,M7,,Ohmic,,417.2344970703125,20448.0
20461,M7,,Ohmic,,418.13800048828125,20448.0
20464,M7,,SS Beam,,693.719970703125,20380.0
20465,M7,,SS Beam,,691.4500122070312,20380.0
20466,M7,,SS Beam,,688.6790161132812,20380.0
20467,M7,,SS Beam,,695.2525024414062,20380.0
20470,M7,,Ohmic,,759.4420166015625,20242.0
20471,M7,,SS Beam,,701.3065185546875,20380.0
20472,M7,,Ohmic,,676.677001953125,20471.0
20473,M7,,SS Beam,,684.5145263671875,20472.0
20474,M7,,SS Beam,,692.2940063476562,20473.0
20475,M7,,SS Beam,,693.1849975585938,20473.0
20476,M7,,SS Beam,,689.2994995117188,20475.0
20477,M7,,SS Beam,,689.0864868164062,20476.0
20478,M7,,SS Beam,,697.8834838867188,20477.0
20479,M7,,SS Beam,,687.79150390625,20478.0
20480,M7,,SS Beam,,685.7744750976562,20479.0
20482,M7,,SS Beam,,693.6884765625,20481.0
20483,M7,,SS Beam,,691.8599853515625,20482.0
20484,M7,,SS Beam,,687.0640258789062,20483.0
20485,M7,,Ohmic,,676.4965209960938,20484.0
20486,M7,,Ohmic,,671.9945068359375,20485.0
20487,M7,,SS Beam,,697.3975219726562,20486.0
20488,M7,,SS Beam,,694.3925170898438,20487.0
20490,M7,,SS Beam,,680.0665283203125,20489.0
20491,M7,,SS Beam,,684.5665283203125,20489.0
20494,M7,,SS Beam,,687.08447265625,20493.0
20495,M7,,SS Beam,,699.739501953125,20494.0
20498,M7,,SS Beam,,684.2725219726562,20496.0
20499,M7,,SS Beam,,692.1279907226562,20498.0
20500,M7,,SS Beam,,622.5869750976562,18630.0
20501,M7,,SS Beam,,625.0700073242188,18630.0
20505,M7,,Ohmic,,758.3150024414062,20504.0
20506,M7,,Ohmic,,753.4124755859375,20505.0
20507,M7,,SS Beam,,693.4714965820312,20479.0
20508,M7,,SS Beam,,699.9359741210938,20507.0
20509,M7,,SS Beam,,687.7760009765625,20508.0
20510,M7,,SS Beam,,685.1079711914062,20509.0
20511,M7,,SS Beam,,688.8270263671875,20483.0
20512,M7,,SS Beam,,698.6875,20483.0
20513,M7,,SS Beam,,679.8057250976562,20483.0
20514,M7,,SS Beam,,688.281982421875,20483.0
20515,M7,,SS Beam,,696.8154907226562,20514.0
20516,M7,,SS Beam,,685.7730102539062,20514.0
20517,M7,,SS Beam,,687.5435180664062,20516.0
20518,M7,,SS Beam,,689.4219970703125,20517.0
20519,M7,,SS Beam,,693.0764770507812,20517.0
20520,M7,,SS Beam,,683.7949829101562,20519.0
20521,M7,,SS Beam,,685.6669921875,20519.0
20522,M7,,SS Beam,,684.6085205078125,20519.0
20525,M7,,Ohmic,,755.9010009765625,20242.0
20527,M7,,Ohmic,,720.646484375,18487.0
20528,M7,,Ohmic,,730.5494995117188,18487.0
20529,M7,,Ohmic,,727.7655029296875,18487.0
20532,M7,,Ohmic,,759.41552734375,20242.0
20533,M7,,Ohmic,,754.4169921875,20532.0
20534,M7,,Ohmic,,734.2864990234375,20529.0
20536,M7,,Ohmic,,731.10400390625,20534.0
20542,M7,,Ohmic,,732.2114868164062,20529.0
20543,M7,,Ohmic,,732.8555297851562,20529.0
20544,M7,,Ohmic,,732.8369750976562,20529.0
20545,M7,,Ohmic,,729.5665283203125,20529.0
20546,M7,,Ohmic,,728.801025390625,20545.0
20547,M7,,Ohmic,,730.0795288085938,20545.0
20548,M7,,Ohmic,,730.0595092773438,20545.0
20549,M7,,Ohmic,,730.8494873046875,20545.0
20553,M7,,Ohmic,,735.3615112304688,20549.0
20554,M7,,Ohmic,,474.3037414550781,20553.0
20555,M7,,Ohmic,,717.218994140625,20553.0
20561,M7,,Ohmic,,773.2645263671875,20242.0
20562,M7,,Ohmic,,734.3829956054688,20555.0
20563,M7,,Ohmic,,731.2744750976562,20555.0
20564,M7,,Ohmic,,717.2545166015625,20555.0
20565,M7,,Ohmic,,719.8724975585938,20555.0
20566,M7,,SS Beam,,760.7650146484375,20555.0
20567,M7,,SS Beam,,733.64599609375,20566.0
20568,M7,,SS Beam,,747.0184936523438,20567.0
20569,M7,,SS Beam,,747.47802734375,20568.0
20570,M7,,SS Beam,,761.3989868164062,20569.0
20571,M7,,SS Beam,,761.3417358398438,20130.0
20575,M7,,Ohmic,,744.3387451171875,20574.0
20576,M7,,Ohmic,,732.9561157226562,20575.0
20577,M7,,SS Beam,,788.484375,20576.0
20578,M7,,SS Beam,,639.6635131835938,20577.0
20581,M7,,SS Beam,,622.7655029296875,20579.0
20582,M7,,SS Beam,,639.7534790039062,20581.0
20583,M7,,SS Beam,,631.6635131835938,20582.0
20590,M7,,Ohmic,,756.5419921875,20242.0
20594,M7,,Ohmic,,773.2957763671875,20092.0
20597,M7,,SS Beam,,778.3670043945312,20594.0
20598,M7,,SS Beam,,773.427490234375,20594.0
20599,M7,,SS Beam,,781.7354736328125,20594.0
20600,M7,,SS Beam,,779.9098510742188,20594.0
20601,M7,,SS Beam,,783.035400390625,20600.0
20602,M7,,SS Beam,,779.094970703125,20600.0
20603,M7,,SS Beam,,776.3880004882812,20600.0
20604,M7,,SS Beam,,781.59814453125,20600.0
20606,M7,,SS Beam,,773.655029296875,20600.0
20607,M7,,SS Beam,,781.0922241210938,20600.0
20608,M7,,SS Beam,,779.0791015625,20600.0
20609,M7,,SS Beam,,778.3604736328125,20608.0
20610,M7,,SS Beam,,780.7256469726562,20608.0
20611,M7,,SS Beam,,674.1614990234375,20479.0
20612,M7,,SS Beam,,690.0625,20479.0
20613,M7,,SS Beam,,691.7930297851562,20479.0
20614,M7,,Ohmic,,672.822021484375,20613.0
20615,M7,,SS Beam,,691.1005249023438,20614.0
20618,M7,,Ohmic,,754.5684814453125,20242.0
20621,M7,,SS Beam,,778.828857421875,20620.0
20624,M7,,Ohmic,,756.7994995117188,19838.0
20626,M7,,SS Beam,,777.0075073242188,20625.0
20627,M7,,SS Beam,,776.4254760742188,20626.0
20628,M7,,SS Beam,,778.677978515625,20627.0
20629,M7,,SS Beam,,777.1287231445312,20627.0
20630,M7,,SS Beam,,781.0286254882812,20603.0
20631,M7,,SS Beam,,777.5285034179688,20597.0
20636,M7,,Ohmic,,757.0280151367188,20242.0
20637,M7,,SS Beam,,688.60400390625,20356.0
20639,M7,,SS Beam,,684.728515625,20637.0
20640,M7,,SS Beam,,682.6817626953125,20637.0
20641,M7,,SS Beam,,680.7642211914062,20637.0
20642,M7,,SS Beam,,681.4879760742188,20637.0
20643,M7,,SS Beam,,689.95751953125,20637.0
20644,M7,,SS Beam,,686.9940185546875,20637.0
20645,M7,,SS Beam,,688.4304809570312,20644.0
20646,M7,,SS Beam,,686.260986328125,20644.0
20647,M7,,SS Beam,,689.760986328125,20646.0
20649,M7,,SS Beam,,700.8955078125,20646.0
20709,M7,,SS Beam,,1178.4754638671875,18527.0
20650,M7,,SS Beam,,687.8275146484375,20646.0
20651,M7,,SS Beam,,680.3715209960938,20646.0
20655,M7,,Ohmic,,750.906005859375,20242.0
20657,M7,,SS Beam,,693.5244750976562,20651.0
20658,M7,,SS Beam,,689.9019775390625,20651.0
20659,M7,,SS Beam,,678.5145263671875,20658.0
20661,M7,,SS Beam,,680.63427734375,20658.0
20662,M7,,SS Beam,,682.2725219726562,20658.0
20676,M7,,Ohmic,,755.6614990234375,17262.0
20678,M7,,SS Beam,,694.9089965820312,20479.0
20681,M7,,SS Beam,,690.3295288085938,20678.0
20682,M7,,SS Beam,,682.0054931640625,20678.0
20683,M7,,SS Beam,,682.7109985351562,20678.0
20684,M7,,SS Beam,,682.5615234375,20683.0
20685,M7,,SS Beam,,684.2830200195312,20684.0
20686,M7,,SS Beam,,681.8364868164062,20684.0
20687,M7,,Ohmic,,674.5255126953125,20684.0
20689,M7,,SS Beam,,687.5554809570312,20684.0
20690,M7,,SS Beam,,678.5275268554688,20684.0
20691,M7,,SS Beam,,691.9819946289062,20376.0
20692,M7,,SS Beam,,695.1950073242188,20376.0
20693,M7,,SS Beam,,681.8804931640625,20376.0
20695,M7,,Ohmic,,678.4210205078125,20376.0
20696,M7,,Ohmic,,687.2009887695312,20695.0
20698,M7,,SS Beam,,682.7750244140625,20697.0
20699,M7,,SS Beam,,694.4400024414062,20692.0
20702,M7,,Ohmic,,753.5570068359375,20242.0
20703,M7,,Ohmic,,755.74951171875,20242.0
20707,M7,,Ohmic,,962.9569702148438,18527.0
20708,M7,,SS Beam,,1145.6639404296875,18527.0
20711,M7,,SS Beam,,1160.928466796875,18527.0
20713,M7,,SS Beam,,1119.844970703125,18527.0
20714,M7,,SS Beam,,1126.97998046875,18527.0
20715,M7,,SS Beam,,1127.12451171875,18527.0
20716,M7,,SS Beam,,1139.489990234375,18527.0
20728,M7,,SS Beam,,753.469482421875,17772.0
20766,M7,,SS Beam,,707.5285034179688,20759.0
20767,M7,,SS Beam,,687.1209716796875,20643.0
20769,M7,,SS Beam,,687.7520141601562,20765.0
20770,M7,,Ohmic,,670.1884765625,20765.0
20771,M7,,SS Beam,,684.7949829101562,20770.0
20772,M7,,SS Beam,,450.005126953125,20771.0
20773,M7,,SS Beam,,681.8861083984375,20772.0
20774,M7,,SS Beam,,688.0465087890625,20773.0
20775,M7,,SS Beam,,672.4295043945312,20774.0
20790,M7,,Ohmic,,755.3590087890625,20242.0
20791,M7,,Ohmic,,734.4805297851562,17838.0
20792,M7,,Ohmic,,728.84375,17838.0
20793,M7,,Ohmic,,726.0497436523438,17838.0
20794,M7,,Ohmic,,418.9772644042969,17176.0
20795,M7,,Ohmic,,418.59051513671875,17176.0
20796,M7,,Ohmic,,416.0122375488281,17176.0
20798,M7,,Ohmic,,416.3534851074219,20797.0
20799,M7,,Ohmic,,415.8857421875,20798.0
20800,M7,,SS Beam,,421.9775085449219,20799.0
20801,M7,,SS Beam,,421.5972595214844,20800.0
20802,M7,,SS Beam,,421.1629943847656,20801.0
20803,M7,,SS Beam,,421.5772399902344,20802.0
20805,M7,,SS Beam,,420.1109924316406,20804.0
20806,M7,,SS Beam,,422.3217468261719,20805.0
20807,M7,,SS Beam,,721.7244873046875,20793.0
20808,M7,,SS Beam,,722.9402465820312,20807.0
20809,M7,,SS Beam,,723.092529296875,20808.0
20810,M7,,SS Beam,,722.5957641601562,20809.0
20813,M7,,Ohmic,,755.6939697265625,20242.0
20814,M7,,SS Beam,,721.4842529296875,20810.0
20815,M7,,SS Beam,,731.2025146484375,20810.0
20816,M7,,SS Beam,,730.8270263671875,20810.0
20817,M7,,SS Beam,,676.8722534179688,20810.0
20818,M7,,SS Beam,,677.5663452148438,20810.0
20819,M7,,SS Beam,,727.488525390625,20810.0
20820,M7,,SS Beam,,730.1292724609375,20810.0
20821,M7,,SS Beam,,732.9974975585938,20810.0
20822,M7,,SS Beam,,730.865478515625,20810.0
20823,M7,,SS Beam,,740.3524780273438,20810.0
20824,M7,,SS Beam,,732.8759765625,20810.0
20825,M7,,SS Beam,,735.9039916992188,20810.0
20826,M7,,SS Beam,,733.2899780273438,20810.0
20827,M7,,SS Beam,,730.5127563476562,20810.0
20828,M7,,SS Beam,,728.7897338867188,20810.0
20831,M7,,Ohmic,,757.2039794921875,20242.0
20833,M7,,Ohmic,,243.576904296875,20479.0
20834,M7,,Ohmic,,681.3427734375,20833.0
20835,M7,,SS Beam,,692.6185302734375,20834.0
20836,M7,,SS Beam,,669.8311157226562,20835.0
20838,M7,,SS Beam,,684.7547607421875,20836.0
20839,M7,,SS Beam,,635.5640258789062,20838.0
20840,M7,,Ohmic,,614.349609375,20839.0
20841,M7,,SS Beam,,689.0659790039062,20840.0
20842,M7,,SS Beam,,692.8282470703125,20841.0
20843,M7,,SS Beam,,690.6380004882812,20842.0
20845,M7,,Ohmic,,671.3177490234375,20844.0
20846,M7,,SS Beam,,704.4749755859375,20845.0
20847,M7,,SS Beam,,688.0255126953125,20846.0
20848,M7,,SS Beam,,689.183349609375,20847.0
20849,M7,,SS Beam,,679.6494750976562,20848.0
20850,M7,,SS Beam,,673.1617431640625,20849.0
20851,M7,,Ohmic,,668.6680297851562,20850.0
20852,M7,,SS Beam,,675.0025024414062,20851.0
20853,M7,,SS Beam,,682.5494995117188,20852.0
20856,M7,,SS Beam,,674.14599609375,20852.0
20858,M7,,SS Beam,,675.6270141601562,20856.0
20859,M7,,SS Beam,,682.4619750976562,20856.0
20860,M7,,SS Beam,,674.853515625,20859.0
20861,M7,,SS Beam,,682.1815185546875,20860.0
20862,M7,,SS Beam,,673.0889892578125,20861.0
20863,M7,,SS Beam,,676.0650024414062,20862.0
20864,M7,,Ohmic,,416.3594970703125,20059.0
20865,M7,,Ohmic,,757.3464965820312,20242.0
20866,M7,,Ohmic,,676.802490234375,20479.0
20867,M7,,SS Beam,,690.0029907226562,20479.0
20868,M7,,SS Beam,,687.967529296875,20479.0
20869,M7,,Ohmic,,682.385498046875,20692.0
20870,M7,,SS Beam,,698.1320190429688,20692.0
20871,M7,,SS Beam,,687.4089965820312,20692.0
20872,M7,,SS Beam,,692.9429931640625,20692.0
20873,M7,,SS Beam,,689.3900146484375,20692.0
20874,M7,,SS Beam,,682.041015625,20692.0
20876,M7,,SS Beam,,685.9149780273438,20868.0
20877,M7,,SS Beam,,686.676025390625,20868.0
20878,M7,,SS Beam,,939.8309936523438,20872.0
20879,M7,,SS Beam,,950.8814697265625,20878.0
20880,M7,,SS Beam,,814.5260009765625,20879.0
20881,M7,,SS Beam,,955.4329833984375,20880.0
20884,M7,,Ohmic,,758.103515625,20242.0
20885,M7,,SS Beam,,625.9625244140625,20500.0
20886,M7,,SS Beam,,623.7548828125,20500.0
20887,M7,,SS Beam,,624.7662353515625,20500.0
20888,M7,,SS Beam,,625.583740234375,20500.0
20889,M7,,Ohmic,,623.8740234375,20500.0
20890,M7,,SS Beam,,623.311767578125,20500.0
20891,M7,,SS Beam,,625.6884765625,20500.0
20892,M7,,SS Beam,,628.343017578125,20500.0
20893,M7,,SS Beam,,634.2844848632812,20500.0
20894,M7,,SS Beam,,628.2252197265625,20500.0
20895,M7,,SS Beam,,627.3099975585938,20500.0
20896,M7,,SS Beam,,627.3104858398438,20890.0
20897,M7,,SS Beam,,626.5394897460938,20890.0
20898,M7,,Ohmic,,622.6325073242188,20890.0
20899,M7,,SS Beam,,626.1929931640625,20890.0
20900,M7,,SS Beam,,632.9240112304688,20890.0
20901,M7,,SS Beam,,629.35302734375,20890.0
20902,M7,,SS Beam,,627.844970703125,20890.0
20903,M7,,SS Beam,,630.385986328125,20890.0
20905,M7,,SS Beam,,635.3369750976562,20904.0
20909,M7,,Ohmic,,754.9285278320312,20242.0
20910,M7,,SS Beam,,628.302978515625,20901.0
20911,M7,,SS Beam,,624.8125,20910.0
20912,M7,,SS Beam,,622.1444702148438,20911.0
20913,M7,,SS Beam,,622.771484375,20912.0
20914,M7,,SS Beam,,623.7360229492188,20913.0
20915,M7,,SS Beam,,623.2335205078125,20914.0
20916,M7,,SS Beam,,623.0399780273438,20915.0
20917,M7,,Ohmic,,616.6307373046875,20916.0
20918,M7,,SS Beam,,627.5985107421875,20917.0
20919,M7,,SS Beam,,748.2960205078125,18740.0
20920,M7,,Ohmic,,730.29248046875,18740.0
20922,M7,,SS Beam,,742.1854858398438,20921.0
20923,M7,,SS Beam,,744.5029907226562,20922.0
20924,M7,,SS Beam,,747.2415161132812,20923.0
20925,M7,,SS Beam,,744.4320068359375,20924.0
20926,M7,,SS Beam,,747.8619995117188,20925.0
20927,M7,,SS Beam,,745.8134765625,20926.0
20928,M7,,SS Beam,,624.8843994140625,20927.0
20929,M7,,SS Beam,,625.9924926757812,20928.0
20930,M7,,SS Beam,,626.2055053710938,20929.0
20931,M7,,SS Beam,,625.5869750976562,20930.0
20933,M7,,SS Beam,,95.70051574707031,20932.0
20934,M7,,SS Beam,,93.52226257324219,20933.0
20961,M7,,Ohmic,,672.7163696289062,20518.0
20962,M7,,Ohmic,,416.6682434082031,19576.0
20963,M7,,Ohmic,,415.74700927734375,20962.0
20964,M7,,Ohmic,,675.0905151367188,20961.0
20965,M7,,Ohmic,,673.4833984375,20964.0
20966,M7,,Ohmic,,675.6010131835938,20965.0
20967,M7,,Ohmic,,675.7354736328125,20966.0
20968,M7,,Ohmic,,672.5738525390625,20967.0
20969,M7,,Ohmic,,416.1243896484375,20963.0
20970,M7,,Ohmic,,675.1104736328125,20968.0
20972,M7,,Ohmic,,677.6715087890625,20970.0
20976,M7,,Ohmic,,677.6055297851562,20966.0
20977,M7,,Ohmic,,672.6702270507812,20966.0
20978,M7,,Ohmic,,673.2670288085938,20966.0
20979,M7,,Ohmic,,673.0830078125,20966.0
20980,M7,,Ohmic,,671.614990234375,20966.0
20982,M7,,Ohmic,,675.3259887695312,20966.0
20983,M7,,Ohmic,,669.4454956054688,20966.0
20984,M7,,Ohmic,,672.2591552734375,20966.0
20985,M7,,Ohmic,,672.546142578125,20966.0
20996,M7,,Ohmic,,764.6849975585938,20242.0
20998,M7,,Ohmic,,756.5430297851562,20242.0
21004,M7,,Ohmic,,765.9464721679688,21003.0
21005,M7,,Ohmic,,420.27874755859375,19576.0
21006,M7,,Ohmic,,416.89349365234375,21005.0
21007,M7,,Ohmic,,418.9729919433594,21006.0
21008,M7,,Ohmic,,422.6787414550781,21007.0
21009,M7,,Ohmic,,420.97125244140625,21008.0
21010,M7,,Ohmic,,418.6050720214844,21009.0
21011,M7,,Ohmic,,419.79376220703125,21009.0
21013,M7,,Ohmic,,421.5284423828125,21011.0
21014,M7,,Ohmic,,418.989990234375,21013.0
21015,M7,,Ohmic,,420.1270751953125,21011.0
21016,M7,,Ohmic,,422.4704895019531,21015.0
21037,M7,,Ohmic,,755.6389770507812,20242.0
21040,M7,,SS Beam,,784.1065063476562,20604.0
21041,M7,,SS Beam,,780.046875,20610.0
21043,M7,,SS Beam,,783.9816284179688,21040.0
21044,M7,,Ohmic,,782.1130981445312,21040.0
21045,M7,,Ohmic,,766.0349731445312,18848.0
21046,M7,,Ohmic,,765.3474731445312,18848.0
21049,M7,,Ohmic,,766.10302734375,18848.0
21050,M7,,SS Beam,,779.9794921875,18848.0
21051,M7,,SS Beam,,775.8975219726562,18848.0
21055,M7,,Ohmic,,756.989990234375,20242.0
21056,M7,,SS Beam,,752.2802734375,21051.0
21059,M7,,Ohmic,,767.5670166015625,21051.0
21060,M7,,SS Beam,,779.29248046875,21051.0
21061,M7,,SS Beam,,774.2689819335938,21060.0
21062,M7,,SS Beam,,797.9857788085938,21061.0
21063,M7,,SS Beam,,763.8875122070312,21061.0
21066,M7,,SS Beam,,781.6535034179688,21061.0
21068,M7,,SS Beam,,764.0665283203125,21061.0
21069,M7,,SS Beam,,750.4180297851562,21061.0
21070,M7,,SS Beam,,765.9644775390625,21061.0
21071,M7,,SS Beam,,765.1507568359375,21061.0
21073,M7,,Ohmic,,767.541015625,21061.0
21074,M7,,Ohmic,,771.3477783203125,21061.0
21075,M7,,SS Beam,,768.8145141601562,21061.0
21084,M7,,Ohmic,,756.1119995117188,21083.0
21085,M7,,Ohmic,,750.5889892578125,21040.0
21086,M7,,SS Beam,,751.2639770507812,21085.0
21087,M7,,SS Beam,,757.1640014648438,21086.0
21160,M7,,Ohmic,,747.4185180664062,21078.0
21161,M7,,Ohmic,,746.8515014648438,21078.0
21164,M7,,Ohmic,,750.3394775390625,21160.0
21165,M7,,Ohmic,,755.093017578125,21160.0
21167,M7,,Ohmic,,755.4429931640625,21160.0
21168,M7,,Ohmic,,753.6129760742188,21160.0
21169,M7,,Ohmic,,758.8579711914062,21160.0
21170,M7,,Ohmic,,753.6129760742188,21160.0
21171,M7,,Ohmic,,756.8610229492188,21160.0
21172,M7,,Ohmic,,756.510009765625,16492.0
21252,M7,,Ohmic,,443.5516357421875,20059.0
21257,M7,,Ohmic,,419.3269958496094,20059.0
21258,M7,,Ohmic,,420.3345031738281,21257.0
21259,M7,,Ohmic,,415.4779968261719,21258.0
21260,M7,,Ohmic,,765.718017578125,20242.0
21262,M7,,Ohmic,,725.4415283203125,21261.0
21263,M7,,Ohmic,,727.073486328125,21262.0
21266,M7,,Ohmic,,727.1430053710938,21265.0
21267,M7,,Ohmic,,630.6687622070312,21266.0
21268,M7,,Ohmic,,627.5057373046875,21267.0
21269,M7,,Ohmic,,624.3784790039062,21268.0
21270,M7,,Ohmic,,625.4254760742188,21269.0
21271,M7,,Ohmic,,633.1325073242188,21267.0
21272,M7,,Ohmic,,631.7780151367188,21271.0
21273,M7,,Ohmic,,626.407470703125,21272.0
21274,M7,,Ohmic,,626.4525146484375,21273.0
21275,M7,,Ohmic,,632.405517578125,21274.0
21276,M7,,Ohmic,,626.9935302734375,21275.0
21277,M7,,Ohmic,,634.0960083007812,21276.0
21278,M7,,Ohmic,,631.7310180664062,21277.0
21280,M7,,Ohmic,,628.8814697265625,21278.0
21281,M7,,Ohmic,,759.8784790039062,21260.0
21284,M7,,Ohmic,,633.177001953125,21271.0
21285,M7,,Ohmic,,419.1033630371094,20449.0
21286,M7,,Ohmic,,417.7806396484375,21285.0
21287,M7,,Ohmic,,418.802001953125,21285.0
21288,M7,,Ohmic,,416.81976318359375,21287.0
21289,M7,,Ohmic,,418.9147644042969,21288.0
21290,M7,,Ohmic,,417.3132629394531,21288.0
21291,M7,,Ohmic,,417.1241149902344,21290.0
21292,M7,,Ohmic,,418.2883605957031,21291.0
21293,M7,,Ohmic,,413.2770080566406,21291.0
21294,M7,,Ohmic,,415.80523681640625,21293.0
21295,M7,,Ohmic,,417.5200500488281,21294.0
21296,M7,,Ohmic,,417.187744140625,21295.0
21297,M7,,Ohmic,,417.6929931640625,21296.0
21300,M7,,Ohmic,,415.62274169921875,21292.0
21301,M7,,Ohmic,,415.28125,21292.0
21302,M7,,Ohmic,,414.3612365722656,21292.0
21303,M7,,Ohmic,,415.60174560546875,21302.0
21304,M7,,Ohmic,,414.91448974609375,21302.0
21308,M7,,Ohmic,,628.1715087890625,21271.0
21309,M7,,Ohmic,,735.5390014648438,20927.0
21310,M7,,SS Beam,,729.1104736328125,20927.0
21311,M7,,SS Beam,,744.353515625,20927.0
21312,M7,,Ohmic,,735.1619873046875,20927.0
21313,M7,,Ohmic,,733.4249877929688,20927.0
21314,M7,,Ohmic,,733.093994140625,20927.0
21315,M7,,Ohmic,,733.9869995117188,20927.0
21316,M7,,Ohmic,,739.7440185546875,20927.0
21317,M7,,Ohmic,,736.7755126953125,20927.0
21318,M7,,Ohmic,,736.8099975585938,20927.0
21319,M7,,Ohmic,,734.0504760742188,21318.0
21320,M7,,Ohmic,,731.978759765625,21319.0
21321,M7,,Ohmic,,740.1079711914062,21320.0
21322,M7,,Ohmic,,740.9869995117188,21321.0
21323,M7,,SS Beam,,749.9190063476562,21322.0
21324,M7,,SS Beam,,739.1259765625,21323.0
21325,M7,,SS Beam,,744.989013671875,21323.0
21326,M7,,SS Beam,,748.5342407226562,21325.0
21327,M7,,SS Beam,,749.7340087890625,21326.0
21328,M7,,SS Beam,,749.8804931640625,21327.0
21329,M7,,SS Beam,,740.9094848632812,21328.0
21330,M7,,SS Beam,,751.1270141601562,21329.0
21331,M7,,SS Beam,,245.588134765625,21330.0
21332,M7,,SS Beam,,748.9030151367188,21330.0
21333,M7,,SS Beam,,682.5670166015625,20479.0
21336,M7,,Ohmic,,634.6389770507812,21308.0
21338,M7,,SS Beam,,742.9879760742188,21337.0
21339,M7,,SS Beam,,743.81201171875,21338.0
21340,M7,,SS Beam,,742.3704833984375,21339.0
21342,M7,,SS Beam,,745.5360107421875,21341.0
21343,M7,,Ohmic,,677.0289916992188,20479.0
21344,M7,,SS Beam,,691.3499755859375,21343.0
21346,M7,,SS Beam,,690.7025146484375,21345.0
21347,M7,,SS Beam,,793.6907348632812,21346.0
21348,M7,,SS Beam,,781.7992553710938,21347.0
21349,M7,,SS Beam,,745.947509765625,21342.0
21350,M7,,SS Beam,,742.6585083007812,21342.0
21351,M7,,SS Beam,,751.4965209960938,21350.0
21352,M7,,"2 Beams,SS Beam,SW Beam",,754.8599853515625,21351.0
21353,M7,,"2 Beams,SS Beam,SW Beam",,750.0380249023438,21352.0
21354,M7,,"2 Beams,SS Beam,SW Beam",,745.2255249023438,21353.0
21355,M7,,"2 Beams,SS Beam,SW Beam",,740.125,21354.0
21356,M7,,Ohmic,,417.7179870605469,21292.0
21357,M7,,Ohmic,,419.71099853515625,21356.0
21358,M7,,Ohmic,,418.99951171875,21357.0
21359,M7,,Ohmic,,417.32025146484375,21358.0
21362,M7,,Ohmic,,629.9254760742188,21308.0
21363,M7,,Ohmic,,213.08999633789062,20388.0
21365,M7,,Ohmic,,259.5451354980469,21364.0
21366,M7,,Ohmic,,57.58978271484375,21365.0
21367,M7,,Ohmic,,229.12542724609375,21366.0
21368,M7,,Ohmic,,213.8112030029297,21367.0
21369,M7,,Ohmic,,242.3037872314453,21367.0
21371,M7,,Ohmic,,222.6049041748047,21367.0
21372,M7,,Ohmic,,52.59895324707031,21367.0
21373,M7,,Ohmic,,18.601478576660156,21367.0
21374,M7,,Ohmic,,220.69281005859375,21367.0
21375,M7,,Ohmic,,240.79002380371094,21367.0
21376,M7,,Ohmic,,228.0218963623047,21367.0
21377,M7,,Ohmic,,237.564697265625,21367.0
21378,M7,,Ohmic,,248.8016815185547,21367.0
21379,M7,,Ohmic,,249.07077026367188,21367.0
21380,M7,,Ohmic,,248.2381591796875,21367.0
21384,M7,,Ohmic,,247.24835205078125,21378.0
21388,M7,,Ohmic,,628.2760009765625,21308.0
21391,M7,,Ohmic,,223.30979919433594,21378.0
21392,M7,,Ohmic,,226.42926025390625,21378.0
21393,M7,,Ohmic,,137.78868103027344,21378.0
21394,M7,,Ohmic,,242.8389129638672,21378.0
21396,M7,,Ohmic,,234.4400177001953,21378.0
21397,M7,,Ohmic,,230.28863525390625,21378.0
21398,M7,,Ohmic,,203.71975708007812,21394.0
21404,M7,,Ohmic,,228.1299285888672,21394.0
21405,M7,,Ohmic,,242.47869873046875,21390.0
21406,M7,,Ohmic,,166.89361572265625,21390.0
21407,M7,,Ohmic,,255.03134155273438,21390.0
21409,M7,,Ohmic,,269.68621826171875,21390.0
21412,M7,,Ohmic,,419.7244873046875,20059.0
21413,M7,,Ohmic,,421.68450927734375,20059.0
21414,M7,,Ohmic,,761.780517578125,20242.0
21415,M7,,SW Beam,,626.8536376953125,18808.0
21417,M7,,SW Beam,,629.7839965820312,21415.0
21419,M7,,SW Beam,,635.7372436523438,21418.0
21420,M7,,SW Beam,,631.3052368164062,21419.0
21421,M7,,SW Beam,,630.4569702148438,21420.0
21422,M7,,SW Beam,,633.5691528320312,21421.0
21424,M7,,SW Beam,,633.0951538085938,21421.0
21425,M7,,"2 Beams,SS Beam,SW Beam",,630.0350952148438,21424.0
21426,M7,,"2 Beams,SS Beam,SW Beam",,745.4869995117188,21326.0
21427,M7,,"2 Beams,SS Beam,SW Beam",,741.0134887695312,21426.0
21428,M7,,"2 Beams,SS Beam,SW Beam",,744.4815063476562,21427.0
21429,M7,,"2 Beams,SS Beam,SW Beam",,737.83349609375,21428.0
21430,M7,,"2 Beams,SS Beam,SW Beam",,749.697998046875,21429.0
21433,M7,,Ohmic,,630.7000122070312,21308.0
21434,M7,,Ohmic,,728.7687377929688,21430.0
21435,M7,,Ohmic,,735.6795043945312,21430.0
21436,M7,,"2 Beams,SS Beam,SW Beam",,753.9580078125,21430.0
21437,M7,,"2 Beams,SS Beam,SW Beam",,750.1165161132812,21430.0
21438,M7,,"2 Beams,SS Beam,SW Beam",,749.9224853515625,21430.0
21444,M7,,Ohmic,,630.6434936523438,21433.0
21445,M7,,"2 Beams,SS Beam,SW Beam",,741.6510009765625,21439.0
21446,M7,,"2 Beams,SS Beam,SW Beam",,751.3275146484375,21445.0
21447,M7,,Ohmic,,730.2952270507812,21445.0
21449,M7,,Ohmic,,733.0029907226562,21447.0
21450,M7,,"2 Beams,SS Beam,SW Beam",,749.8720092773438,21446.0
21452,M7,,SW Beam,,736.02001953125,21446.0
21453,M7,,"2 Beams,SS Beam,SW Beam",,735.593994140625,21446.0
21454,M7,,"2 Beams,SS Beam,SW Beam",,750.2064819335938,21446.0
21457,M7,,Ohmic,,634.91650390625,21308.0
21458,M7,,Ohmic,,626.96435546875,
21459,M7,,Ohmic,,631.5274047851562,
21461,M7,,Ohmic,,632.5582275390625,
21462,M7,,Ohmic,,633.4342651367188,
21463,M7,,Ohmic,,634.2066040039062,
21464,M7,,Ohmic,,634.4910278320312,
21465,M7,,Ohmic,,632.5843505859375,
21466,M7,,Ohmic,,632.4959716796875,
21467,M7,,Ohmic,,627.4303588867188,
21468,M7,,"2 Beams,SS Beam,SW Beam",,729.8809814453125,18567.0
21469,M7,,"2 Beams,SS Beam,SW Beam",,439.52398681640625,18567.0
21470,M7,,"2 Beams,SS Beam,SW Beam",,744.3165283203125,18567.0
21471,M7,,"2 Beams,SS Beam,SW Beam",,738.7625122070312,18567.0
21472,M7,,"2 Beams,SS Beam,SW Beam",,740.051025390625,21471.0
21473,M7,,"2 Beams,SS Beam,SW Beam",,740.5695190429688,21472.0
21474,M7,,"2 Beams,SS Beam,SW Beam",,738.521484375,21473.0
21475,M7,,"2 Beams,SS Beam,SW Beam",,746.20751953125,21473.0
21476,M7,,"2 Beams,SS Beam,SW Beam",,740.261474609375,21475.0
21479,M7,,Ohmic,,629.3405151367188,21308.0
21480,M7,,Ohmic,,635.926025390625,21462.0
21482,M7,,Ohmic,,628.5222778320312,21462.0
21483,M7,,Ohmic,,633.2821044921875,21462.0
21484,M7,,Ohmic,,632.0111083984375,21465.0
21485,M7,,Ohmic,,634.6241455078125,21464.0
21486,M7,,Ohmic,,636.2584838867188,21464.0
21487,M7,,Ohmic,,633.6729736328125,21463.0
21489,M7,,"2 Beams,SS Beam,SW Beam",,799.33447265625,21075.0
21490,M7,,Ohmic,,764.6484985351562,21489.0
21491,M7,,"2 Beams,SS Beam,SW Beam",,788.7152709960938,21490.0
21492,M7,,"2 Beams,SS Beam,SW Beam",,781.7744750976562,21491.0
21493,M7,,"2 Beams,SS Beam,SW Beam",,771.301513671875,21492.0
21498,M7,,Ohmic,,631.5869750976562,21479.0
21524,M7,,Ohmic,,605.8513793945312,21465.0
21499,M7,,Ohmic,,732.37548828125,17661.0
21501,M7,,SS Beam,,736.052490234375,17661.0
21502,M7,,SS Beam,,733.1699829101562,21501.0
21503,M7,,SS Beam,,732.8682250976562,21502.0
21504,M7,,"2 Beams,SS Beam,SW Beam",,742.4840087890625,21503.0
21505,M7,,"2 Beams,SS Beam,SW Beam",,733.979736328125,21503.0
21506,M7,,SS Beam,,735.2525024414062,21503.0
21507,M7,,SS Beam,,746.37451171875,21503.0
21508,M7,,SS Beam,,735.4229736328125,21503.0
21509,M7,,"2 Beams,SS Beam,SW Beam",,739.7357788085938,21505.0
21511,M7,,SW Beam,,736.1055297851562,21505.0
21512,M7,,SW Beam,,733.7265014648438,21505.0
21514,M7,,SW Beam,,735.156494140625,21505.0
21515,M7,,"2 Beams,SS Beam,SW Beam",,735.6785278320312,21505.0
21516,M7,,"2 Beams,SS Beam,SW Beam",,726.9755249023438,21505.0
21517,M7,,Ohmic,,734.6737670898438,20291.0
21518,M7,,SS Beam,,750.0,20291.0
21519,M7,,SS Beam,,742.5394897460938,21508.0
21523,M7,,Ohmic,,633.839111328125,21462.0
21525,M7,,Ohmic,,633.5416259765625,21465.0
21527,M7,,Ohmic,,632.8622436523438,21464.0
21532,M7,,Ohmic,,629.6530151367188,21463.0
21533,M7,,SW Beam,,629.009765625,21421.0
21534,M7,,"2 Beams,SS Beam,SW Beam",,629.3943481445312,21533.0
21535,M7,,SS Beam,,631.7999877929688,21534.0
21536,M7,,SS Beam,,626.9315185546875,21535.0
21537,M7,,SS Beam,,628.9724731445312,21536.0
21539,M7,,"2 Beams,SS Beam,SW Beam",,632.0184936523438,21538.0
21540,M7,,SS Beam,,627.1875,21539.0
21541,M7,,"2 Beams,SS Beam,SW Beam",,632.14501953125,21540.0
21542,M7,,"2 Beams,SS Beam,SW Beam",,630.885498046875,21541.0
21543,M7,,"2 Beams,SS Beam,SW Beam",,634.6486206054688,21542.0
21544,M7,,SS Beam,,633.9613647460938,21543.0
21545,M7,,"2 Beams,SS Beam,SW Beam",,631.3820190429688,21544.0
21548,M7,,Ohmic,,628.5175170898438,21308.0
21549,M7,,SW Beam,,742.6475219726562,21445.0
21550,M7,,"2 Beams,SS Beam,SW Beam",,750.135498046875,21549.0
21551,M7,,"2 Beams,SS Beam,SW Beam",,749.7144775390625,21549.0
21552,M7,,"2 Beams,SS Beam,SW Beam",,748.4135131835938,21549.0
21553,M7,,"2 Beams,SS Beam,SW Beam",,752.8070068359375,21549.0
21554,M7,,"2 Beams,SS Beam,SW Beam",,748.13525390625,21549.0
21555,M7,,"2 Beams,SS Beam,SW Beam",,751.6754760742188,21554.0
21556,M7,,"2 Beams,SS Beam,SW Beam",,747.4979858398438,21554.0
21557,M7,,"2 Beams,SS Beam,SW Beam",,750.4810180664062,21556.0
21558,M7,,"2 Beams,SS Beam,SW Beam",,744.7862548828125,21557.0
21559,M7,,"2 Beams,SS Beam,SW Beam",,753.1624755859375,21557.0
21560,M7,,"2 Beams,SS Beam,SW Beam",,750.3187255859375,21559.0
21561,M7,,"2 Beams,SS Beam,SW Beam",,691.217529296875,21560.0
21562,M7,,"2 Beams,SS Beam,SW Beam",,699.4752197265625,21560.0
21563,M7,,"2 Beams,SS Beam,SW Beam",,701.1129760742188,21560.0
21564,M7,,SW Beam,,687.2750244140625,21560.0
21565,M7,,"2 Beams,SS Beam,SW Beam",,691.5494995117188,21560.0
21566,M7,,"2 Beams,SS Beam,SW Beam",,750.4642333984375,21551.0
21567,M7,,"2 Beams,SS Beam,SW Beam",,749.613525390625,21551.0
21568,M7,,"2 Beams,SS Beam,SW Beam",,749.5980224609375,21551.0
21569,M7,,"2 Beams,SS Beam,SW Beam",,751.0974731445312,21551.0
21570,M7,,"2 Beams,SS Beam,SW Beam",,744.0850219726562,21551.0
21571,M7,,"2 Beams,SS Beam,SW Beam",,738.4500122070312,21551.0
21572,M7,,"2 Beams,SS Beam,SW Beam",,750.1065063476562,21551.0
21573,M7,,"2 Beams,SS Beam,SW Beam",,749.0917358398438,21551.0
21574,M7,,"2 Beams,SS Beam,SW Beam",,748.8920288085938,21551.0
21576,M7,,"2 Beams,SS Beam,SW Beam",,747.2985229492188,21551.0
21577,M7,,"2 Beams,SS Beam,SW Beam",,749.3590087890625,21551.0
21578,M7,,"2 Beams,SS Beam,SW Beam",,749.1129760742188,21551.0
21579,M7,,"2 Beams,SS Beam,SW Beam",,805.0225219726562,21551.0
21582,M7,,Ohmic,,631.176025390625,21308.0
21583,M7,,Ohmic,,682.0700073242188,21562.0
21584,M7,,Ohmic,,677.9019775390625,21583.0
21585,M7,,"2 Beams,SS Beam,SW Beam",,749.635498046875,21577.0
21586,M7,,"2 Beams,SS Beam,SW Beam",,739.7529907226562,21585.0
21588,M7,,Ohmic,,418.4549865722656,21292.0
21589,M7,,Ohmic,,418.6717529296875,21294.0
21590,M7,,Ohmic,,418.52130126953125,21588.0
21591,M7,,Ohmic,,680.25048828125,21584.0
21592,M7,,Ohmic,,678.2490234375,21591.0
21593,M7,,"2 Beams,SS Beam,SW Beam",,751.18798828125,21586.0
21594,M7,,"2 Beams,SS Beam,SW Beam",,751.8284912109375,21593.0
21595,M7,,"2 Beams,SS Beam,SW Beam",,695.9990234375,21584.0
21596,M7,,"2 Beams,SS Beam,SW Beam",,698.760498046875,21595.0
21618,M7,,Ohmic,,631.4935302734375,21308.0
21619,M7,,Ohmic,,631.89501953125,21308.0
21620,M7,,Ohmic,,630.2369995117188,21308.0
21621,M7,,Ohmic,,705.4152221679688,20776.0
21622,M7,,Ohmic,,729.4714965820312,18487.0
21623,M7,,Ohmic,,731.0289916992188,18487.0
21625,M7,,Ohmic,,731.8695068359375,18487.0
21628,M7,,SS Beam,,722.979248046875,18487.0
21635,M7,,Ohmic,,631.0225219726562,21278.0
21636,M7,,Ohmic,,628.989990234375,21278.0
21637,M7,,Ohmic,,632.1577758789062,21278.0
21638,M7,,Ohmic,,629.3272705078125,21278.0
21639,M7,,Ohmic,,629.7237548828125,21638.0
21640,M7,,Ohmic,,628.8519897460938,21639.0
21641,M7,,Ohmic,,831.5912475585938,21640.0
21642,M7,,Ohmic,,844.4710083007812,21640.0
21646,M7,,Ohmic,,630.7105102539062,21308.0
21647,M7,,SS Beam,,626.729736328125,20901.0
21648,M7,,SS Beam,,626.6519775390625,21647.0
21649,M7,,SS Beam,,622.03173828125,21648.0
21650,M7,,SS Beam,,623.7064819335938,21649.0
21651,M7,,SS Beam,,746.5469970703125,21650.0
21652,M7,,SS Beam,,724.3566284179688,21651.0
21653,M7,,SS Beam,,618.3447265625,21647.0
21654,M7,,SS Beam,,584.8767700195312,21653.0
21658,M7,,Ohmic,,638.7433471679688,21657.0
21663,M7,,Ohmic,,730.5040283203125,21662.0
21664,M7,,Ohmic,,725.6848754882812,21663.0
21665,M7,,Ohmic,,725.2125244140625,21664.0
21668,M7,,Ohmic,,618.6740112304688,21308.0
21669,M7,,SS Beam,,736.9389038085938,21651.0
21670,M7,,SS Beam,,732.9457397460938,21651.0
21671,M7,,SS Beam,,734.9219970703125,21651.0
21673,M7,,SS Beam,,748.0914916992188,21651.0
21682,M7,,Ohmic,,417.6994934082031,21294.0
21690,M7,,Ohmic,,629.8389892578125,
21691,M7,,Ohmic,,780.9237670898438,21690.0
21695,M7,,Ohmic,,630.760498046875,21308.0
21696,M7,,Ohmic,,417.98699951171875,
21697,M7,,Ohmic,,418.5069885253906,
21698,M7,,Ohmic,,418.9700012207031,
21699,M7,,Ohmic,,418.3695068359375,
21700,M7,,Ohmic,,417.62451171875,
21701,M7,,Ohmic,,418.49951171875,
21703,M7,,Ohmic,,417.8429870605469,
21704,M7,,Ohmic,,414.8757629394531,21703.0
21705,M7,,Ohmic,,415.8190002441406,21704.0
21706,M7,,Ohmic,,414.9842529296875,21704.0
21707,M7,,Ohmic,,417.2662353515625,21703.0
21708,M7,,Ohmic,,416.0769958496094,21703.0
21709,M7,,Ohmic,,415.4729919433594,21704.0
21711,M7,,Ohmic,,416.75048828125,21697.0
21712,M7,,Ohmic,,415.3450012207031,21697.0
21713,M7,,Ohmic,,415.22625732421875,21697.0
21714,M7,,Ohmic,,415.9177551269531,21697.0
21715,M7,,Ohmic,,671.7332763671875,21346.0
21716,M7,,Ohmic,,670.6692504882812,21715.0
21717,M7,,Ohmic,,640.07177734375,21716.0
21718,M7,,Ohmic,,670.4240112304688,21716.0
21719,M7,,Ohmic,,676.3928833007812,21716.0
21723,M7,,Ohmic,,629.91748046875,21308.0
21724,M7,,Ohmic,,672.8070068359375,21718.0
21725,M7,,Ohmic,,673.989013671875,21724.0
21727,M7,,Ohmic,,625.5552368164062,21726.0
21728,M7,,Ohmic,,623.9660034179688,21727.0
21729,M7,,Ohmic,,622.0364990234375,21728.0
21730,M7,,Ohmic,,414.6860046386719,21708.0
21731,M7,,SS Beam,,630.3724975585938,21729.0
21732,M7,,SS Beam,,634.906005859375,21731.0
21733,M7,,SS Beam,,636.4650268554688,21732.0
21735,M7,,SS Beam,,426.9127502441406,
21738,M7,,SS Beam,,426.4522399902344,21735.0
21739,M7,,SS Beam,,425.67999267578125,21738.0
21740,M7,,SS Beam,,422.3132629394531,21739.0
21741,M7,,SS Beam,,422.1919860839844,21740.0
21742,M7,,SS Beam,,419.1102600097656,21740.0
21744,M7,,SS Beam,,698.5285034179688,21715.0
21748,M7,,SS Beam,,685.1510009765625,21715.0
21749,M7,,SS Beam,,691.9495239257812,21715.0
21750,M7,,SS Beam,,742.6444702148438,21585.0
21752,M7,,SS Beam,,742.865478515625,21585.0
21753,M7,,SS Beam,,734.5800170898438,21585.0
21754,M7,,SS Beam,,741.8264770507812,21585.0
21756,M7,,SS Beam,,631.417724609375,21733.0
21761,M7,,Ohmic,,631.9000244140625,21723.0
21762,M7,,SS Beam,,632.9854736328125,21756.0
21763,M7,,SS Beam,,622.6232299804688,21762.0
21764,M7,,SS Beam,,634.9952392578125,21763.0
21766,M7,,SS Beam,,556.2633666992188,21762.0
21767,M7,,SS Beam,,627.2696533203125,21762.0
21768,M7,,SS Beam,,635.9235229492188,21762.0
21769,M7,,SS Beam,,632.9254760742188,21762.0
21770,M7,,SS Beam,,631.8692626953125,21769.0
21771,M7,,SS Beam,,634.3252563476562,21770.0
21772,M7,,SS Beam,,635.5584716796875,21771.0
21773,M7,,Ohmic,,413.3997497558594,21711.0
21774,M7,,SS Beam,,423.8169860839844,21740.0
21775,M7,,Ohmic,,415.00250244140625,21774.0
21776,M7,,SS Beam,,418.1300048828125,21775.0
21777,M7,,SS Beam,,742.7269897460938,21508.0
21778,M7,,SS Beam,,723.4114990234375,21777.0
21779,M7,,SS Beam,,740.708984375,21778.0
21780,M7,,Ohmic,,728.7650146484375,21779.0
21781,M7,,SS Beam,,737.4849853515625,21780.0
21782,M7,,SS Beam,,732.3880004882812,21781.0
21783,M7,,SS Beam,,743.6229858398438,21782.0
21784,M7,,SS Beam,,740.3355102539062,21783.0
21785,M7,,SS Beam,,741.1024780273438,21784.0
21786,M7,,SS Beam,,746.259521484375,21785.0
21787,M7,,SS Beam,,739.9144897460938,21786.0
21788,M7,,SS Beam,,744.1484985351562,21787.0
21789,M7,,SS Beam,,734.7689819335938,21783.0
21790,M7,,SS Beam,,742.2940063476562,21789.0
21791,M7,,Ohmic,,419.7168884277344,21783.0
21792,M7,,SS Beam,,735.1127319335938,21790.0
21793,M7,,SS Beam,,852.45849609375,21787.0
21796,M7,,Ohmic,,630.1024780273438,21308.0
21797,M7,,SS Beam,,632.7176513671875,21533.0
21798,M7,,SS Beam,,628.5123901367188,21533.0
21799,M7,,SS Beam,,631.7424926757812,21533.0
21800,M7,,Ohmic,,628.1161499023438,21533.0
21801,M7,,SS Beam,,631.2796020507812,21533.0
21802,M7,,SS Beam,,631.6328735351562,21533.0
21803,M7,,SS Beam,,628.5296020507812,21533.0
21804,M7,,SS Beam,,630.8676147460938,21533.0
21806,M7,,SS Beam,,631.5591430664062,21533.0
21807,M7,,SS Beam,,630.8284912109375,21803.0
21808,M7,,SS Beam,,634.1253662109375,21803.0
21809,M7,,SS Beam,,626.8134765625,21803.0
21810,M7,,SS Beam,,739.7902221679688,12886.0
21811,M7,,SS Beam,,743.552001953125,12886.0
21815,M7,,Ohmic,,420.2607421875,20059.0
21816,M7,,Ohmic,,421.3219909667969,20059.0
21817,M7,,Ohmic,,419.7690124511719,20059.0
21820,M7,,Ohmic,,419.92401123046875,20059.0
21821,M7,,SS Beam,,739.552001953125,21811.0
21822,M7,,SS Beam,,670.530517578125,21821.0
21823,M7,,SS Beam,,762.0050048828125,21821.0
21824,M7,,SS Beam,,723.01025390625,21823.0
21825,M7,,SS Beam,,757.8410034179688,21824.0
21826,M7,,Ohmic,,739.9660034179688,18376.0
21827,M7,,SS Beam,,730.4312744140625,21826.0
21828,M7,,SS Beam,,750.4819946289062,21827.0
21829,M7,,SS Beam,,735.0672607421875,21828.0
21831,M7,,SS Beam,,744.718017578125,21830.0
21832,M7,,SS Beam,,754.2135009765625,21831.0
21833,M7,,SS Beam,,943.2684936523438,21832.0
21835,M7,,SS Beam,,939.740478515625,21834.0
21836,M7,,SS Beam,,929.4717407226562,21835.0
21837,M7,,SS Beam,,941.2365112304688,21836.0
21838,M7,,Ohmic,,929.1069946289062,21837.0
21841,M7,,Ohmic,,632.8720092773438,21308.0
21844,M7,,Ohmic,,626.7842407226562,18713.0
21845,M7,,Ohmic,,623.4605102539062,18713.0
21846,M7,,Ohmic,,629.0848999023438,18713.0
21847,M7,,Ohmic,,628.1988525390625,18713.0
21848,M7,,Ohmic,,623.3629760742188,18713.0
21849,M7,,Ohmic,,624.7418823242188,18713.0
21850,M7,,Ohmic,,623.3651123046875,18713.0
21851,M7,,Ohmic,,623.36474609375,18713.0
21853,M7,,Ohmic,,625.4290161132812,18713.0
21854,M7,,Ohmic,,630.4553833007812,18713.0
21855,M7,,Ohmic,,623.457763671875,18713.0
21856,M7,,Ohmic,,416.69073486328125,21712.0
21857,M7,,Ohmic,,414.41351318359375,21712.0
21858,M7,,Ohmic,,416.9567565917969,21712.0
21859,M7,,Ohmic,,417.2149963378906,21712.0
21860,M7,,Ohmic,,416.2351379394531,21712.0
21861,M7,,Ohmic,,417.1960144042969,21712.0
21862,M7,,Ohmic,,417.71142578125,21712.0
21863,M7,,Ohmic,,417.7464904785156,21712.0
21866,M7,,Ohmic,,627.8590087890625,21308.0
21867,M7,,Ohmic,,415.4389953613281,21775.0
21868,M7,,Ohmic,,673.4244995117188,21719.0
21869,M7,,Ohmic,,673.760498046875,21868.0
21870,M7,,Ohmic,,673.2860107421875,21868.0
21871,M7,,Ohmic,,676.7057495117188,21868.0
21872,M7,,Ohmic,,673.2575073242188,21868.0
21873,M7,,Ohmic,,680.094482421875,21872.0
21874,M7,,Ohmic,,677.467529296875,21872.0
21875,M7,,Ohmic,,677.1270141601562,21872.0
21876,M7,,Ohmic,,677.1202392578125,21872.0
21877,M7,,Ohmic,,677.1185302734375,21872.0
21879,M7,,Ohmic,,676.1902465820312,21872.0
21881,M7,,Ohmic,,677.1864013671875,21872.0
21882,M7,,SW Beam,,672.3400268554688,21881.0
21883,M7,,SW Beam,,753.3104858398438,13369.0
21884,M7,,SW Beam,,740.1492309570312,21883.0
21886,M7,,SW Beam,,743.8544921875,21885.0
21887,M7,,SW Beam,,744.3330078125,21886.0
21888,M7,,"2 Beams,SS Beam,SW Beam",,742.365478515625,21887.0
21889,M7,,"2 Beams,SS Beam,SW Beam",,747.7974853515625,21888.0
21890,M7,,"2 Beams,SS Beam,SW Beam",,750.7755126953125,21889.0
21891,M7,,SS Beam,,743.6309814453125,21890.0
21892,M7,,SS Beam,,745.6941528320312,21891.0
21895,M7,,Ohmic,,630.021484375,21308.0
21896,M7,,SS Beam,,755.4459838867188,21832.0
21897,M7,,SS Beam,,749.8709716796875,21832.0
21898,M7,,Ohmic,,740.4710083007812,21832.0
21899,M7,,SS Beam,,765.1640014648438,21832.0
21900,M7,,SS Beam,,759.9644775390625,21832.0
21901,M7,,SS Beam,,755.1119995117188,21900.0
21902,M7,,"2 Beams,SS Beam,SW Beam",,756.0889892578125,21900.0
21904,M7,,"2 Beams,SS Beam,SW Beam",,759.9539794921875,21903.0
21905,M7,,"2 Beams,SS Beam,SW Beam",,758.9254760742188,21904.0
21906,M7,,"2 Beams,SS Beam,SW Beam",,746.22802734375,21904.0
21907,M7,,"2 Beams,SS Beam,SW Beam",,952.9730224609375,21838.0
21908,M7,,"2 Beams,SS Beam,SW Beam",,932.0659790039062,21907.0
21909,M7,,"2 Beams,SS Beam,SW Beam",,931.3480224609375,21907.0
21910,M7,,"2 Beams,SS Beam,SW Beam",,929.9219970703125,21907.0
21911,M7,,"2 Beams,SS Beam,SW Beam",,953.9044799804688,21907.0
21912,M7,,SS Beam,,669.7064819335938,21911.0
21913,M7,,"2 Beams,SS Beam,SW Beam",,957.5360107421875,21912.0
21916,M7,,Ohmic,,627.3309936523438,21308.0
21917,M7,,Ohmic,,670.2014770507812,21882.0
21918,M7,,Ohmic,,669.8839721679688,21882.0
21919,M7,,"2 Beams,SS Beam,SW Beam",,742.010498046875,21593.0
21920,M7,,"2 Beams,SS Beam,SW Beam",,744.4755249023438,21593.0
21921,M7,,"2 Beams,SS Beam,SW Beam",,749.1580200195312,21593.0
21922,M7,,"2 Beams,SS Beam,SW Beam",,738.7545166015625,21593.0
21923,M7,,"2 Beams,SS Beam,SW Beam",,749.8245239257812,21593.0
21924,M7,,"2 Beams,SS Beam,SW Beam",,629.0701293945312,21771.0
21925,M7,,SW Beam,,623.7164916992188,21771.0
21926,M7,,"2 Beams,SS Beam,SW Beam",,630.8298950195312,21771.0
21927,M7,,"2 Beams,SS Beam,SW Beam",,628.672607421875,21771.0
21928,M7,,SW Beam,,624.2369995117188,21771.0
21929,M7,,"2 Beams,SS Beam,SW Beam",,627.9169921875,21771.0
21930,M7,,"2 Beams,SS Beam,SW Beam",,627.6673583984375,21771.0
21931,M7,,"2 Beams,SS Beam,SW Beam",,624.4201049804688,21771.0
21932,M7,,"2 Beams,SS Beam,SW Beam",,627.8843994140625,21771.0
21933,M7,,"2 Beams,SS Beam,SW Beam",,627.5182495117188,21771.0
21934,M7,,SS Beam,,762.60498046875,18571.0
21935,M7,,SW Beam,,761.2769775390625,18571.0
21937,M7,,"2 Beams,SS Beam,SW Beam",,771.4429931640625,21935.0
21938,M7,,"2 Beams,SS Beam,SW Beam",,772.5582275390625,21935.0
21939,M7,,SW Beam,,760.5560302734375,21935.0
21940,M7,,"2 Beams,SS Beam,SW Beam",,771.3984985351562,21935.0
21941,M7,,"2 Beams,SS Beam,SW Beam",,773.9152221679688,21935.0
21943,M7,,"2 Beams,SS Beam,SW Beam",,766.373779296875,21935.0
21944,M7,,Ohmic,,635.0590209960938,21308.0
21945,M7,,"2 Beams,SS Beam,SW Beam",,770.7274780273438,21935.0
21946,M7,,"2 Beams,SS Beam,SW Beam",,1156.9749755859375,18617.0
21947,M7,,"2 Beams,SS Beam,SW Beam",,1141.6300048828125,21946.0
21951,M7,,Ohmic,,759.884521484375,21260.0
21952,M7,,Ohmic,,757.886474609375,21951.0
21953,M7,,Ohmic,,687.82373046875,21952.0
21954,M7,,Ohmic,,631.0289916992188,21308.0
21956,M7,,SS Beam,,625.8734741210938,21955.0
21957,M7,,"2 Beams,SS Beam,SW Beam",,628.2319946289062,21956.0
21958,M7,,Ohmic,,632.95751953125,21308.0
21959,M7,,Ohmic,,628.16748046875,21958.0
21962,M7,,Ohmic,,419.0610046386719,20059.0
21963,M7,,Ohmic,,420.4544982910156,20059.0
21964,M7,,Ohmic,,420.3074951171875,20059.0
21965,M7,,SS Beam,,756.322021484375,21832.0
21966,M7,,SW Beam,,758.4439697265625,21832.0
21967,M7,,"2 Beams,SS Beam,SW Beam",,772.4940185546875,21941.0
21968,M7,,"2 Beams,SS Beam,SW Beam",,749.6897583007812,21832.0
21969,M7,,"2 Beams,SS Beam,SW Beam",,764.072021484375,21832.0
21970,M7,,"2 Beams,SS Beam,SW Beam",,751.1090087890625,21832.0
21971,M7,,SW Beam,,747.0255126953125,21832.0
21972,M7,,"2 Beams,SS Beam,SW Beam",,752.2550048828125,21967.0
21973,M7,,"2 Beams,SS Beam,SW Beam",,746.396484375,21972.0
21974,M7,,"2 Beams,SS Beam,SW Beam",,752.7080078125,21973.0
21975,M7,,"2 Beams,SS Beam,SW Beam",,761.3159790039062,21974.0
21976,M7,,"2 Beams,SS Beam,SW Beam",,947.85498046875,21907.0
21977,M7,,"2 Beams,SS Beam,SW Beam",,935.1514892578125,21976.0
21978,M7,,"2 Beams,SS Beam,SW Beam",,946.3099975585938,21977.0
21979,M7,,"2 Beams,SS Beam,SW Beam",,958.0830078125,21978.0
21980,M7,,"2 Beams,SS Beam,SW Beam",,944.3994750976562,21979.0
21981,M7,,"2 Beams,SS Beam,SW Beam",,940.8775024414062,21980.0
21982,M7,,"2 Beams,SS Beam,SW Beam",,949.5139770507812,21981.0
21983,M7,,"2 Beams,SS Beam,SW Beam",,940.91748046875,21982.0
21984,M7,,"2 Beams,SS Beam,SW Beam",,927.2739868164062,21983.0
21985,M7,,"2 Beams,SS Beam,SW Beam",,940.5330200195312,21984.0
21986,M7,,"2 Beams,SS Beam,SW Beam",,961.5454711914062,21985.0
21987,M7,,"2 Beams,SS Beam,SW Beam",,943.1304931640625,21986.0
21988,M7,,"2 Beams,SS Beam,SW Beam",,942.3035278320312,21987.0
21989,M7,,"2 Beams,SS Beam,SW Beam",,942.6389770507812,21988.0
21990,M7,,"2 Beams,SS Beam,SW Beam",,751.791015625,21974.0
21994,M7,,Ohmic,,630.9085083007812,21308.0
21996,M7,,Ohmic,,625.5491333007812,21544.0
21997,M7,,"2 Beams,SS Beam,SW Beam",,634.6199951171875,21544.0
21998,M7,,"2 Beams,SS Beam,SW Beam",,631.7347412109375,21544.0
21999,M7,,"2 Beams,SS Beam,SW Beam",,634.4259033203125,21544.0
22000,M7,,"2 Beams,SS Beam,SW Beam",,632.5460205078125,21999.0
22001,M7,,"2 Beams,SS Beam,SW Beam",,632.8312377929688,22000.0
22002,M7,,"2 Beams,SS Beam,SW Beam",,632.6127319335938,22001.0
22003,M7,,"2 Beams,SS Beam,SW Beam",,637.3629760742188,22000.0
22004,M7,,"2 Beams,SS Beam,SW Beam",,636.9924926757812,22003.0
22006,M7,,SS Beam,,630.7316284179688,22000.0
22008,M7,,SS Beam,,622.7813720703125,22007.0
22009,M7,,"2 Beams,SS Beam,SW Beam",,633.7083740234375,22000.0
22010,M7,,SS Beam,,788.4439697265625,22009.0
22011,M7,,SW Beam,,790.969482421875,22010.0
22012,M7,,"2 Beams,SS Beam,SW Beam",,801.156494140625,22011.0
22014,M7,,"2 Beams,SS Beam,SW Beam",,799.5885009765625,22013.0
22015,M7,,"2 Beams,SS Beam,SW Beam",,800.1389770507812,22012.0
22016,M7,,"2 Beams,SS Beam,SW Beam",,793.626220703125,22014.0
22017,M7,,"2 Beams,SS Beam,SW Beam",,794.0113525390625,22016.0
22018,M7,,SS Beam,,628.896484375,22000.0
22022,M7,,Ohmic,,629.7650146484375,21308.0
22023,M7,,SS Beam,,633.3648681640625,22003.0
22024,M7,,SS Beam,,634.83837890625,22023.0
22025,M7,,SS Beam,,634.5478515625,22024.0
22026,M7,,"2 Beams,SS Beam,SW Beam",,636.1187744140625,22025.0
22027,M7,,SS Beam,,631.1437377929688,22026.0
22028,M7,,Ohmic,,635.0684814453125,22027.0
22030,M7,,"2 Beams,SS Beam,SW Beam",,635.6425170898438,22026.0
22031,M7,,"2 Beams,SS Beam,SW Beam",,633.1287231445312,22026.0
22032,M7,,"2 Beams,SS Beam,SW Beam",,638.3741455078125,22026.0
22033,M7,,SS Beam,,631.8804931640625,22024.0
22035,M7,,"2 Beams,SS Beam,SW Beam",,632.927978515625,22034.0
22036,M7,,"2 Beams,SS Beam,SW Beam",,633.9389038085938,22035.0
22037,M7,,"2 Beams,SS Beam,SW Beam",,631.2662353515625,22036.0
22038,M7,,"2 Beams,SS Beam,SW Beam",,847.1057739257812,22037.0
22039,M7,,"2 Beams,SS Beam,SW Beam",,839.66748046875,22038.0
22040,M7,,"2 Beams,SS Beam,SW Beam",,811.8715209960938,22039.0
22041,M7,,SW Beam,,844.41650390625,22040.0
22042,M7,,"2 Beams,SS Beam,SW Beam",,845.3259887695312,22041.0
22043,M7,,"2 Beams,SS Beam,SW Beam",,842.760986328125,22042.0
22044,M7,,"2 Beams,SS Beam,SW Beam",,848.1434936523438,22043.0
22045,M7,,"2 Beams,SS Beam,SW Beam",,850.9304809570312,22044.0
22046,M7,,"2 Beams,SS Beam,SW Beam",,843.0900268554688,22045.0
22047,M7,,"2 Beams,SS Beam,SW Beam",,852.3942260742188,22046.0
22048,M7,,"2 Beams,SS Beam,SW Beam",,735.2365112304688,22047.0
22051,M7,,Ohmic,,628.3839721679688,21308.0
22052,M7,,"2 Beams,SS Beam,SW Beam",,763.5465087890625,21896.0
22053,M7,,"2 Beams,SS Beam,SW Beam",,758.9140014648438,22052.0
22054,M7,,"2 Beams,SS Beam,SW Beam",,758.2239990234375,22052.0
22055,M7,,"2 Beams,SS Beam,SW Beam",,744.9210205078125,22054.0
22056,M7,,"2 Beams,SS Beam,SW Beam",,759.1129760742188,22054.0
22057,M7,,"2 Beams,SS Beam,SW Beam",,760.5369873046875,22054.0
22058,M7,,"2 Beams,SS Beam,SW Beam",,851.7009887695312,22054.0
22059,M7,,"2 Beams,SS Beam,SW Beam",,762.1190185546875,22054.0
22060,M7,,"2 Beams,SS Beam,SW Beam",,759.1719970703125,22054.0
22061,M7,,"2 Beams,SS Beam,SW Beam",,750.5255126953125,22054.0
22062,M7,,SS Beam,,725.197509765625,20824.0
22063,M7,,SS Beam,,725.8787231445312,20824.0
22064,M7,,SS Beam,,723.9334716796875,20824.0
22065,M7,,SS Beam,,723.87548828125,20824.0
22066,M7,,SS Beam,,731.624755859375,20824.0
22070,M7,,Ohmic,,624.697998046875,21308.0
22071,M7,,SS Beam,,741.4199829101562,21783.0
22072,M7,,SS Beam,,746.0360107421875,21783.0
22073,M7,,"2 Beams,SS Beam,SW Beam",,742.4240112304688,21781.0
22075,M7,,SW Beam,,744.6694946289062,22072.0
22077,M7,,SW Beam,,744.2794799804688,21781.0
22078,M7,,SS Beam,,739.3049926757812,22077.0
22080,M7,,"2 Beams,SS Beam,SW Beam",,747.573486328125,22073.0
22081,M7,,"2 Beams,SS Beam,SW Beam",,740.593505859375,22073.0
22082,M7,,"2 Beams,SS Beam,SW Beam",,749.8624877929688,22081.0
22083,M7,,"2 Beams,SS Beam,SW Beam",,950.7244873046875,21989.0
22084,M7,,"2 Beams,SS Beam,SW Beam",,944.3770141601562,22083.0
22085,M7,,"2 Beams,SS Beam,SW Beam",,932.9039916992188,22084.0
22086,M7,,"2 Beams,SS Beam,SW Beam",,940.5084838867188,22084.0
22088,M7,,"2 Beams,SS Beam,SW Beam",,935.260498046875,22084.0
22089,M7,,"2 Beams,SS Beam,SW Beam",,930.9935302734375,22088.0
22091,M7,,"2 Beams,SS Beam,SW Beam",,949.9242553710938,22090.0
22092,M7,,"2 Beams,SS Beam,SW Beam",,951.1514892578125,22091.0
22093,M7,,"2 Beams,SS Beam,SW Beam",,953.20947265625,22091.0
22094,M7,,"2 Beams,SS Beam,SW Beam",,953.6437377929688,22091.0
22095,M7,,"2 Beams,SS Beam,SW Beam",,952.2482299804688,22094.0
22098,M7,,Ohmic,,624.3800048828125,21308.0
22099,M7,,"2 Beams,SS Beam,SW Beam",,949.9217529296875,22091.0
22100,M7,,"2 Beams,SS Beam,SW Beam",,949.8394775390625,22091.0
22101,M7,,"2 Beams,SS Beam,SW Beam",,955.3984985351562,22091.0
22102,M7,,"2 Beams,SS Beam,SW Beam",,948.3350219726562,22091.0
22105,M7,,"2 Beams,SS Beam,SW Beam",,947.4422607421875,22091.0
22107,M7,,"2 Beams,SS Beam,SW Beam",,613.0349731445312,22106.0
22110,M7,,Ohmic,,625.657470703125,21308.0
22111,M7,,"2 Beams,SS Beam,SW Beam",,955.031982421875,22102.0
22112,M7,,"2 Beams,SS Beam,SW Beam",,951.509765625,22102.0
22113,M7,,"2 Beams,SS Beam,SW Beam",,948.876220703125,22102.0
22114,M7,,"2 Beams,SS Beam,SW Beam",,949.4952392578125,22113.0
22115,M7,,SW Beam,,944.6585083007812,22113.0
22116,M7,,"2 Beams,SS Beam,SW Beam",,951.5494995117188,22113.0
22117,M7,,"2 Beams,SS Beam,SW Beam",,950.7650146484375,22113.0
22118,M7,,"2 Beams,SS Beam,SW Beam",,949.5454711914062,22113.0
22119,M7,,SW Beam,,944.3884887695312,22113.0
22120,M7,,Ohmic,,934.9837646484375,22113.0
22121,M7,,"2 Beams,SS Beam,SW Beam",,935.0567626953125,22113.0
22122,M7,,"2 Beams,SS Beam,SW Beam",,948.6160278320312,22113.0
22123,M7,,"2 Beams,SS Beam,SW Beam",,948.9349975585938,22113.0
22124,M7,,SW Beam,,943.885498046875,22113.0
22125,M7,,"2 Beams,SS Beam,SW Beam",,946.2960205078125,22113.0
22126,M7,,"2 Beams,SS Beam,SW Beam",,949.84326171875,22113.0
22127,M7,,Ohmic,,950.1717529296875,22121.0
22128,M7,,"2 Beams,SS Beam,SW Beam",,855.1735229492188,16080.0
22129,M7,,"2 Beams,SS Beam,SW Beam",,859.7310180664062,22128.0
22131,M7,,"2 Beams,SS Beam,SW Beam",,844.7744750976562,22130.0
22132,M7,,"2 Beams,SS Beam,SW Beam",,841.9879760742188,22131.0
22133,M7,,"2 Beams,SS Beam,SW Beam",,864.4954833984375,22132.0
22134,M7,,"2 Beams,SS Beam,SW Beam",,844.9840087890625,22133.0
22135,M7,,"2 Beams,SS Beam,SW Beam",,850.5955200195312,22134.0
22136,M7,,SS Beam,,841.0989990234375,22135.0
22137,M7,,"2 Beams,SS Beam,SW Beam",,844.655029296875,22136.0
22138,M7,,"2 Beams,SS Beam,SW Beam",,848.3284912109375,22137.0
22139,M7,,"2 Beams,SS Beam,SW Beam",,728.7781372070312,22129.0
22140,M7,,"2 Beams,SS Beam,SW Beam",,849.7780151367188,22139.0
22141,M7,,SS Beam,,811.16748046875,22140.0
22144,M7,,Ohmic,,757.6754760742188,21260.0
22145,M7,,Ohmic,,768.0955200195312,22144.0
22146,M7,,Ohmic,,631.363525390625,21308.0
22148,M7,,Ohmic,,637.3347778320312,22038.0
22149,M7,,Ohmic,,624.5458984375,22148.0
22151,M7,,Ohmic,,627.1810302734375,22149.0
22152,M7,,Ohmic,,627.11474609375,22151.0
22153,M7,,SS Beam,,627.2589721679688,22152.0
22154,M7,,SS Beam,,629.8666381835938,22152.0
22155,M7,,SS Beam,,623.93798828125,22152.0
22156,M7,,SS Beam,,630.8040161132812,22152.0
22157,M7,,SS Beam,,628.9947509765625,22152.0
22158,M7,,SS Beam,,630.1571044921875,22152.0
22159,M7,,SS Beam,,630.464111328125,22152.0
22160,M7,,SS Beam,,633.718994140625,22152.0
22162,M7,,SS Beam,,635.10400390625,22152.0
22163,M7,,SS Beam,,629.0008544921875,22152.0
22167,M7,,Ohmic,,625.9564819335938,21308.0
22168,M7,,SS Beam,,425.4215087890625,21735.0
22169,M7,,SS Beam,,428.04998779296875,22168.0
22170,M7,,SS Beam,,426.7204895019531,22168.0
22171,M7,,SS Beam,,424.9482421875,22170.0
22172,M7,,SS Beam,,427.42974853515625,22171.0
22173,M7,,SS Beam,,428.6187438964844,22172.0
22174,M7,,SS Beam,,427.6827392578125,22173.0
22175,M7,,SS Beam,,427.9492492675781,22174.0
22176,M7,,SS Beam,,428.08349609375,22174.0
22177,M7,,SS Beam,,441.3007507324219,22176.0
22178,M7,,SS Beam,,423.1335144042969,22177.0
22179,M7,,SW Beam,,424.9722595214844,22178.0
22180,M7,,Ohmic,,415.3955078125,21775.0
22181,M7,,Ohmic,,412.6152648925781,22180.0
22182,M7,,SS Beam,,423.84375,22179.0
22183,M7,,SS Beam,,423.6187438964844,22179.0
22184,M7,,"2 Beams,SS Beam,SW Beam",,854.9739990234375,22140.0
22188,M7,,Ohmic,,660.4469604492188,22140.0
22189,M7,,"2 Beams,SS Beam,SW Beam",,789.8994750976562,22188.0
22190,M7,,"2 Beams,SS Beam,SW Beam",,850.7822265625,22188.0
22191,M7,,"2 Beams,SS Beam,SW Beam",,832.0233764648438,22190.0
22192,M7,,"2 Beams,SS Beam,SW Beam",,838.6849975585938,22190.0
22195,M7,,Ohmic,,633.198486328125,21308.0
22196,M7,,SS Beam,,425.9280090332031,22183.0
22197,M7,,SS Beam,,425.67999267578125,22196.0
22199,M7,,SS Beam,,427.1575012207031,22196.0
22200,M7,,"2 Beams,SS Beam,SW Beam",,426.1787414550781,22196.0
22206,M7,,SS Beam,,428.29150390625,22197.0
22209,M7,,Ohmic,,627.87548828125,21308.0
22210,M7,,SS Beam,,428.3732604980469,22197.0
22211,M7,,SS Beam,,426.86749267578125,22210.0
22212,M7,,Ohmic,,943.8492431640625,22121.0
22213,M7,,Ohmic,,939.9010009765625,22121.0
22214,M7,,Ohmic,,943.9014892578125,22121.0
22215,M7,,SS Beam,,745.6060180664062,21585.0
22216,M7,,SS Beam,,744.4920043945312,21585.0
22217,M7,,Ohmic,,941.728759765625,22122.0
22219,M7,,SS Beam,,943.8829956054688,22122.0
22220,M7,,SS Beam,,943.5322265625,22122.0
22221,M7,,SS Beam,,943.7634887695312,22220.0
22222,M7,,SS Beam,,939.7887573242188,22221.0
22223,M7,,SS Beam,,743.1060180664062,21889.0
22224,M7,,SS Beam,,746.2319946289062,22223.0
22225,M7,,SS Beam,,748.2974853515625,22224.0
22226,M7,,SS Beam,,744.20849609375,21892.0
22227,M7,,SS Beam,,748.8955078125,22226.0
22228,M7,,SS Beam,,744.3880004882812,22227.0
22229,M7,,SS Beam,,746.3739013671875,22228.0
22230,M7,,SS Beam,,745.1320190429688,22229.0
22231,M7,,SS Beam,,745.1996459960938,22230.0
22232,M7,,SS Beam,,742.9974975585938,22231.0
22233,M7,,Ohmic,,734.68115234375,22232.0
22234,M7,,SS Beam,,742.9749755859375,22233.0
22235,M7,,SS Beam,,742.433349609375,22234.0
22236,M7,,SS Beam,,696.9301147460938,22235.0
22237,M7,,SS Beam,,798.7069702148438,22236.0
22238,M7,,SS Beam,,799.9030151367188,22237.0
22241,M7,,Ohmic,,625.656005859375,21308.0
22242,M7,,Ohmic,,739.0700073242188,21965.0
22243,M7,,SS Beam,,747.4439697265625,22242.0
22244,M7,,"2 Beams,SS Beam,SW Beam",,754.6954956054688,22243.0
22245,M7,,"2 Beams,SS Beam,SW Beam",,847.5170288085938,22131.0
22246,M7,,SW Beam,,829.740478515625,22245.0
22247,M7,,"2 Beams,SS Beam,SW Beam",,843.364013671875,22246.0
22248,M7,,"2 Beams,SS Beam,SW Beam",,835.927001953125,22247.0
22249,M7,,"2 Beams,SS Beam,SW Beam",,843.14501953125,22190.0
22250,M7,,"2 Beams,SS Beam,SW Beam",,748.5836181640625,22190.0
22251,M7,,"2 Beams,SS Beam,SW Beam",,744.2928466796875,22190.0
22252,M7,,"2 Beams,SS Beam,SW Beam",,673.1360473632812,22190.0
22253,M7,,"2 Beams,SS Beam,SW Beam",,835.9984741210938,22190.0
22254,M7,,"2 Beams,SS Beam,SW Beam",,843.0679931640625,22190.0
22255,M7,,"2 Beams,SS Beam,SW Beam",,835.1612548828125,22190.0
22258,M7,,Ohmic,,627.6015014648438,21308.0
22259,M7,,"2 Beams,SS Beam,SW Beam",,751.5009765625,21585.0
22260,M7,,"2 Beams,SS Beam,SW Beam",,750.2794799804688,21585.0
22261,M7,,"2 Beams,SS Beam,SW Beam",,741.6309814453125,22260.0
22263,M7,,"2 Beams,SS Beam,SW Beam",,747.1375122070312,22260.0
22264,M7,,"2 Beams,SS Beam,SW Beam",,742.042724609375,22263.0
22265,M7,,"2 Beams,SS Beam,SW Beam",,748.52099609375,22263.0
22266,M7,,"2 Beams,SS Beam,SW Beam",,749.0289916992188,22263.0
22267,M7,,"2 Beams,SS Beam,SW Beam",,743.552490234375,22263.0
22268,M7,,"2 Beams,SS Beam,SW Beam",,750.4429931640625,22263.0
22270,M7,,"2 Beams,SS Beam,SW Beam",,943.280517578125,22122.0
22271,M7,,"2 Beams,SS Beam,SW Beam",,939.2844848632812,22122.0
22272,M7,,"2 Beams,SS Beam,SW Beam",,630.7550048828125,21924.0
22273,M7,,"2 Beams,SS Beam,SW Beam",,627.5444946289062,21924.0
22274,M7,,"2 Beams,SS Beam,SW Beam",,623.532470703125,21924.0
22275,M7,,"2 Beams,SS Beam,SW Beam",,622.4755249023438,21924.0
22276,M7,,"2 Beams,SS Beam,SW Beam",,747.8079833984375,22260.0
22277,M7,,"2 Beams,SS Beam,SW Beam",,740.7775268554688,22260.0
22278,M7,,SW Beam,,731.4597778320312,22260.0
22279,M7,,"2 Beams,SS Beam,SW Beam",,732.2454833984375,22260.0
22280,M7,,SS Beam,,628.6300048828125,22275.0
22281,M7,,SS Beam,,623.052490234375,22275.0
22282,M7,,SS Beam,,625.1456298828125,22275.0
22283,M7,,SS Beam,,624.1396484375,22275.0
22284,M7,,SS Beam,,623.1646118164062,22275.0
22287,M7,,Ohmic,,641.8099975585938,22258.0
22288,M7,,Ohmic,,628.1339721679688,22287.0
22290,M7,,SS Beam,,758.1551513671875,22289.0
22291,M7,,"2 Beams,SS Beam,SW Beam",,942.884521484375,22290.0
22292,M7,,SW Beam,,814.1375122070312,22291.0
22294,M7,,"2 Beams,SS Beam,SW Beam",,419.5352478027344,22293.0
22295,M7,,"2 Beams,SS Beam,SW Beam",,819.1834716796875,22294.0
22296,M7,,"2 Beams,SS Beam,SW Beam",,838.3519897460938,22295.0
22297,M7,,"2 Beams,SS Beam,SW Beam",,841.927490234375,22296.0
22298,M7,,SS Beam,,823.5394897460938,22297.0
22300,M7,,"2 Beams,SS Beam,SW Beam",,819.040771484375,22297.0
22301,M7,,"2 Beams,SS Beam,SW Beam",,834.761474609375,22300.0
22302,M7,,"2 Beams,SS Beam,SW Beam",,822.7990112304688,22301.0
22303,M7,,"2 Beams,SS Beam,SW Beam",,840.1950073242188,22302.0
22304,M7,,"2 Beams,SS Beam,SW Beam",,835.4749755859375,22303.0
22305,M7,,"2 Beams,SS Beam,SW Beam",,838.6380004882812,22304.0
22306,M7,,"2 Beams,SS Beam,SW Beam",,842.6389770507812,22305.0
22307,M7,,"2 Beams,SS Beam,SW Beam",,831.2329711914062,22306.0
22308,M7,,"2 Beams,SS Beam,SW Beam",,839.85498046875,22306.0
22309,M7,,"2 Beams,SS Beam,SW Beam",,839.1815185546875,22308.0
22310,M7,,"2 Beams,SS Beam,SW Beam",,832.4550170898438,22309.0
22312,M7,,"2 Beams,SS Beam,SW Beam",,819.6024780273438,22311.0
22313,M7,,"2 Beams,SS Beam,SW Beam",,831.2794799804688,22311.0
22314,M7,,"2 Beams,SS Beam,SW Beam",,751.0882568359375,22313.0
22315,M7,,"2 Beams,SS Beam,SW Beam",,843.7100219726562,22314.0
22316,M7,,"2 Beams,SS Beam,SW Beam",,828.2020263671875,22315.0
22317,M7,,"2 Beams,SS Beam,SW Beam",,837.1790161132812,22316.0
22321,M7,,Ohmic,,627.5040283203125,21308.0
22322,M7,,SS Beam,,926.5504760742188,21981.0
22323,M7,,"2 Beams,SS Beam,SW Beam",,934.6400146484375,21981.0
22324,M7,,"2 Beams,SS Beam,SW Beam",,944.1939697265625,21981.0
22325,M7,,"2 Beams,SS Beam,SW Beam",,933.4520263671875,21981.0
22326,M7,,"2 Beams,SS Beam,SW Beam",,936.864501953125,21981.0
22327,M7,,"2 Beams,SS Beam,SW Beam",,936.3610229492188,21981.0
22328,M7,,"2 Beams,SS Beam,SW Beam",,950.0070190429688,21981.0
22329,M7,,"2 Beams,SS Beam,SW Beam",,924.3829956054688,22099.0
22331,M7,,"2 Beams,SS Beam,SW Beam",,949.448974609375,22099.0
22332,M7,,"2 Beams,SS Beam,SW Beam",,951.50048828125,22099.0
22339,M7,,"2 Beams,SS Beam,SW Beam",,742.927001953125,21975.0
22340,M7,,"2 Beams,SS Beam,SW Beam",,840.6810302734375,22315.0
22341,M7,,"2 Beams,SS Beam,SW Beam",,842.6405029296875,22315.0
22342,M7,,"2 Beams,SS Beam,SW Beam",,821.8350219726562,22315.0
22343,M7,,"2 Beams,SS Beam,SW Beam",,828.9550170898438,22315.0
22344,M7,,"2 Beams,SS Beam,SW Beam",,830.4030151367188,22315.0
22346,M7,,"2 Beams,SS Beam,SW Beam",,791.4990234375,22315.0
22347,M7,,"2 Beams,SS Beam,SW Beam",,752.676513671875,22264.0
22348,M7,,"2 Beams,SS Beam,SW Beam",,748.4967651367188,22264.0
22351,M7,,Ohmic,,643.5675048828125,22287.0
22377,M7,,Ohmic,,12.840887069702148,17176.0
22384,M7,,Ohmic,,-11.866244316101074,22376.0
22450,M7,,Ohmic,,19.6062068939209,22376.0
22451,M7,,Ohmic,,35.48760223388672,22450.0
22915,M7,,Ohmic,,22.475906,22913.0
22629,M7,,Ohmic,,626.8270263671875,21308.0
22630,M7,,"2 Beams,SS Beam,SW Beam",,740.4852294921875,18696.0
22631,M7,,"2 Beams,SS Beam,SW Beam",,720.90625,18696.0
22632,M7,,"2 Beams,SS Beam,SW Beam",,752.166259765625,18696.0
22633,M7,,"2 Beams,SS Beam,SW Beam",,723.5419921875,18696.0
22634,M7,,"2 Beams,SS Beam,SW Beam",,744.3097534179688,18696.0
22635,M7,,"2 Beams,SS Beam,SW Beam",,743.698974609375,18696.0
22636,M7,,"2 Beams,SS Beam,SW Beam",,729.5311279296875,22630.0
22637,M7,,SW Beam,,735.0952758789062,22630.0
22638,M7,,"2 Beams,SS Beam,SW Beam",,746.3257446289062,22630.0
22639,M7,,"2 Beams,SS Beam,SW Beam",,675.8448486328125,22635.0
22640,M7,,"2 Beams,SS Beam,SW Beam",,681.937744140625,22635.0
22641,M7,,"2 Beams,SS Beam,SW Beam",,627.8531494140625,22635.0
22642,M7,,"2 Beams,SS Beam,SW Beam",,604.6961059570312,22635.0
22646,M7,,Ohmic,,630.7235107421875,21308.0
22647,M7,,SS Beam,,688.1329956054688,20860.0
22648,M7,,"2 Beams,SS Beam,SW Beam",,689.0369873046875,20860.0
22649,M7,,"2 Beams,SS Beam,SW Beam",,681.9194946289062,22648.0
22650,M7,,"2 Beams,SS Beam,SW Beam",,687.0919799804688,22648.0
22651,M7,,"2 Beams,SS Beam,SW Beam",,680.7059936523438,22648.0
22652,M7,,"2 Beams,SS Beam,SW Beam",,682.7490234375,22648.0
22653,M7,,"2 Beams,SS Beam,SW Beam",,686.0625,22648.0
22654,M7,,SS Beam,,688.37548828125,22648.0
22655,M7,,"2 Beams,SS Beam,SW Beam",,691.0120239257812,22648.0
22656,M7,,"2 Beams,SS Beam,SW Beam",,692.5560302734375,22648.0
22657,M7,,SW Beam,,939.0615234375,22091.0
22658,M7,,"2 Beams,SS Beam,SW Beam",,901.5032348632812,22657.0
22659,M7,,"2 Beams,SS Beam,SW Beam",,907.8257446289062,22658.0
22660,M7,,SW Beam,,878.1925048828125,22659.0
22662,M7,,"2 Beams,SS Beam,SW Beam",,893.8884887695312,22660.0
22664,M7,,"2 Beams,SS Beam,SW Beam",,897.8419799804688,22660.0
22665,M7,,"2 Beams,SS Beam,SW Beam",,658.0577392578125,22664.0
22666,M7,,"2 Beams,SS Beam,SW Beam",,647.4602661132812,22664.0
22667,M7,,"2 Beams,SS Beam,SW Beam",,608.3551025390625,22666.0
22671,M7,,Ohmic,,629.1744995117188,21308.0
22672,M7,,"2 Beams,SS Beam,SW Beam",,609.9805297851562,22667.0
22674,M7,,"2 Beams,SS Beam,SW Beam",,612.4819946289062,22673.0
22675,M7,,"2 Beams,SS Beam,SW Beam",,611.9365234375,22673.0
22676,M7,,"2 Beams,SS Beam,SW Beam",,601.0357666015625,22675.0
22677,M7,,"2 Beams,SS Beam,SW Beam",,597.802001953125,22676.0
22678,M7,,"2 Beams,SS Beam,SW Beam",,600.0805053710938,22676.0
22679,M7,,"2 Beams,SS Beam,SW Beam",,630.5201416015625,18830.0
22680,M7,,"2 Beams,SS Beam,SW Beam",,630.66064453125,22679.0
22686,M7,,"2 Beams,SS Beam,SW Beam",,631.4010009765625,22685.0
22687,M7,,"2 Beams,SS Beam,SW Beam",,622.0964965820312,22686.0
22688,M7,,"2 Beams,SS Beam,SW Beam",,629.4714965820312,22687.0
22689,M7,,"2 Beams,SS Beam,SW Beam",,625.2515258789062,22688.0
22690,M7,,SS Beam,,685.5150146484375,21346.0
22691,M7,,SS Beam,,681.7329711914062,22690.0
22692,M7,,"2 Beams,SS Beam,SW Beam",,697.9324951171875,22691.0
22693,M7,,SW Beam,,672.6405029296875,22666.0
22694,M7,,SW Beam,,659.5713500976562,22666.0
22695,M7,,SS Beam,,630.926025390625,22694.0
22696,M7,,SS Beam,,618.1204833984375,22695.0
22697,M7,,SS Beam,,613.3939819335938,22696.0
22698,M7,,"2 Beams,SS Beam,SW Beam",,597.1875,22696.0
22699,M7,,"2 Beams,SS Beam,SW Beam",,600.0228881835938,22698.0
22702,M7,,Ohmic,,630.9094848632812,21308.0
22705,M7,,"2 Beams,SS Beam,SW Beam",,632.7847290039062,21924.0
22706,M7,,"2 Beams,SS Beam,SW Beam",,632.11962890625,21924.0
22707,M7,,"2 Beams,SS Beam,SW Beam",,630.1117553710938,21924.0
22708,M7,,SW Beam,,630.3070068359375,21924.0
22709,M7,,"2 Beams,SS Beam,SW Beam",,636.4990234375,22708.0
22710,M7,,"2 Beams,SS Beam,SW Beam",,628.2205200195312,22709.0
22711,M7,,"2 Beams,SS Beam,SW Beam",,629.1873779296875,22710.0
22712,M7,,"2 Beams,SS Beam,SW Beam",,632.2682495117188,22711.0
22713,M7,,Ohmic,,629.6644897460938,21308.0
22714,M7,,Ohmic,,416.8898620605469,17176.0
22715,M7,,Ohmic,,419.145751953125,22714.0
22716,M7,,Ohmic,,630.14599609375,21308.0
22717,M7,,"2 Beams,SS Beam,SW Beam",,752.104736328125,17582.0
22718,M7,,"2 Beams,SS Beam,SW Beam",,754.3797607421875,22717.0
22721,M7,,Ohmic,,758.511474609375,21260.0
22722,M7,,Ohmic,,754.114013671875,21260.0
22723,M7,,Ohmic,,625.0894775390625,21308.0
22724,M7,,Ohmic,,543.7463989257812,21649.0
22725,M7,,Ohmic,,628.359130859375,21649.0
22726,M7,,SW Beam,,628.766357421875,22725.0
22727,M7,,SW Beam,,631.9664916992188,22725.0
22728,M7,,SW Beam,,630.1852416992188,22725.0
22729,M7,,SW Beam,,633.3140258789062,22725.0
22730,M7,,SW Beam,,628.0018920898438,22725.0
22731,M7,,Ohmic,,628.7064819335938,22730.0
22732,M7,,Ohmic,,418.6623840332031,22715.0
22733,M7,,Ohmic,,417.0643615722656,22732.0
22734,M7,,Ohmic,,418.90887451171875,22733.0
22735,M7,,Ohmic,,418.7430725097656,22734.0
22736,M7,,SW Beam,,737.3485107421875,22718.0
22737,M7,,SW Beam,,745.7652587890625,22736.0
22738,M7,,SW Beam,,748.0702514648438,22737.0
22739,M7,,SW Beam,,629.9014892578125,18715.0
22740,M7,,SW Beam,,624.183349609375,22739.0
22741,M7,,SW Beam,,623.275634765625,22740.0
22742,M7,,SW Beam,,621.82861328125,22741.0
22743,M7,,Ohmic,,624.5819702148438,22742.0
22744,M7,,SW Beam,,623.6339721679688,22743.0
22745,M7,,SW Beam,,622.7274780273438,22744.0
22746,M7,,SW Beam,,624.2960205078125,22745.0
22748,M7,,SW Beam,,626.5684814453125,22747.0
22749,M7,,SW Beam,,616.6699829101562,22748.0
22750,M7,,SW Beam,,626.0294799804688,22749.0
22751,M7,,SW Beam,,626.2435302734375,22750.0
22754,M7,,Ohmic,,632.5239868164062,21308.0
22755,M7,,Ohmic,,631.41162109375,22731.0
22756,M7,,Ohmic,,628.8480224609375,22755.0
22757,M7,,SW Beam,,584.646484375,22754.0
22758,M7,,SW Beam,,639.7139892578125,22757.0
22759,M7,,"2 Beams,SS Beam,SW Beam",,893.52099609375,22664.0
22760,M7,,"2 Beams,SS Beam,SW Beam",,686.0297241210938,22759.0
22761,M7,,"2 Beams,SS Beam,SW Beam",,686.5784912109375,22760.0
22762,M7,,SS Beam,,659.3347778320312,22761.0
22763,M7,,"2 Beams,SS Beam,SW Beam",,614.65673828125,22762.0
22764,M7,,"2 Beams,SS Beam,SW Beam",,597.9252319335938,22763.0
22765,M7,,"2 Beams,SS Beam,SW Beam",,615.2244873046875,22764.0
22766,M7,,"2 Beams,SS Beam,SW Beam",,606.5692749023438,22765.0
22767,M7,,"2 Beams,SS Beam,SW Beam",,599.8790283203125,22763.0
22768,M7,,"2 Beams,SS Beam,SW Beam",,606.7957763671875,22767.0
22769,M7,,"2 Beams,SS Beam,SW Beam",,607.3895263671875,22768.0
22772,M7,,Ohmic,,630.7139892578125,21308.0
22773,M7,,"2 Beams,SS Beam,SW Beam",,609.020751953125,22769.0
22774,M7,,"2 Beams,SS Beam,SW Beam",,895.2550048828125,22664.0
22775,M7,,"2 Beams,SS Beam,SW Beam",,899.5859985351562,22774.0
22776,M7,,"2 Beams,SS Beam,SW Beam",,895.1405029296875,22774.0
22777,M7,,"2 Beams,SS Beam,SW Beam",,744.3790283203125,22664.0
22778,M7,,"2 Beams,SS Beam,SW Beam",,863.9580078125,18817.0
22779,M7,,"2 Beams,SS Beam,SW Beam",,854.469970703125,22778.0
22780,M7,,SW Beam,,832.1749877929688,22254.0
22781,M7,,SW Beam,,834.8245239257812,22254.0
22782,M7,,"2 Beams,SS Beam,SW Beam",,835.6920166015625,22254.0
22783,M7,,"2 Beams,SS Beam,SW Beam",,835.9295043945312,22254.0
22784,M7,,"2 Beams,SS Beam,SW Beam",,838.594970703125,22783.0
22785,M7,,"2 Beams,SS Beam,SW Beam",,838.5360107421875,22784.0
22786,M7,,"2 Beams,SS Beam,SW Beam",,843.5009765625,22785.0
22787,M7,,"2 Beams,SS Beam,SW Beam",,836.125244140625,22785.0
22788,M7,,"2 Beams,SS Beam,SW Beam",,841.843017578125,22786.0
22789,M7,,"2 Beams,SS Beam,SW Beam",,639.9471435546875,22786.0
22790,M7,,"2 Beams,SS Beam,SW Beam",,833.5015258789062,22786.0
22791,M7,,"2 Beams,SS Beam,SW Beam",,835.10302734375,22786.0
22792,M7,,"2 Beams,SS Beam,SW Beam",,834.3510131835938,22786.0
22793,M7,,"2 Beams,SS Beam,SW Beam",,841.5654907226562,22786.0
22794,M7,,SW Beam,,830.7954711914062,22786.0
22795,M7,,"2 Beams,SS Beam,SW Beam",,837.0150146484375,22786.0
22796,M7,,SW Beam,,836.6539916992188,22786.0
22797,M7,,SW Beam,,845.4215087890625,22786.0
22798,M7,,"2 Beams,SS Beam,SW Beam",,847.2255249023438,22786.0
22799,M7,,"2 Beams,SS Beam,SW Beam",,837.0552368164062,22786.0
22800,M7,,"2 Beams,SS Beam,SW Beam",,833.3682250976562,22786.0
22801,M7,,"2 Beams,SS Beam,SW Beam",,835.416015625,22786.0
22802,M7,,"2 Beams,SS Beam,SW Beam",,827.2202758789062,22786.0
22803,M7,,SW Beam,,836.927490234375,22786.0
22804,M7,,"2 Beams,SS Beam,SW Beam",,1047.14697265625,22786.0
22805,M7,,"2 Beams,SS Beam,SW Beam",,1034.112060546875,22786.0
22806,M7,,"2 Beams,SS Beam,SW Beam",,834.15576171875,22802.0
22807,M7,,"2 Beams,SS Beam,SW Beam",,844.4290161132812,22134.0
22810,M7,,Ohmic,,631.7985229492188,21308.0
22811,M7,,Ohmic,,632.6688842773438,22755.0
22812,M7,,Ohmic,,632.3510131835938,22755.0
22813,M7,,Ohmic,,630.4422607421875,22756.0
22814,M7,,Ohmic,,729.7869873046875,18487.0
22816,M7,,Ohmic,,631.45849609375,22813.0
22817,M7,,SS Beam,,635.1396484375,22155.0
22818,M7,,Ohmic,,640.8544921875,22155.0
22819,M7,,SS Beam,,635.2593994140625,22155.0
22820,M7,,SS Beam,,638.4047241210938,22155.0
22821,M7,,SS Beam,,638.442138671875,22155.0
22822,M7,,SS Beam,,637.957763671875,22821.0
22823,M7,,SS Beam,,642.9236450195312,22821.0
22824,M7,,SS Beam,,632.5346069335938,22823.0
22825,M7,,"2 Beams,SS Beam,SW Beam",,637.1179809570312,22823.0
22826,M7,,"2 Beams,SS Beam,SW Beam",,640.2349853515625,22823.0
22827,M7,,SS Beam,,638.4901123046875,22823.0
22828,M7,,"2 Beams,SS Beam,SW Beam",,643.7337646484375,22823.0
22829,M7,,"2 Beams,SS Beam,SW Beam",,645.3720092773438,22823.0
22830,M7,,"2 Beams,SS Beam,SW Beam",,631.82275390625,22823.0
22831,M7,,SS Beam,,642.0171508789062,22823.0
22908,M7,,Ohmic,,13.451688,22907.0
22922,M7,,Ohmic,,633.5227661132812,21308.0
23004,M7,,Ohmic,,423.2593688964844,23002.0
22923,M7,,Ohmic,,633.1865234375,21308.0
22924,M7,,Ohmic,,633.4035034179688,21308.0
22925,M7,,Ohmic,,633.0807495117188,21308.0
22926,M7,,Ohmic,,635.072021484375,21308.0
22927,M7,,Ohmic,,634.9912719726562,21308.0
22928,M7,,Ohmic,,634.9559936523438,21308.0
22929,M7,,Ohmic,,634.9954833984375,21308.0
22930,M7,,Ohmic,,635.79248046875,21308.0
22932,M7,,Ohmic,,632.979736328125,22930.0
22933,M7,,Ohmic,,632.50048828125,22930.0
22935,M7,,Ohmic,,634.2440185546875,22930.0
22937,M7,,Ohmic,,632.4039916992188,22930.0
22941,M7,,Ohmic,,643.552734375,21308.0
22942,M7,,Ohmic,,638.0349731445312,21308.0
22943,M7,,Ohmic,,637.8612670898438,21308.0
22944,M7,,Ohmic,,422.63299560546875,17176.0
22946,M7,,Ohmic,,423.4620056152344,17176.0
22947,M7,,Ohmic,,421.7452392578125,17176.0
22948,M7,,Ohmic,,637.8167724609375,21308.0
22949,M7,,Ohmic,,641.1610107421875,21308.0
22951,M7,,Ohmic,,639.9437255859375,21308.0
22952,M7,,Ohmic,,422.9314880371094,17176.0
23011,M7,,Ohmic,,220.62461853027344,23002.0
22953,M7,,Ohmic,,423.7828674316406,17176.0
22954,M7,,Ohmic,,422.6679992675781,17176.0
22955,M7,,Ohmic,,640.8812255859375,21308.0
22956,M7,,Ohmic,,637.0335083007812,21308.0
22957,M7,,Ohmic,,634.4625244140625,21308.0
22958,M7,,Ohmic,,425.0381164550781,17176.0
22959,M7,,Ohmic,,422.1802978515625,17176.0
22960,M7,,Ohmic,,423.598388671875,17176.0
22965,M7,,Ohmic,,660.0167236328125,22964.0
22966,M7,,Ohmic,,634.8474731445312,22965.0
22967,M7,,Ohmic,,635.885986328125,22965.0
22968,M7,,Ohmic,,633.1635131835938,22965.0
22969,M7,,Ohmic,,633.9105224609375,22965.0
23019,M7,,Ohmic,,634.7949829101562,21308.0
22970,M7,,Ohmic,,635.510498046875,22965.0
22971,M7,,Ohmic,,634.7025146484375,22965.0
22975,M7,,Ohmic,,634.91748046875,21308.0
23020,M7,,Ohmic,,635.5040283203125,21308.0
22976,M7,,Ohmic,,635.3790283203125,22975.0
22977,M7,,Ohmic,,637.0089721679688,22976.0
22978,M7,,Ohmic,,417.6612548828125,21712.0
22979,M7,,Ohmic,,426.45025634765625,21712.0
22980,M7,,Ohmic,,423.8164978027344,22979.0
22981,M7,,Ohmic,,423.4602355957031,22979.0
22982,M7,,Ohmic,,423.2135009765625,22979.0
22983,M7,,Ohmic,,421.11474609375,22979.0
22984,M7,,Ohmic,,424.92474365234375,22979.0
22985,M7,,Ohmic,,423.17401123046875,22979.0
22986,M7,,Ohmic,,423.4112548828125,22985.0
22987,M7,,Ohmic,,525.9215087890625,22986.0
22988,M7,,Ohmic,,526.8619995117188,22987.0
22989,M7,,Ohmic,,526.4322509765625,22987.0
22992,M7,,Ohmic,,525.6232299804688,22987.0
22993,M7,,Ohmic,,525.7162475585938,22987.0
22996,M7,,Ohmic,,634.6680297851562,21308.0
22997,M7,,Ohmic,,423.71551513671875,21712.0
22998,M7,,Ohmic,,422.6032409667969,22997.0
22999,M7,,Ohmic,,423.3527526855469,22998.0
23000,M7,,Ohmic,,423.4744873046875,22999.0
23001,M7,,Ohmic,,425.84423828125,23000.0
23002,M7,,Ohmic,,422.7489929199219,22997.0
23003,M7,,Ohmic,,421.9020080566406,23002.0
23005,M7,,Ohmic,,422.98126220703125,23002.0
23006,M7,,Ohmic,,419.6471252441406,23002.0
23007,M7,,Ohmic,,420.1440124511719,23002.0
23008,M7,,Ohmic,,423.11474609375,23002.0
23009,M7,,Ohmic,,422.125244140625,23002.0
23010,M7,,Ohmic,,420.7511291503906,23002.0
23014,M7,,Ohmic,,422.5580139160156,23002.0
23015,M7,,Ohmic,,422.323486328125,23002.0
23016,M7,,Ohmic,,422.7407531738281,23002.0
23017,M7,,Ohmic,,421.36224365234375,23002.0
23018,M7,,Ohmic,,419.36199951171875,23002.0
23128,M7,,Ohmic,,17.680824279785156,21308.0
23129,M7,,Ohmic,,658.1824951171875,21308.0
23130,M7,,Ohmic,,118.28573608398438,21365.0
23131,M7,,Ohmic,,175.4211883544922,21365.0
23132,M7,,Ohmic,,143.2585906982422,21365.0
23133,M7,,Ohmic,,141.7379150390625,21365.0
23134,M7,,Ohmic,,150.797607421875,21365.0
23135,M7,,Ohmic,,141.59982299804688,21365.0
23136,M7,,Ohmic,,195.14102172851562,21365.0
23137,M7,,Ohmic,,154.5603790283203,21365.0
23138,M7,,Ohmic,,171.19134521484375,23130.0
23141,M7,,Ohmic,,657.6482543945312,21308.0
23142,M7,,Ohmic,,638.7794799804688,21308.0
23143,M7,,Ohmic,,639.5330200195312,23142.0
23144,M7,,Ohmic,,642.08447265625,23142.0
23145,M7,,Ohmic,,98.87140655517578,23136.0
23146,M7,,Ohmic,,120.25994110107422,23145.0
23153,M7,,Ohmic,,11.10519790649414,23152.0
23156,M7,,Ohmic,,658.1302490234375,23141.0
23158,M7,,Ohmic,,657.9605102539062,23156.0
23161,M7,,Ohmic,,637.4619750976562,23141.0
23189,M7,,Ohmic,,11.463830947875977,23177.0
23162,M7,,Ohmic,,431.06817626953125,21015.0
23163,M7,,Ohmic,,429.9957580566406,23162.0
23164,M7,,Ohmic,,431.2925109863281,23163.0
23165,M7,,Ohmic,,430.84954833984375,23164.0
23167,M7,,Ohmic,,429.5238037109375,23166.0
23168,M7,,Ohmic,,430.6651916503906,23167.0
23169,M7,,Ohmic,,431.3480529785156,23168.0
23172,M7,,Ohmic,,636.85498046875,23161.0
23173,M7,,Ohmic,,636.3829956054688,23161.0
23175,M7,,Ohmic,,14.305431365966797,23174.0
23181,M7,,Ohmic,,638.9010009765625,23161.0
23191,M7,,Ohmic,,13.498486518859863,23177.0
23197,M7,,Ohmic,,10.95273,23196.0
23200,M7,,Ohmic,,10.598414,23196.0
23201,M7,,Ohmic,,26.2398624420166,18261.0
23205,M7,,Ohmic,,20.010103225708008,23204.0
23211,M7,,Ohmic,,623.0528564453125,23161.0
23215,M7,,Ohmic,,17.79851531982422,23214.0
23216,M7,,Ohmic,,16.437297821044922,23215.0
23218,M7,,Ohmic,,11.772761344909668,23213.0
23219,M7,,Ohmic,,10.202265739440918,23213.0
23220,M7,,Ohmic,,13.042214393615723,23213.0
23222,M7,,Ohmic,,12.425156593322754,23213.0
23223,M7,,Ohmic,,13.226445198059082,23213.0
23224,M7,,Ohmic,,12.823863,23213.0
23225,M7,,Ohmic,,16.871601104736328,23213.0
23226,M7,,Ohmic,,18.668241500854492,23213.0
23227,M7,,Ohmic,,15.769085884094238,23213.0
23228,M7,,Ohmic,,20.75375747680664,23213.0
23229,M7,,Ohmic,,23.983898162841797,23213.0
23232,M7,,Ohmic,,638.5474853515625,23161.0
23233,M7,,Ohmic,,10.818848,23229.0
23240,M7,,Ohmic,,20.994413375854492,23239.0
23234,M7,,Ohmic,,14.309183120727539,23233.0
23235,M7,,Ohmic,,19.904945373535156,23233.0
23236,M7,,Ohmic,,15.700230598449707,23235.0
23241,M7,,Ohmic,,11.229226,23240.0
23242,M7,,Ohmic,,21.33620262145996,23241.0
23244,M7,,Ohmic,,21.552764892578125,23243.0
23249,M7,,Ohmic,,19.20836639404297,23248.0
23250,M7,,Ohmic,,19.678159713745117,23242.0
23252,M7,,Ohmic,,16.414222717285156,23251.0
23273,M7,,Ohmic,,637.7930297851562,23161.0
23274,M7,,Ohmic,,736.6234741210938,21585.0
23275,M7,,Ohmic,,748.7490234375,23274.0
23276,M7,,Ohmic,,740.5230102539062,23275.0
23278,M7,,Ohmic,,759.97802734375,23277.0
23279,M7,,Ohmic,,760.4105224609375,17772.0
23280,M7,,Ohmic,,740.5494995117188,23279.0
23281,M7,,Ohmic,,744.2764892578125,23280.0
23282,M7,,SS Beam,,750.8369750976562,23281.0
23284,M7,,SS Beam,,743.177001953125,23281.0
23285,M7,,Ohmic,,741.738525390625,23281.0
23286,M7,,SS Beam,,746.4235229492188,23281.0
23287,M7,,SS Beam,,735.7465209960938,23286.0
23288,M7,,SS Beam,,760.9664916992188,23287.0
23289,M7,,SS Beam,,747.1510009765625,23287.0
23290,M7,,SS Beam,,753.489501953125,23287.0
23292,M7,,SS Beam,,742.0029907226562,23290.0
23301,M7,,Ohmic,,10.097492,23231.0
23302,M7,,Ohmic,,639.8875122070312,23232.0
23307,M7,,SS Beam,,702.437744140625,23290.0
23303,M7,,SS Beam,,738.8994750976562,23290.0
23304,M7,,SS Beam,,745.2009887695312,23290.0
23305,M7,,SS Beam,,741.7086181640625,23290.0
23306,M7,,SS Beam,,746.79150390625,23290.0
23308,M7,,SS Beam,,755.9877319335938,23290.0
23309,M7,,SS Beam,,745.8079833984375,23290.0
23310,M7,,SS Beam,,702.9755249023438,23309.0
23311,M7,,SS Beam,,743.6270141601562,23309.0
23312,M7,,"2 Beams,SS Beam,SW Beam",,752.2974853515625,23309.0
23314,M7,,SS Beam,,10.008234,23301.0
23315,M7,,Ohmic,,426.52374267578125,21814.0
23316,M7,,Ohmic,,428.6087646484375,21814.0
23317,M7,,Ohmic,,428.0982360839844,21814.0
23318,M7,,Ohmic,,430.7080078125,23317.0
23319,M7,,Ohmic,,691.9578857421875,20964.0
23320,M7,,Ohmic,,690.1647338867188,20964.0
23321,M7,,Ohmic,,580.68701171875,23320.0
23322,M7,,Ohmic,,549.5891723632812,23321.0
23323,M7,,Ohmic,,547.7260131835938,23321.0
23324,M7,,Ohmic,,546.5027465820312,23321.0
23325,M7,,Ohmic,,546.74462890625,23324.0
23326,M7,,Ohmic,,548.3502197265625,23325.0
23327,M7,,Ohmic,,548.3499755859375,23326.0
23328,M7,,Ohmic,,547.3453979492188,23327.0
23329,M7,,Ohmic,,547.181396484375,23328.0
23330,M7,,Ohmic,,546.614013671875,23329.0
23331,M7,,Ohmic,,546.4601440429688,23330.0
23332,M7,,Ohmic,,735.2468872070312,23312.0
23333,M7,,Ohmic,,737.8272705078125,23332.0
23336,M7,,Ohmic,,637.718994140625,23232.0
23337,M7,,SS Beam,,744.6690063476562,23312.0
23338,M7,,SS Beam,,751.5857543945312,23312.0
23339,M7,,SS Beam,,743.6857299804688,23312.0
23340,M7,,SS Beam,,752.6740112304688,23312.0
23341,M7,,SS Beam,,606.8154907226562,23312.0
23342,M7,,SS Beam,,605.5946044921875,23312.0
23343,M7,,SS Beam,,602.7949829101562,23340.0
23344,M7,,SS Beam,,758.1019897460938,23343.0
23345,M7,,Ohmic,,542.9678955078125,23324.0
23346,M7,,Ohmic,,542.9857788085938,23324.0
23347,M7,,Ohmic,,544.0703735351562,23324.0
23348,M7,,Ohmic,,544.4869995117188,23324.0
23349,M7,,Ohmic,,544.6253662109375,23324.0
23350,M7,,Ohmic,,543.8295288085938,23324.0
23351,M7,,Ohmic,,544.436279296875,23324.0
23352,M7,,SS Beam,,447.6684875488281,21774.0
23353,M7,,SS Beam,,444.6264953613281,23352.0
23354,M7,,SS Beam,,441.0954895019531,23353.0
23355,M7,,Ohmic,,422.3082580566406,23354.0
23356,M7,,SS Beam,,450.0715026855469,23355.0
23357,M7,,Ohmic,,418.4702453613281,23001.0
23358,M7,,Ohmic,,418.7986145019531,23357.0
23359,M7,,Ohmic,,419.21875,23358.0
23360,M7,,Ohmic,,417.83551025390625,23359.0
23361,M7,,Ohmic,,422.3689880371094,23360.0
23362,M7,,Ohmic,,422.5845031738281,23361.0
23365,M7,,Ohmic,,636.10400390625,23232.0
23367,M7,,Ohmic,,423.5582580566406,23366.0
23368,M7,,Ohmic,,424.52349853515625,23361.0
23369,M7,,SS Beam,,430.65850830078125,23356.0
23370,M7,,SS Beam,,425.0255126953125,23356.0
23371,M7,,SS Beam,,427.8789978027344,23370.0
23372,M7,,SS Beam,,426.2139892578125,23370.0
23374,M7,,Ohmic,,437.354736328125,23371.0
23375,M7,,Ohmic,,425.4429931640625,23368.0
23376,M7,,Ohmic,,421.35198974609375,23368.0
23378,M7,,Ohmic,,420.85150146484375,23376.0
23379,M7,,Ohmic,,420.3804931640625,23378.0
23380,M7,,SS Beam,,426.5465087890625,23371.0
23383,M7,,SS Beam,,427.2585144042969,23381.0
23384,M7,,SS Beam,,704.8270263671875,20691.0
23385,M7,,SS Beam,,693.60302734375,20691.0
23386,M7,,SS Beam,,688.9959716796875,20691.0
23387,M7,,SS Beam,,698.676513671875,20691.0
23388,M7,,SS Beam,,689.4454956054688,20691.0
23389,M7,,SS Beam,,692.3510131835938,20691.0
23390,M7,,SS Beam,,692.9415283203125,20691.0
23391,M7,,SS Beam,,687.6284790039062,20691.0
23392,M7,,SS Beam,,694.7885131835938,20691.0
23393,M7,,SS Beam,,705.842529296875,20691.0
23394,M7,,SS Beam,,691.8820190429688,20691.0
23395,M7,,SS Beam,,696.4630126953125,20691.0
23398,M7,,Ohmic,,636.0045166015625,23365.0
23399,M7,,Ohmic,,422.8452453613281,23376.0
23400,M7,,SS Beam,,426.760009765625,23380.0
23401,M7,,SS Beam,,636.0009765625,20901.0
23402,M7,,SS Beam,,633.3400268554688,21771.0
23403,M7,,"2 Beams,SS Beam,SW Beam",,640.1906127929688,23402.0
23404,M7,,"2 Beams,SS Beam,SW Beam",,637.1057739257812,23403.0
23405,M7,,"2 Beams,SS Beam,SW Beam",,639.6527709960938,23404.0
23406,M7,,"2 Beams,SS Beam,SW Beam",,635.7205200195312,23405.0
23407,M7,,"2 Beams,SS Beam,SW Beam",,640.9271240234375,23406.0
23408,M7,,"2 Beams,SS Beam,SW Beam",,639.0033569335938,23406.0
23409,M7,,SS Beam,,639.9630126953125,23406.0
23410,M7,,SS Beam,,638.4829711914062,23409.0
23411,M7,,Ohmic,,744.4039916992188,18571.0
23412,M7,,SS Beam,,771.532470703125,23411.0
23426,M7,,Ohmic,,425.2902526855469,21412.0
23427,M7,,Ohmic,,951.6074829101562,22213.0
23428,M7,,Ohmic,,952.9662475585938,23427.0
23429,M7,,Ohmic,,950.4924926757812,23428.0
23430,M7,,Ohmic,,953.2135009765625,23429.0
23431,M7,,Ohmic,,947.426025390625,23430.0
23432,M7,,SS Beam,,758.3619995117188,21585.0
23433,M7,,Ohmic,,749.2210083007812,23432.0
23434,M7,,SS Beam,,642.0285034179688,21771.0
23435,M7,,Ohmic,,632.5700073242188,23434.0
23436,M7,,Ohmic,,951.9337768554688,23431.0
23437,M7,,"2 Beams,SS Beam,SW Beam",,639.7953491210938,23435.0
23438,M7,,"2 Beams,SS Beam,SW Beam",,638.806640625,23435.0
23439,M7,,"2 Beams,SS Beam,SW Beam",,749.3115234375,23432.0
23440,M7,,"2 Beams,SS Beam,SW Beam",,753.5029907226562,23432.0
23441,M7,,Ohmic,,746.7575073242188,22434.0
23442,M7,,"2 Beams,SS Beam,SW Beam",,767.5435180664062,22434.0
23444,M7,,"2 Beams,SS Beam,SW Beam",,757.718505859375,22434.0
23445,M7,,"2 Beams,SS Beam,SW Beam",,750.4215087890625,22434.0
23446,M7,,"2 Beams,SS Beam,SW Beam",,767.572021484375,22434.0
23447,M7,,"2 Beams,SS Beam,SW Beam",,759.7780151367188,22434.0
23448,M7,,"2 Beams,SS Beam,SW Beam",,755.2579956054688,22434.0
23450,M7,,SW Beam,,744.8889770507812,22434.0
23451,M7,,"2 Beams,SS Beam,SW Beam",,747.0805053710938,22434.0
23452,M7,,"2 Beams,SS Beam,SW Beam",,758.97802734375,23447.0
23453,M7,,"2 Beams,SS Beam,SW Beam",,748.2274780273438,23447.0
23456,M7,,Ohmic,,636.4849853515625,23232.0
23457,M7,,"2 Beams,SS Beam,SW Beam",,856.3519897460938,22134.0
23458,M7,,"2 Beams,SS Beam,SW Beam",,554.3121337890625,22134.0
23459,M7,,SS Beam,,852.4959716796875,22134.0
23460,M7,,"2 Beams,SS Beam,SW Beam",,843.3389892578125,22134.0
23461,M7,,"2 Beams,SS Beam,SW Beam",,847.2050170898438,22134.0
23462,M7,,SS Beam,,399.74224853515625,22134.0
23463,M7,,"2 Beams,SS Beam,SW Beam",,845.27197265625,22134.0
23465,M7,,SS Beam,,20.533083,23231.0
23494,M7,,Ohmic,,425.13250732421875,23492.0
23472,M7,,SS Beam,,414.0870056152344,23463.0
23474,M7,,SS Beam,,854.2150268554688,23472.0
23475,M7,,Ohmic,,843.0025024414062,23472.0
23476,M7,,SS Beam,,853.1060180664062,23472.0
23477,M7,,SS Beam,,388.8105773925781,23472.0
23478,M7,,SS Beam,,854.6535034179688,23472.0
23479,M7,,SS Beam,,852.2750244140625,23478.0
23480,M7,,SS Beam,,825.3382568359375,23479.0
23481,M7,,SS Beam,,841.9935302734375,23480.0
23484,M7,,Ohmic,,635.6640014648438,23456.0
23485,M7,,"2 Beams,SS Beam,SW Beam",,752.8825073242188,23440.0
23486,M7,,"2 Beams,SS Beam,SW Beam",,759.4135131835938,23485.0
23487,M7,,Ohmic,,952.6127319335938,23436.0
23488,M7,,Ohmic,,953.46826171875,23436.0
23489,M7,,Ohmic,,952.7222290039062,23488.0
23490,M7,,Ohmic,,425.4079895019531,23367.0
23491,M7,,SW Beam,,951.83251953125,23487.0
23492,M7,,Ohmic,,424.2560119628906,23486.0
23493,M7,,Ohmic,,424.2799987792969,23492.0
23495,M7,,SS Beam,,758.3610229492188,23486.0
23496,M7,,SS Beam,,751.5565185546875,23486.0
23497,M7,,SS Beam,,742.2239990234375,23486.0
23498,M7,,Ohmic,,629.280029296875,21771.0
23499,M7,,SS Beam,,633.7151489257812,23498.0
23500,M7,,SS Beam,,633.7152709960938,23434.0
23501,M7,,SS Beam,,633.6300048828125,23500.0
23502,M7,,SS Beam,,639.385986328125,23501.0
23503,M7,,SS Beam,,635.8773803710938,23502.0
23504,M7,,SS Beam,,636.1627197265625,23503.0
23505,M7,,SS Beam,,631.2557373046875,23504.0
23506,M7,,SS Beam,,636.9246215820312,23505.0
23507,M7,,SS Beam,,634.99560546875,23506.0
23508,M7,,SS Beam,,633.103515625,23507.0
23509,M7,,SS Beam,,631.9667358398438,23508.0
23510,M7,,SS Beam,,177.91883850097656,23509.0
23512,M7,,"2 Beams,SS Beam,SW Beam",,635.90087890625,23511.0
23515,M7,,Ohmic,,635.4949951171875,23456.0
23516,M7,,SS Beam,,633.7107543945312,22779.0
23518,M7,,"2 Beams,SS Beam,SW Beam",,616.187255859375,23517.0
23519,M7,,"2 Beams,SS Beam,SW Beam",,601.6215209960938,23518.0
23521,M7,,"2 Beams,SS Beam,SW Beam",,590.6824951171875,23519.0
23522,M7,,"2 Beams,SS Beam,SW Beam",,603.635009765625,23519.0
23523,M7,,"2 Beams,SS Beam,SW Beam",,599.427001953125,23522.0
23524,M7,,"2 Beams,SS Beam,SW Beam",,648.2369995117188,22769.0
23525,M7,,SS Beam,,898.8670043945312,22664.0
23526,M7,,SS Beam,,895.927978515625,23525.0
23527,M7,,"2 Beams,SS Beam,SW Beam",,743.5015258789062,17649.0
23528,M7,,SW Beam,,740.0339965820312,17649.0
23529,M7,,SW Beam,,741.4892578125,17649.0
23530,M7,,SW Beam,,740.8592529296875,17649.0
23531,M7,,SW Beam,,760.2310180664062,17649.0
23532,M7,,SW Beam,,740.1500244140625,17649.0
23533,M7,,SW Beam,,754.4199829101562,17649.0
23534,M7,,SW Beam,,740.2847290039062,17649.0
23535,M7,,SW Beam,,742.4539794921875,17649.0
23536,M7,,SW Beam,,739.7097778320312,17649.0
23537,M7,,SW Beam,,738.2449951171875,17649.0
23583,M7,,Ohmic,,631.2540283203125,23232.0
23584,M7,,Ohmic,,635.7329711914062,23232.0
23585,M7,,Ohmic,,636.708984375,23584.0
23586,M7,,Ohmic,,635.1439819335938,23584.0
23589,M7,,Ohmic,,633.6904907226562,23232.0
23590,M7,,Ohmic,,633.1594848632812,23586.0
23591,M7,,Ohmic,,634.3555297851562,23590.0
23592,M7,,SS Beam,,632.8679809570312,23590.0
23593,M7,,SS Beam,,632.7965087890625,23590.0
23594,M7,,Ohmic,,633.4869995117188,23590.0
23595,M7,,SS Beam,,633.3099975585938,23590.0
23596,M7,,Ohmic,,634.0770263671875,23590.0
23597,M7,,Ohmic,,635.156494140625,23590.0
23598,M7,,SS Beam,,748.6624755859375,22075.0
23600,M7,,SS Beam,,752.8875122070312,23598.0
23601,M7,,SS Beam,,735.8679809570312,23598.0
23602,M7,,SS Beam,,736.5130004882812,23598.0
23603,M7,,SS Beam,,737.6104736328125,23598.0
23604,M7,,SS Beam,,737.4037475585938,23598.0
23605,M7,,SS Beam,,735.3515014648438,23598.0
23606,M7,,SS Beam,,733.52197265625,23598.0
23607,M7,,SS Beam,,735.4144897460938,23598.0
23608,M7,,SS Beam,,735.967529296875,23598.0
23609,M7,,SS Beam,,731.656494140625,23598.0
23610,M7,,SS Beam,,734.2974853515625,23598.0
23611,M7,,Ohmic,,420.46826171875,19697.0
23612,M7,,Ohmic,,564.9240112304688,23611.0
23613,M7,,Ohmic,,388.13800048828125,23611.0
23616,M7,,Ohmic,,415.8965148925781,23613.0
23617,M7,,Ohmic,,418.9364929199219,23616.0
23618,M7,,Ohmic,,420.26251220703125,23617.0
23619,M7,,Ohmic,,541.031494140625,23618.0
23620,M7,,Ohmic,,417.06976318359375,23619.0
23621,M7,,Ohmic,,419.4945068359375,23620.0
23624,M7,,Ohmic,,632.12548828125,23589.0
23626,M7,,Ohmic,,633.4315185546875,23589.0
23627,M7,,Ohmic,,632.1337280273438,23626.0
23628,M7,,SW Beam,,745.9315185546875,23485.0
23629,M7,,Ohmic,,630.2167358398438,23627.0
23630,M7,,SW Beam,,633.9117431640625,23404.0
23631,M7,,SW Beam,,953.45849609375,23491.0
23632,M7,,SW Beam,,954.3574829101562,23491.0
23633,M7,,SW Beam,,750.4422607421875,22717.0
23634,M7,,SW Beam,,635.1416015625,23630.0
23635,M7,,SW Beam,,633.4612426757812,23630.0
23636,M7,,SW Beam,,633.6512451171875,23630.0
23637,M7,,SW Beam,,634.3403930664062,23630.0
23638,M7,,SW Beam,,634.42822265625,23630.0
23656,M7,,Ohmic,,24.3684139251709,23646.0
23657,M7,,Ohmic,,23.54343032836914,23646.0
23658,M7,,Ohmic,,22.976547241210938,23646.0
23659,M7,,Ohmic,,22.957225799560547,23646.0
23660,M7,,Ohmic,,414.9147644042969,23367.0
23663,M7,,Ohmic,,23.24976921081543,21585.0
23665,M7,,Ohmic,,21.108234405517578,23654.0
23667,M7,,Ohmic,,414.8494873046875,23660.0
23760,M7,,Ohmic,,-35.187782287597656,23759.0
23668,M7,,Ohmic,,723.8884887695312,23660.0
23669,M7,,Ohmic,,724.8417358398438,23660.0
23670,M7,,Ohmic,,727.60400390625,23669.0
23671,M7,,SW Beam,,732.7552490234375,23669.0
23672,M7,,SW Beam,,733.4442749023438,23669.0
23673,M7,,SW Beam,,734.7960205078125,23669.0
23674,M7,,Ohmic,,726.499755859375,23673.0
23675,M7,,SW Beam,,729.0015258789062,23673.0
23676,M7,,SW Beam,,725.2510986328125,23675.0
23677,M7,,SW Beam,,701.55224609375,23675.0
23678,M7,,SW Beam,,730.4613647460938,23675.0
23679,M7,,SW Beam,,729.8926391601562,23675.0
23680,M7,,SW Beam,,620.527099609375,23675.0
23681,M7,,SW Beam,,621.1217651367188,23675.0
23682,M7,,SW Beam,,23.290803909301758,23675.0
23683,M7,,SW Beam,,626.4600219726562,23675.0
23684,M7,,SW Beam,,618.0791015625,23675.0
23685,M7,,SW Beam,,624.2449951171875,23675.0
23686,M7,,SW Beam,,621.3231201171875,23675.0
23687,M7,,SW Beam,,618.7006225585938,23675.0
23688,M7,,SW Beam,,623.282470703125,23683.0
23689,M7,,SW Beam,,620.98876953125,23683.0
23691,M7,,Ohmic,,20.936906814575195,22665.0
23692,M7,,Ohmic,,610.6388549804688,23683.0
23693,M7,,SW Beam,,642.0745239257812,23683.0
23694,M7,,SW Beam,,624.3636474609375,23683.0
23695,M7,,SW Beam,,622.3128662109375,23683.0
23696,M7,,SW Beam,,583.3776245117188,23683.0
23697,M7,,SW Beam,,529.7727661132812,23683.0
23698,M7,,SW Beam,,623.30224609375,23683.0
23699,M7,,SW Beam,,622.04052734375,23683.0
23700,M7,,SW Beam,,624.9224853515625,23683.0
23701,M7,,SW Beam,,623.061767578125,23683.0
23702,M7,,SW Beam,,621.3707275390625,23683.0
23704,M7,,SW Beam,,624.6859741210938,23683.0
23705,M7,,SW Beam,,625.8513793945312,23683.0
23706,M7,,SW Beam,,627.3934936523438,23683.0
23707,M7,,SW Beam,,620.9854736328125,23683.0
23708,M7,,SW Beam,,622.5360107421875,23683.0
23714,M7,,SW Beam,,624.2881469726562,23713.0
23725,M7,,Ohmic,,20.67982292175293,23691.0
23726,M7,,Ohmic,,606.0449829101562,23707.0
23727,M7,,SW Beam,,622.6934814453125,23707.0
23728,M7,,SW Beam,,631.1480102539062,23709.0
23729,M7,,SW Beam,,630.4022216796875,23728.0
23730,M7,,SW Beam,,624.7410278320312,23728.0
23731,M7,,SW Beam,,621.6380004882812,23728.0
23732,M7,,SW Beam,,621.1060180664062,23728.0
23737,M7,,SW Beam,,620.3455200195312,23735.0
23739,M7,,SW Beam,,630.9204711914062,23738.0
23743,M7,,SW Beam,,729.6740112304688,23742.0
23744,M7,,SW Beam,,633.6441040039062,23720.0
23745,M7,,SW Beam,,632.8345947265625,23744.0
23747,M7,,SW Beam,,634.2137451171875,23745.0
23764,M7,,Ohmic,,642.322509765625,23456.0
23765,M7,,Ohmic,,431.74749755859375,21712.0
23766,M7,,Ohmic,,427.3915100097656,23765.0
23767,M7,,Ohmic,,427.89898681640625,23766.0
23768,M7,,Ohmic,,426.07501220703125,23767.0
23769,M7,,Ohmic,,422.75775146484375,23768.0
23770,M7,,Ohmic,,424.65826416015625,23769.0
23771,M7,,Ohmic,,421.37774658203125,23770.0
23775,M7,,Ohmic,,639.8670043945312,23764.0
23776,M7,,Ohmic,,428.38275146484375,21297.0
23777,M7,,Ohmic,,428.322998046875,21297.0
23778,M7,,Ohmic,,430.28448486328125,23777.0
23779,M7,,Ohmic,,429.66900634765625,23778.0
23780,M7,,Ohmic,,429.4515075683594,23779.0
23781,M7,,Ohmic,,427.7037353515625,21712.0
23782,M7,,Ohmic,,427.4912414550781,23781.0
23783,M7,,Ohmic,,426.7802429199219,23782.0
23784,M7,,Ohmic,,426.937255859375,23783.0
23785,M7,,Ohmic,,427.24224853515625,23783.0
23788,M7,,Ohmic,,428.5820007324219,23784.0
23789,M7,,Ohmic,,429.9435119628906,23784.0
23790,M7,,"2 Beams,SS Beam,SW Beam",,749.3414916992188,21468.0
23792,M7,,SW Beam,,743.6735229492188,23791.0
23795,M7,,Ohmic,,430.9147644042969,23426.0
23796,M7,,"2 Beams,SS Beam,SW Beam",,755.4340209960938,23440.0
23797,M7,,"2 Beams,SS Beam,SW Beam",,756.9879760742188,23440.0
23799,M7,,"2 Beams,SS Beam,SW Beam",,756.1610107421875,23440.0
23800,M7,,"2 Beams,SS Beam,SW Beam",,752.0107421875,23440.0
23801,M7,,"2 Beams,SS Beam,SW Beam",,759.6065063476562,23440.0
23802,M7,,"2 Beams,SS Beam,SW Beam",,758.739013671875,23440.0
23803,M7,,"2 Beams,SS Beam,SW Beam",,852.9879760742188,23440.0
23804,M7,,"2 Beams,SS Beam,SW Beam",,857.9819946289062,23440.0
23805,M7,,"2 Beams,SS Beam,SW Beam",,850.9954833984375,23440.0
23806,M7,,"2 Beams,SS Beam,SW Beam",,857.8214721679688,23440.0
23807,M7,,Ohmic,,740.4951171875,18011.0
23808,M7,,SS Beam,,762.427978515625,18011.0
23809,M7,,SS Beam,,642.8480224609375,23524.0
23810,M7,,SS Beam,,591.5499877929688,23809.0
23811,M7,,SS Beam,,577.2169799804688,23809.0
23812,M7,,SS Beam,,578.22998046875,23809.0
23813,M7,,SS Beam,,576.9035034179688,23809.0
23814,M7,,SS Beam,,591.333984375,23809.0
23815,M7,,SS Beam,,751.1627197265625,23536.0
23820,M7,,Ohmic,,644.1729736328125,23589.0
23821,M7,,Ohmic,,735.0132446289062,23808.0
23822,M7,,SS Beam,,751.14599609375,23821.0
23823,M7,,SS Beam,,754.9520263671875,23822.0
23824,M7,,SS Beam,,751.0770263671875,23823.0
23825,M7,,SS Beam,,752.5399780273438,23824.0
23826,M7,,SS Beam,,750.3474731445312,23825.0
23827,M7,,SS Beam,,755.72900390625,23826.0
23828,M7,,SS Beam,,747.4429931640625,23827.0
23829,M7,,SS Beam,,754.624755859375,23801.0
23830,M7,,SS Beam,,755.0650024414062,23829.0
23831,M7,,Ohmic,,746.7210083007812,23830.0
23832,M7,,SS Beam,,755.5444946289062,23831.0
23834,M7,,SS Beam,,755.1085205078125,23833.0
23835,M7,,SS Beam,,759.04052734375,23834.0
23836,M7,,SS Beam,,754.885986328125,23835.0
23837,M7,,SS Beam,,756.8900146484375,23836.0
23839,M7,,SS Beam,,755.761474609375,23838.0
23840,M7,,SS Beam,,757.5814819335938,23839.0
23841,M7,,SS Beam,,754.4310302734375,23840.0
23842,M7,,SS Beam,,755.5397338867188,23841.0
23843,M7,,SS Beam,,759.2319946289062,23842.0
23844,M7,,SS Beam,,756.780029296875,23843.0
23847,M7,,Ohmic,,444.4488830566406,23589.0
23849,M7,,SS Beam,,852.719482421875,23805.0
23850,M7,,SS Beam,,853.5805053710938,23849.0
23851,M7,,SS Beam,,714.3040161132812,20517.0
23852,M7,,SS Beam,,718.1517333984375,23851.0
23854,M7,,SS Beam,,641.8065185546875,23853.0
23855,M7,,SS Beam,,641.072021484375,23854.0
23857,M7,,SS Beam,,644.2242431640625,23855.0
23858,M7,,SS Beam,,647.9146118164062,23857.0
23859,M7,,SS Beam,,646.9203491210938,23858.0
23860,M7,,Ohmic,,843.0184936523438,23849.0
23861,M7,,SS Beam,,851.7410278320312,23860.0
23862,M7,,SS Beam,,910.9249877929688,23526.0
23865,M7,,SS Beam,,958.2969970703125,23864.0
23866,M7,,SS Beam,,955.2255249023438,23865.0
23867,M7,,SS Beam,,963.5584716796875,23866.0
23868,M7,,SS Beam,,954.864501953125,23867.0
23869,M7,,SS Beam,,906.1220092773438,23868.0
23870,M7,,Ohmic,,883.79248046875,23862.0
23871,M7,,Ohmic,,885.1185302734375,23870.0
23872,M7,,Ohmic,,885.8585205078125,23871.0
23873,M7,,SW Beam,,626.1099853515625,23524.0
23880,M7,,Ohmic,,665.916748046875,23820.0
23881,M7,,Ohmic,,433.1690673828125,17176.0
23882,M7,,Ohmic,,430.6981201171875,17176.0
23883,M7,,Ohmic,,434.3584289550781,17176.0
23884,M7,,Ohmic,,442.5775146484375,17176.0
23885,M7,,Ohmic,,397.4051208496094,17176.0
23886,M7,,Ohmic,,430.31488037109375,17176.0
23887,M7,,SS Beam,,758.8045043945312,23808.0
23888,M7,,SS Beam,,753.3560180664062,23808.0
23889,M7,,SS Beam,,754.1680297851562,23888.0
23890,M7,,SS Beam,,753.7589721679688,23889.0
23891,M7,,SS Beam,,752.3414916992188,23890.0
23892,M7,,SS Beam,,753.302001953125,23891.0
23893,M7,,SS Beam,,751.604248046875,23892.0
23894,M7,,SS Beam,,751.3289794921875,23893.0
23897,M7,,Ohmic,,668.1857299804688,23589.0
23898,M7,,Ohmic,,661.2962646484375,23589.0
23899,M7,,SS Beam,,697.8660278320312,20684.0
23900,M7,,"2 Beams,SS Beam,SW Beam",,676.3510131835938,20684.0
23901,M7,,"2 Beams,SS Beam,SW Beam",,679.4580078125,23900.0
23902,M7,,"2 Beams,SS Beam,SW Beam",,687.6527709960938,23901.0
23903,M7,,"2 Beams,SS Beam,SW Beam",,668.4537353515625,23901.0
23904,M7,,"2 Beams,SS Beam,SW Beam",,669.7506103515625,23903.0
23905,M7,,SW Beam,,666.8047485351562,23903.0
23906,M7,,SW Beam,,668.81787109375,23905.0
23907,M7,,"2 Beams,SS Beam,SW Beam",,669.7392578125,23905.0
23908,M7,,"2 Beams,SS Beam,SW Beam",,667.9127197265625,23905.0
23912,M7,,Ohmic,,666.1309814453125,23589.0
23914,M7,,SW Beam,,652.6043701171875,22829.0
23915,M7,,SW Beam,,651.0126342773438,22829.0
23916,M7,,SW Beam,,646.9963989257812,22829.0
23917,M7,,SW Beam,,649.693115234375,22829.0
23918,M7,,SW Beam,,650.3615112304688,22829.0
23919,M7,,Ohmic,,640.3433837890625,22829.0
23920,M7,,SW Beam,,648.0502319335938,22829.0
23921,M7,,"2 Beams,SS Beam,SW Beam",,651.1221313476562,22829.0
23922,M7,,"2 Beams,SS Beam,SW Beam",,648.3775024414062,22829.0
23923,M7,,SS Beam,,650.8701171875,22829.0
23924,M7,,"2 Beams,SS Beam,SW Beam",,647.3308715820312,22829.0
23927,M7,,Ohmic,,643.1434936523438,23589.0
23928,M7,,SS Beam,,649.7991333007812,23916.0
23930,M7,,SS Beam,,649.7755126953125,23916.0
23931,M7,,SS Beam,,647.0352783203125,23930.0
23932,M7,,SS Beam,,649.261474609375,23931.0
23933,M7,,SS Beam,,648.681640625,23932.0
23934,M7,,SS Beam,,650.5968627929688,23933.0
23935,M7,,SS Beam,,653.5887451171875,23915.0
23936,M7,,SS Beam,,651.8065185546875,23935.0
23937,M7,,"2 Beams,SS Beam,SW Beam",,653.301025390625,23936.0
23938,M7,,"2 Beams,SS Beam,SW Beam",,648.8681030273438,23931.0
23939,M7,,"2 Beams,SS Beam,SW Beam",,653.0009765625,23937.0
23940,M7,,SS Beam,,641.6136474609375,23931.0
23941,M7,,SS Beam,,649.1327514648438,23940.0
23942,M7,,SS Beam,,651.1013793945312,23941.0
23943,M7,,SS Beam,,651.1552734375,23942.0
23944,M7,,SS Beam,,649.1576538085938,23934.0
23967,M7,,Ohmic,,426.614990234375,21964.0
23968,M7,,Ohmic,,427.2464904785156,21964.0
23969,M7,,Ohmic,,17.726282119750977,23968.0
23970,M7,,Ohmic,,427.0765075683594,23969.0
23971,M7,,Ohmic,,169.3180694580078,23970.0
23972,M7,,Ohmic,,428.0432434082031,23970.0
23973,M7,,Ohmic,,428.0667419433594,23970.0
23994,M7,,Ohmic,,441.48724365234375,23993.0
23974,M7,,Ohmic,,432.2907409667969,23970.0
23975,M7,,Ohmic,,428.6097412109375,23970.0
24018,M7,,Ohmic,,391.7535095214844,24017.0
23978,M7,,Ohmic,,645.7344970703125,23589.0
23979,M7,,Ohmic,,429.55450439453125,23975.0
23980,M7,,Ohmic,,429.9639892578125,23979.0
23981,M7,,Ohmic,,428.9200134277344,23979.0
23982,M7,,Ohmic,,429.7592468261719,23974.0
23983,M7,,Ohmic,,429.604736328125,23968.0
23984,M7,,Ohmic,,428.31451416015625,23968.0
23985,M7,,Ohmic,,430.4125061035156,23984.0
23986,M7,,Ohmic,,428.3424987792969,23985.0
23987,M7,,Ohmic,,429.4257507324219,23986.0
23988,M7,,Ohmic,,429.5521240234375,23987.0
23989,M7,,Ohmic,,430.125244140625,23988.0
23990,M7,,Ohmic,,429.6477355957031,23989.0
23991,M7,,Ohmic,,428.35675048828125,23990.0
23992,M7,,Ohmic,,427.28424072265625,23991.0
23993,M7,,Ohmic,,428.875,23992.0
23995,M7,,Ohmic,,428.84173583984375,23993.0
23997,M7,,Ohmic,,428.71624755859375,23995.0
23998,M7,,Ohmic,,17.505516052246094,23997.0
23999,M7,,Ohmic,,427.822509765625,23997.0
24000,M7,,Ohmic,,430.6987609863281,23999.0
24001,M7,,Ohmic,,648.82373046875,24000.0
24002,M7,,Ohmic,,652.3510131835938,23990.0
24003,M7,,Ohmic,,651.4354858398438,23985.0
24004,M7,,Ohmic,,650.32177734375,24003.0
24005,M7,,Ohmic,,426.6724853515625,23990.0
24008,M7,,Ohmic,,647.4879760742188,23589.0
24009,M7,,Ohmic,,642.82373046875,21639.0
24010,M7,,Ohmic,,637.2584838867188,24009.0
24011,M7,,Ohmic,,644.09375,24010.0
24013,M7,,Ohmic,,640.30224609375,24011.0
24014,M7,,Ohmic,,639.9550170898438,24013.0
24015,M7,,Ohmic,,641.0812377929688,24013.0
24016,M7,,Ohmic,,575.4970092773438,23612.0
24019,M7,,Ohmic,,407.80712890625,24018.0
24020,M7,,Ohmic,,408.9098815917969,24019.0
24021,M7,,Ohmic,,422.7667541503906,24020.0
24022,M7,,Ohmic,,424.40826416015625,24021.0
24023,M7,,Ohmic,,427.06549072265625,24022.0
24024,M7,,Ohmic,,427.16876220703125,24023.0
24028,M7,,Ohmic,,647.0294799804688,24008.0
24029,M7,,Ohmic,,548.7169799804688,24024.0
24030,M7,,Ohmic,,551.6224975585938,24029.0
24031,M7,,Ohmic,,551.281494140625,24030.0
24032,M7,,Ohmic,,388.95562744140625,24031.0
24033,M7,,Ohmic,,425.89349365234375,24031.0
24034,M7,,Ohmic,,428.44775390625,24031.0
24035,M7,,Ohmic,,428.18951416015625,24034.0
24036,M7,,Ohmic,,427.21051025390625,24035.0
24037,M7,,SS Beam,,641.16650390625,23859.0
24039,M7,,SS Beam,,748.5192260742188,23828.0
24040,M7,,SS Beam,,699.343505859375,20333.0
24041,M7,,"2 Beams,SS Beam,SW Beam",,703.9942626953125,20333.0
24042,M7,,"2 Beams,SS Beam,SW Beam",,694.3309936523438,24041.0
24043,M7,,"2 Beams,SS Beam,SW Beam",,699.6170043945312,24041.0
24044,M7,,"2 Beams,SS Beam,SW Beam",,700.7689819335938,24041.0
24045,M7,,"2 Beams,SS Beam,SW Beam",,699.155517578125,24041.0
24046,M7,,"2 Beams,SS Beam,SW Beam",,704.2160034179688,24041.0
24047,M7,,SW Beam,,690.2584838867188,24041.0
24055,M7,,"2 Beams,SS Beam,SW Beam",,10.0905,23746.0
24060,M7,,Ohmic,,643.1719970703125,24008.0
24061,M7,,SS Beam,,755.0040283203125,23447.0
24062,M7,,SS Beam,,767.9959716796875,24061.0
24063,M7,,SS Beam,,754.5767211914062,24061.0
24064,M7,,SS Beam,,759.6199951171875,24061.0
24065,M7,,SS Beam,,755.8257446289062,24061.0
24066,M7,,"2 Beams,SS Beam,SW Beam",,757.10302734375,24061.0
24067,M7,,"2 Beams,SS Beam,SW Beam",,756.8895263671875,24061.0
24068,M7,,"2 Beams,SS Beam,SW Beam",,758.8629760742188,24061.0
24069,M7,,"2 Beams,SS Beam,SW Beam",,753.0507202148438,24061.0
24070,M7,,Ohmic,,746.3876342773438,24061.0
24071,M7,,"2 Beams,SS Beam,SW Beam",,755.8267211914062,24061.0
24072,M7,,"2 Beams,SS Beam,SW Beam",,756.2057495117188,24071.0
24073,M7,,"2 Beams,SS Beam,SW Beam",,769.2860107421875,24072.0
24074,M7,,SS Beam,,752.6475219726562,21884.0
24075,M7,,SS Beam,,753.4210205078125,24074.0
24076,M7,,Ohmic,,747.3604736328125,24075.0
24077,M7,,"2 Beams,SS Beam,SW Beam",,755.354248046875,24075.0
24078,M7,,"2 Beams,SS Beam,SW Beam",,756.7379760742188,24075.0
24079,M7,,"2 Beams,SS Beam,SW Beam",,759.9860229492188,24067.0
24080,M7,,"2 Beams,SS Beam,SW Beam",,754.7042236328125,24067.0
24081,M7,,"2 Beams,SS Beam,SW Beam",,751.7662353515625,24067.0
24082,M7,,"2 Beams,SS Beam,SW Beam",,754.9852294921875,24081.0
24085,M7,,Ohmic,,643.1259765625,24008.0
24086,M7,,Ohmic,,431.7662353515625,23777.0
24087,M7,,Ohmic,,430.8320007324219,23777.0
24088,M7,,Ohmic,,428.00726318359375,23777.0
24089,M7,,Ohmic,,427.60125732421875,23777.0
24091,M7,,Ohmic,,429.379638671875,23777.0
24094,M7,,SS Beam,,427.9255065917969,23777.0
24095,M7,,SS Beam,,430.0364990234375,23777.0
24096,M7,,SS Beam,,430.4435119628906,23777.0
24097,M7,,SS Beam,,430.1993713378906,23777.0
24098,M7,,Ohmic,,429.35986328125,23777.0
24119,M7,,Ohmic,,644.4000244140625,24008.0
24120,M7,,SS Beam,,704.0155029296875,20691.0
24121,M7,,SS Beam,,707.7639770507812,24120.0
24122,M7,,SS Beam,,707.5805053710938,24121.0
24123,M7,,SS Beam,,705.7887573242188,20479.0
24124,M7,,"2 Beams,SS Beam,SW Beam",,710.2479858398438,24123.0
24125,M7,,"2 Beams,SS Beam,SW Beam",,695.6444702148438,24124.0
24126,M7,,"2 Beams,SS Beam,SW Beam",,774.0040283203125,24125.0
24127,M7,,"2 Beams,SS Beam,SW Beam",,782.0880126953125,24126.0
24128,M7,,"2 Beams,SS Beam,SW Beam",,771.0642700195312,24126.0
24129,M7,,SS Beam,,771.8604736328125,24126.0
24130,M7,,"2 Beams,SS Beam,SW Beam",,771.8560180664062,24126.0
24131,M7,,"2 Beams,SS Beam,SW Beam",,778.0780029296875,24126.0
24132,M7,,"2 Beams,SS Beam,SW Beam",,777.5139770507812,24126.0
24133,M7,,"2 Beams,SS Beam,SW Beam",,779.6875,24126.0
24134,M7,,"2 Beams,SS Beam,SW Beam",,765.4404907226562,24126.0
24135,M7,,"2 Beams,SS Beam,SW Beam",,779.1420288085938,24126.0
24136,M7,,SS Beam,,764.1395263671875,24126.0
24141,M7,,Ohmic,,433.8240051269531,23795.0
24142,M7,,SS Beam,,609.2860107421875,22769.0
24143,M7,,SS Beam,,584.8779907226562,22769.0
24144,M7,,Ohmic,,561.489501953125,22769.0
24145,M7,,SS Beam,,894.1950073242188,23526.0
24148,M7,,SS Beam,,907.3369750976562,24145.0
24151,M7,,"2 Beams,SS Beam,SW Beam",,621.3870239257812,24150.0
24152,M7,,"2 Beams,SS Beam,SW Beam",,633.1240234375,24150.0
24155,M7,,Ohmic,,640.2692260742188,24008.0
24156,M7,,"2 Beams,SS Beam,SW Beam",,651.9249877929688,24152.0
24157,M7,,"2 Beams,SS Beam,SW Beam",,629.3880004882812,24156.0
24158,M7,,Ohmic,,610.6854858398438,24157.0
24159,M7,,"2 Beams,SS Beam,SW Beam",,665.0579833984375,24157.0
24160,M7,,"2 Beams,SS Beam,SW Beam",,623.3740234375,24157.0
24163,M7,,Ohmic,,644.3060302734375,24119.0
24164,M7,,Ohmic,,736.1375122070312,23893.0
24165,M7,,SS Beam,,754.3909912109375,24164.0
24166,M7,,SS Beam,,752.3909912109375,24165.0
24167,M7,,SS Beam,,755.375,24166.0
24168,M7,,SS Beam,,754.7584838867188,24167.0
24169,M7,,SS Beam,,753.0225219726562,24168.0
24170,M7,,SS Beam,,739.530029296875,24169.0
24171,M7,,SS Beam,,753.7160034179688,24169.0
24172,M7,,SS Beam,,758.0469970703125,24171.0
24173,M7,,SS Beam,,772.5980224609375,24171.0
24174,M7,,SS Beam,,755.62451171875,24171.0
24175,M7,,SS Beam,,750.594970703125,24174.0
24177,M7,,SS Beam,,755.5625,24175.0
24180,M7,,SS Beam,,760.2559814453125,24179.0
24181,M7,,SS Beam,,911.9359741210938,23526.0
24194,M7,,Ohmic,,647.238525390625,24119.0
24195,M7,,SS Beam,,629.114990234375,23524.0
24196,M7,,SS Beam,,618.958984375,24195.0
24197,M7,,SS Beam,,672.8920288085938,24196.0
24198,M7,,SS Beam,,682.9639892578125,24197.0
24199,M7,,"2 Beams,SS Beam,SW Beam",,700.02001953125,24198.0
24200,M7,,"2 Beams,SS Beam,SW Beam",,623.8665161132812,24199.0
24201,M7,,SS Beam,,909.5419921875,24181.0
24202,M7,,SS Beam,,906.4625244140625,24201.0
24203,M7,,SS Beam,,908.2940063476562,24201.0
24204,M7,,SS Beam,,904.4110107421875,24201.0
24205,M7,,"2 Beams,SS Beam,SW Beam",,657.4450073242188,24200.0
24206,M7,,"2 Beams,SS Beam,SW Beam",,690.2009887695312,24205.0
24207,M7,,SS Beam,,909.115478515625,24201.0
24208,M7,,SS Beam,,912.2470092773438,24207.0
24209,M7,,"2 Beams,SS Beam,SW Beam",,772.5640258789062,24135.0
24210,M7,,"2 Beams,SS Beam,SW Beam",,772.614990234375,24209.0
24211,M7,,"2 Beams,SS Beam,SW Beam",,775.7509765625,24210.0
24212,M7,,"2 Beams,SS Beam,SW Beam",,766.9502563476562,24211.0
24213,M7,,"2 Beams,SS Beam,SW Beam",,767.2020263671875,24212.0
24214,M7,,"2 Beams,SS Beam,SW Beam",,777.6015014648438,24213.0
24215,M7,,"2 Beams,SS Beam,SW Beam",,770.7329711914062,24214.0
24216,M7,,"2 Beams,SS Beam,SW Beam",,781.698974609375,24215.0
24217,M7,,"2 Beams,SS Beam,SW Beam",,775.5549926757812,24216.0
24218,M7,,"2 Beams,SS Beam,SW Beam",,704.5535278320312,24122.0
24219,M7,,"2 Beams,SS Beam,SW Beam",,779.3179931640625,24218.0
24220,M7,,SS Beam,,768.9990234375,24219.0
24221,M7,,"2 Beams,SS Beam,SW Beam",,774.719482421875,24220.0
24222,M7,,"2 Beams,SS Beam,SW Beam",,780.656982421875,24221.0
24223,M7,,"2 Beams,SS Beam,SW Beam",,763.3827514648438,24217.0
24280,M7,,Ohmic,,639.822998046875,24119.0
24281,M7,,Ohmic,,637.8309936523438,24119.0
24287,M7,,Ohmic,,749.7034912109375,24216.0
24288,M7,,Ohmic,,754.2965087890625,24216.0
24300,M7,,Ohmic,,753.7747802734375,24216.0
24302,M7,,"2 Beams,SS Beam,SW Beam",,914.823974609375,22664.0
24303,M7,,"2 Beams,SS Beam,SW Beam",,909.7379760742188,22664.0
24304,M7,,"2 Beams,SS Beam,SW Beam",,910.5759887695312,22664.0
24306,M7,,"2 Beams,SS Beam,SW Beam",,908.8209838867188,22664.0
24309,M7,,"2 Beams,SS Beam,SW Beam",,915.54248046875,22664.0
24313,M7,,"2 Beams,SS Beam,SW Beam",,913.4630126953125,22664.0
24314,M7,,"2 Beams,SS Beam,SW Beam",,915.3724975585938,22664.0
24318,M7,,Ohmic,,641.9080200195312,24194.0
24319,M7,,Ohmic,,754.5554809570312,24216.0
24320,M7,,"2 Beams,SS Beam,SW Beam",,781.0260009765625,24216.0
24321,M7,,"2 Beams,SS Beam,SW Beam",,759.3460083007812,24216.0
24323,M7,,"2 Beams,SS Beam,SW Beam",,772.4829711914062,24321.0
24324,M7,,"2 Beams,SS Beam,SW Beam",,773.322021484375,24321.0
24325,M7,,"2 Beams,SS Beam,SW Beam",,787.7589721679688,24324.0
24326,M7,,"2 Beams,SS Beam,SW Beam",,786.4099731445312,24325.0
24327,M7,,"2 Beams,SS Beam,SW Beam",,778.7739868164062,24326.0
24328,M7,,"2 Beams,SS Beam,SW Beam",,766.6925048828125,24326.0
24329,M7,,"2 Beams,SS Beam,SW Beam",,773.8610229492188,24328.0
24330,M7,,Ohmic,,774.9619750976562,24329.0
24331,M7,,"2 Beams,SS Beam,SW Beam",,769.603515625,24330.0
24332,M7,,"2 Beams,SS Beam,SW Beam",,774.2420043945312,24331.0
24333,M7,,"2 Beams,SS Beam,SW Beam",,773.927001953125,24331.0
24334,M7,,"2 Beams,SS Beam,SW Beam",,773.6370239257812,24331.0
24335,M7,,"2 Beams,SS Beam,SW Beam",,783.7369995117188,24334.0
24336,M7,,"2 Beams,SS Beam,SW Beam",,769.79248046875,24335.0
24337,M7,,"2 Beams,SS Beam,SW Beam",,772.1279907226562,24336.0
24340,M7,,Ohmic,,634.5805053710938,24194.0
24341,M7,,Ohmic,,754.2112426757812,24216.0
24343,M7,,Ohmic,,755.4655151367188,24216.0
24344,M7,,"2 Beams,SS Beam,SW Beam",,759.7030029296875,24216.0
24361,M7,,"2 Beams,SS Beam,SW Beam",,912.3594970703125,24360.0
24345,M7,,"2 Beams,SS Beam,SW Beam",,758.7897338867188,24216.0
24346,M7,,SW Beam,,756.1854858398438,24216.0
24347,M7,,Ohmic,,752.6455078125,24216.0
24348,M7,,SS Beam,,760.2437744140625,24216.0
24349,M7,,SS Beam,,763.4539794921875,24216.0
24350,M7,,"2 Beams,SS Beam,SW Beam",,755.4495239257812,24349.0
24351,M7,,"2 Beams,SS Beam,SW Beam",,759.489990234375,24349.0
24352,M7,,"2 Beams,SS Beam,SW Beam",,755.052001953125,24349.0
24353,M7,,"2 Beams,SS Beam,SW Beam",,758.7100219726562,24349.0
24354,M7,,"2 Beams,SS Beam,SW Beam",,753.447021484375,24349.0
24355,M7,,SW Beam,,754.4140014648438,24349.0
24356,M7,,"2 Beams,SS Beam,SW Beam",,913.2379760742188,20430.0
24357,M7,,"2 Beams,SS Beam,SW Beam",,908.3004760742188,24356.0
24362,M7,,"2 Beams,SS Beam,SW Beam",,912.2005004882812,24361.0
24363,M7,,"2 Beams,SS Beam,SW Beam",,914.8870239257812,24362.0
24365,M7,,"2 Beams,SS Beam,SW Beam",,912.6890258789062,24364.0
24367,M7,,"2 Beams,SS Beam,SW Beam",,911.4290161132812,24366.0
24373,M7,,Ohmic,,645.1259765625,24194.0
24374,M7,,Ohmic,,431.151123046875,21712.0
24375,M7,,Ohmic,,430.41973876953125,24374.0
24376,M7,,Ohmic,,430.9791259765625,24375.0
24377,M7,,Ohmic,,430.0408630371094,24376.0
24378,M7,,Ohmic,,431.0687561035156,24377.0
24379,M7,,Ohmic,,430.3837585449219,24378.0
24380,M7,,Ohmic,,430.6315002441406,24379.0
24381,M7,,Ohmic,,429.57598876953125,24379.0
24382,M7,,Ohmic,,431.4339904785156,24379.0
24383,M7,,Ohmic,,430.3534851074219,24382.0
24384,M7,,Ohmic,,430.82000732421875,24383.0
24385,M7,,Ohmic,,430.87176513671875,24384.0
24386,M7,,Ohmic,,430.135009765625,24385.0
24387,M7,,Ohmic,,430.9862365722656,24386.0
24388,M7,,Ohmic,,430.55499267578125,24386.0
24389,M7,,Ohmic,,429.75775146484375,24386.0
24390,M7,,Ohmic,,427.4525146484375,24386.0
24391,M7,,Ohmic,,429.27850341796875,24386.0
24392,M7,,Ohmic,,430.3074951171875,24386.0
24393,M7,,Ohmic,,429.8835144042969,24386.0
24394,M7,,Ohmic,,428.7598876953125,24393.0
24397,M7,,Ohmic,,434.8689880371094,23795.0
24398,M7,,Ohmic,,429.8445129394531,23795.0
24399,M7,,SS Beam,,903.83447265625,23862.0
24400,M7,,Ohmic,,894.9854736328125,23862.0
24401,M7,,Ohmic,,890.0285034179688,23862.0
24402,M7,,SS Beam,,893.2664794921875,23862.0
24403,M7,,SS Beam,,908.5885009765625,23862.0
24404,M7,,SS Beam,,909.208984375,24403.0
24405,M7,,SS Beam,,905.5430297851562,24404.0
24406,M7,,SS Beam,,909.655517578125,24403.0
24407,M7,,SS Beam,,909.968505859375,24403.0
24408,M7,,SS Beam,,908.7319946289062,24403.0
24409,M7,,SS Beam,,909.06298828125,24403.0
24410,M7,,SW Beam,,857.4099731445312,24408.0
24411,M7,,"2 Beams,SS Beam,SW Beam",,886.8480224609375,24408.0
24412,M7,,"2 Beams,SS Beam,SW Beam",,676.2839965820312,24205.0
24413,M7,,"2 Beams,SS Beam,SW Beam",,690.3679809570312,24412.0
24414,M7,,"2 Beams,SS Beam,SW Beam",,690.4130249023438,24412.0
24415,M7,,"2 Beams,SS Beam,SW Beam",,625.427001953125,24414.0
24416,M7,,SS Beam,,615.1204833984375,24415.0
24417,M7,,SS Beam,,916.5805053710938,24409.0
24418,M7,,SS Beam,,905.0980224609375,24417.0
24420,M7,,SS Beam,,890.5650024414062,24419.0
24421,M7,,SS Beam,,896.2265014648438,24419.0
24422,M7,,SS Beam,,767.9432373046875,24216.0
24423,M7,,SS Beam,,766.7107543945312,24216.0
24424,M7,,SS Beam,,764.6890258789062,24216.0
24428,M7,,Ohmic,,642.7739868164062,24194.0
24429,M7,,SS Beam,,774.8770141601562,24424.0
24434,M7,,SS Beam,,853.3125,24433.0
24430,M7,,SS Beam,,765.7132568359375,24429.0
24431,M7,,SS Beam,,765.0239868164062,24429.0
24432,M7,,SS Beam,,846.9724731445312,22788.0
24433,M7,,SS Beam,,848.7039794921875,24432.0
24435,M7,,SS Beam,,854.989013671875,24434.0
24436,M7,,SS Beam,,863.4092407226562,24435.0
24437,M7,,SS Beam,,854.16748046875,24436.0
24438,M7,,SS Beam,,855.3524780273438,24437.0
24439,M7,,SS Beam,,847.3499755859375,24438.0
24440,M7,,SS Beam,,856.3405151367188,24439.0
24441,M7,,SS Beam,,561.921875,24440.0
24442,M7,,SS Beam,,866.0392456054688,24441.0
24443,M7,,SS Beam,,873.4762573242188,24441.0
24444,M7,,SS Beam,,864.3170166015625,24443.0
24445,M7,,SS Beam,,855.9240112304688,24444.0
24446,M7,,SS Beam,,856.1884765625,24445.0
24448,M7,,SS Beam,,836.3047485351562,24440.0
24449,M7,,SS Beam,,862.134521484375,24448.0
24450,M7,,SS Beam,,858.5082397460938,24449.0
24451,M7,,SS Beam,,851.7059936523438,24450.0
24454,M7,,Ohmic,,642.8709716796875,24194.0
24455,M7,,SS Beam,,768.49072265625,24422.0
24457,M7,,SS Beam,,766.76025390625,24422.0
24458,M7,,SS Beam,,766.5477294921875,24455.0
24459,M7,,"2 Beams,SS Beam,SW Beam",,859.1964721679688,23804.0
24460,M7,,"2 Beams,SS Beam,SW Beam",,859.5704956054688,24459.0
24461,M7,,"2 Beams,SS Beam,SW Beam",,854.0059814453125,24460.0
24462,M7,,"2 Beams,SS Beam,SW Beam",,857.7949829101562,24460.0
24463,M7,,"2 Beams,SS Beam,SW Beam",,688.5257568359375,24460.0
24464,M7,,"2 Beams,SS Beam,SW Beam",,858.5084838867188,24460.0
24465,M7,,"2 Beams,SS Beam,SW Beam",,856.551025390625,24464.0
24466,M7,,SW Beam,,853.2435302734375,24465.0
24467,M7,,"2 Beams,SS Beam,SW Beam",,859.1195068359375,24466.0
24468,M7,,"2 Beams,SS Beam,SW Beam",,851.948974609375,24467.0
24469,M7,,"2 Beams,SS Beam,SW Beam",,858.6804809570312,24468.0
24470,M7,,"2 Beams,SS Beam,SW Beam",,854.697021484375,24461.0
24471,M7,,"2 Beams,SS Beam,SW Beam",,849.4655151367188,24470.0
24472,M7,,"2 Beams,SS Beam,SW Beam",,857.7034912109375,24471.0
24473,M7,,SS Beam,,702.765625,22236.0
24474,M7,,SS Beam,,708.5542602539062,24473.0
24475,M7,,Ohmic,,700.1363525390625,24473.0
24476,M7,,SS Beam,,710.2429809570312,24475.0
24477,M7,,SS Beam,,706.9688720703125,24476.0
24478,M7,,SS Beam,,704.7217407226562,24477.0
24479,M7,,SS Beam,,709.6060180664062,24478.0
24480,M7,,SS Beam,,711.1241455078125,24479.0
24481,M7,,SS Beam,,702.29150390625,24480.0
24482,M7,,SS Beam,,713.3255004882812,24480.0
24483,M7,,"2 Beams,SS Beam,SW Beam",,774.7135009765625,24082.0
24484,M7,,"2 Beams,SS Beam,SW Beam",,751.769775390625,24483.0
24485,M7,,"2 Beams,SS Beam,SW Beam",,763.1010131835938,24484.0
24486,M7,,"2 Beams,SS Beam,SW Beam",,758.501220703125,24485.0
24487,M7,,"2 Beams,SS Beam,SW Beam",,755.4507446289062,24486.0
24491,M7,,Ohmic,,642.7985229492188,24194.0
24493,M7,,SS Beam,,311.6416320800781,24408.0
24494,M7,,SS Beam,,906.4044799804688,24408.0
24497,M7,,SS Beam,,907.9420166015625,24496.0
24498,M7,,SS Beam,,909.2109985351562,24496.0
24499,M7,,SS Beam,,906.6300048828125,24498.0
24500,M7,,SS Beam,,913.5659790039062,24499.0
24501,M7,,SS Beam,,907.2235107421875,24500.0
24502,M7,,SS Beam,,907.9030151367188,24501.0
24503,M7,,SS Beam,,909.8524780273438,24502.0
24504,M7,,SS Beam,,916.2105102539062,24502.0
24505,M7,,SS Beam,,910.7484741210938,24504.0
24506,M7,,SS Beam,,763.853759765625,24457.0
24507,M7,,Ohmic,,756.8685302734375,24506.0
24508,M7,,SS Beam,,762.3250122070312,24506.0
24509,M7,,SS Beam,,768.198486328125,24508.0
24512,M7,,Ohmic,,642.9509887695312,24194.0
24513,M7,,Ohmic,,431.1315002441406,23979.0
24514,M7,,SS Beam,,773.344970703125,24424.0
24515,M7,,SS Beam,,779.2944946289062,24514.0
24516,M7,,SS Beam,,772.0540161132812,24515.0
24517,M7,,SS Beam,,769.7655029296875,24516.0
24518,M7,,SS Beam,,778.1069946289062,24517.0
24519,M7,,Ohmic,,881.7785034179688,24359.0
24520,M7,,Ohmic,,884.0599975585938,24519.0
24522,M7,,SS Beam,,905.9180297851562,24519.0
24523,M7,,SS Beam,,807.2067260742188,24522.0
24524,M7,,SS Beam,,803.9660034179688,24523.0
24525,M7,,SS Beam,,802.9840087890625,24524.0
24526,M7,,SS Beam,,797.8352661132812,24525.0
24527,M7,,SS Beam,,798.0262451171875,24526.0
24528,M7,,SS Beam,,795.219970703125,24527.0
24531,M7,,Ohmic,,644.0709838867188,24194.0
24532,M7,,SS Beam,,910.1389770507812,24408.0
24533,M7,,SS Beam,,912.7670288085938,24408.0
24534,M7,,SS Beam,,909.9400024414062,24408.0
24535,M7,,Ohmic,,876.7545166015625,24408.0
24536,M7,,SS Beam,,914.4514770507812,24408.0
24537,M7,,Ohmic,,874.6920166015625,24408.0
24538,M7,,SS Beam,,916.6329956054688,24408.0
24539,M7,,Ohmic,,879.8944702148438,24408.0
24540,M7,,SS Beam,,910.2750244140625,24408.0
24541,M7,,"2 Beams,SS Beam,SW Beam",,917.9879760742188,24408.0
24542,M7,,"2 Beams,SS Beam,SW Beam",,911.2009887695312,24408.0
24543,M7,,"2 Beams,SS Beam,SW Beam",,860.3204956054688,24472.0
24544,M7,,"2 Beams,SS Beam,SW Beam",,860.0894775390625,24472.0
24545,M7,,"2 Beams,SS Beam,SW Beam",,859.156494140625,24472.0
24547,M7,,"2 Beams,SS Beam,SW Beam",,860.7459716796875,24472.0
24549,M7,,"2 Beams,SS Beam,SW Beam",,860.9094848632812,24472.0
24550,M7,,"2 Beams,SS Beam,SW Beam",,857.1170043945312,24472.0
24551,M7,,"2 Beams,SS Beam,SW Beam",,858.4194946289062,24472.0
24552,M7,,"2 Beams,SS Beam,SW Beam",,858.4204711914062,24472.0
24553,M7,,"2 Beams,SS Beam,SW Beam",,858.135986328125,24472.0
24555,M7,,"2 Beams,SS Beam,SW Beam",,859.468505859375,24472.0
24559,M7,,Ohmic,,641.6895141601562,24194.0
24560,M7,,SS Beam,,904.6279907226562,24540.0
24561,M7,,SS Beam,,909.406982421875,24560.0
24562,M7,,SS Beam,,896.9199829101562,24561.0
24563,M7,,"2 Beams,SS Beam,SW Beam",,913.927001953125,24562.0
24564,M7,,"2 Beams,SS Beam,SW Beam",,908.323486328125,24563.0
24565,M7,,"2 Beams,SS Beam,SW Beam",,909.2919921875,24563.0
24566,M7,,"2 Beams,SS Beam,SW Beam",,919.9039916992188,24565.0
24567,M7,,"2 Beams,SS Beam,SW Beam",,902.0770263671875,24566.0
24568,M7,,"2 Beams,SS Beam,SW Beam",,915.8759765625,24567.0
24569,M7,,"2 Beams,SS Beam,SW Beam",,908.3699951171875,24568.0
24570,M7,,"2 Beams,SS Beam,SW Beam",,907.9755249023438,24569.0
24571,M7,,"2 Beams,SS Beam,SW Beam",,855.134521484375,24555.0
24572,M7,,"2 Beams,SS Beam,SW Beam",,854.7000122070312,24571.0
24575,M7,,"2 Beams,SS Beam,SW Beam",,910.802001953125,24542.0
24576,M7,,"2 Beams,SS Beam,SW Beam",,899.8939819335938,24575.0
24577,M7,,"2 Beams,SS Beam,SW Beam",,894.9144897460938,24576.0
24578,M7,,"2 Beams,SS Beam,SW Beam",,904.677978515625,24577.0
24579,M7,,"2 Beams,SS Beam,SW Beam",,906.801025390625,24578.0
24580,M7,,"2 Beams,SS Beam,SW Beam",,892.9849853515625,24579.0
24581,M7,,"2 Beams,SS Beam,SW Beam",,893.4815063476562,24580.0
24582,M7,,"2 Beams,SS Beam,SW Beam",,915.1500244140625,24542.0
24583,M7,,"2 Beams,SS Beam,SW Beam",,916.5709838867188,24582.0
24584,M7,,"2 Beams,SS Beam,SW Beam",,905.8004760742188,24583.0
24585,M7,,SW Beam,,880.2069702148438,24584.0
24586,M7,,"2 Beams,SS Beam,SW Beam",,919.81201171875,24585.0
24587,M7,,"2 Beams,SS Beam,SW Beam",,1055.4405517578125,24586.0
24590,M7,,SW Beam,,645.4244995117188,24194.0
24592,M7,,SS Beam,,857.615478515625,24591.0
24593,M7,,SS Beam,,852.5469970703125,24591.0
24594,M7,,SS Beam,,617.234130859375,24591.0
24595,M7,,SS Beam,,629.9815063476562,24591.0
24596,M7,,"2 Beams,SS Beam,SW Beam",,824.6177368164062,24591.0
24597,M7,,"2 Beams,SS Beam,SW Beam",,857.29150390625,24596.0
24598,M7,,"2 Beams,SS Beam,SW Beam",,861.2769775390625,24596.0
24599,M7,,SW Beam,,855.5015258789062,24598.0
24600,M7,,"2 Beams,SS Beam,SW Beam",,855.43701171875,24598.0
24601,M7,,Ohmic,,564.3363647460938,24600.0
24602,M7,,"2 Beams,SS Beam,SW Beam",,870.54052734375,24600.0
24603,M7,,SS Beam,,629.0205078125,24602.0
24604,M7,,SS Beam,,533.552734375,24603.0
24605,M7,,"2 Beams,SS Beam,SW Beam",,859.1209716796875,24604.0
24606,M7,,"2 Beams,SS Beam,SW Beam",,846.2940063476562,24605.0
24607,M7,,"2 Beams,SS Beam,SW Beam",,835.1824951171875,24606.0
24608,M7,,"2 Beams,SS Beam,SW Beam",,853.1699829101562,24606.0
24609,M7,,"2 Beams,SS Beam,SW Beam",,767.6119995117188,24606.0
24610,M7,,SS Beam,,577.6947631835938,24609.0
24611,M7,,SS Beam,,498.45001220703125,24610.0
24614,M7,,Ohmic,,641.8209838867188,24194.0
24615,M7,,"2 Beams,SS Beam,SW Beam",,758.458251953125,24485.0
24616,M7,,"2 Beams,SS Beam,SW Beam",,753.3054809570312,24485.0
24617,M7,,"2 Beams,SS Beam,SW Beam",,752.030029296875,24485.0
24618,M7,,"2 Beams,SS Beam,SW Beam",,751.2797241210938,24485.0
24619,M7,,"2 Beams,SS Beam,SW Beam",,754.583984375,24485.0
24620,M7,,"2 Beams,SS Beam,SW Beam",,771.4219970703125,24619.0
24621,M7,,"2 Beams,SS Beam,SW Beam",,755.5297241210938,24082.0
24622,M7,,"2 Beams,SS Beam,SW Beam",,755.5349731445312,24621.0
24623,M7,,"2 Beams,SS Beam,SW Beam",,760.5797729492188,24621.0
24624,M7,,"2 Beams,SS Beam,SW Beam",,759.0592651367188,24621.0
24625,M7,,"2 Beams,SS Beam,SW Beam",,756.5757446289062,24621.0
24626,M7,,"2 Beams,SS Beam,SW Beam",,760.2529907226562,24621.0
24627,M7,,"2 Beams,SS Beam,SW Beam",,755.36572265625,24621.0
24628,M7,,"2 Beams,SS Beam,SW Beam",,756.9660034179688,24621.0
24630,M7,,"2 Beams,SS Beam,SW Beam",,649.8109741210938,18878.0
24631,M7,,"2 Beams,SS Beam,SW Beam",,646.7000122070312,24630.0
24639,M7,,Ohmic,,643.6699829101562,24194.0
24640,M7,,"2 Beams,SS Beam,SW Beam",,648.4014892578125,24631.0
24642,M7,,SW Beam,,642.0535278320312,24641.0
24643,M7,,"2 Beams,SS Beam,SW Beam",,651.634521484375,24642.0
24644,M7,,"2 Beams,SS Beam,SW Beam",,640.530517578125,24643.0
24645,M7,,"2 Beams,SS Beam,SW Beam",,648.4099731445312,24643.0
24646,M7,,"2 Beams,SS Beam,SW Beam",,646.032470703125,24645.0
24647,M7,,"2 Beams,SS Beam,SW Beam",,648.8350219726562,24646.0
24648,M7,,"2 Beams,SS Beam,SW Beam",,643.6434936523438,24647.0
24649,M7,,"2 Beams,SS Beam,SW Beam",,645.2835083007812,24648.0
24650,M7,,SW Beam,,643.801513671875,24649.0
24651,M7,,"2 Beams,SS Beam,SW Beam",,644.1377563476562,24650.0
24652,M7,,"2 Beams,SS Beam,SW Beam",,640.3555297851562,24651.0
24653,M7,,"2 Beams,SS Beam,SW Beam",,644.9315185546875,24652.0
24656,M7,,"2 Beams,SS Beam,SW Beam",,639.9912719726562,24653.0
24659,M7,,"2 Beams,SS Beam,SW Beam",,623.1057739257812,24658.0
24664,M7,,"2 Beams,SS Beam,SW Beam",,803.626220703125,24525.0
24665,M7,,"2 Beams,SS Beam,SW Beam",,807.1160278320312,24664.0
24666,M7,,"2 Beams,SS Beam,SW Beam",,804.4669799804688,24665.0
24667,M7,,"2 Beams,SS Beam,SW Beam",,912.9940185546875,24542.0
24668,M7,,"2 Beams,SS Beam,SW Beam",,914.552001953125,24667.0
24669,M7,,"2 Beams,SS Beam,SW Beam",,912.9580078125,24542.0
24670,M7,,"2 Beams,SS Beam,SW Beam",,914.8309936523438,24669.0
24671,M7,,"2 Beams,SS Beam,SW Beam",,914.5469970703125,24670.0
24675,M7,,Ohmic,,645.4605102539062,24194.0
24676,M7,,Ohmic,,646.8369750976562,23584.0
24677,M7,,Ohmic,,643.093505859375,23584.0
24678,M7,,Ohmic,,646.3165283203125,23584.0
24679,M7,,Ohmic,,643.6259765625,23584.0
24680,M7,,Ohmic,,646.8610229492188,23584.0
24681,M7,,Ohmic,,650.3189697265625,23584.0
24682,M7,,Ohmic,,638.6544799804688,23584.0
24688,M7,,Ohmic,,643.4244995117188,24194.0
24691,M7,,SW Beam,,647.2067260742188,23928.0
24692,M7,,SW Beam,,647.6673583984375,24691.0
24693,M7,,SW Beam,,650.1224975585938,24691.0
24694,M7,,SW Beam,,646.0509033203125,24691.0
24695,M7,,SW Beam,,647.4508666992188,24691.0
24696,M7,,SW Beam,,649.1477661132812,24695.0
24697,M7,,SW Beam,,648.5418701171875,24695.0
24698,M7,,SW Beam,,648.0989990234375,24697.0
24699,M7,,SW Beam,,647.3942260742188,24698.0
24700,M7,,SW Beam,,653.3418579101562,24699.0
24701,M7,,SW Beam,,652.6369018554688,24700.0
24702,M7,,SW Beam,,654.6489868164062,24701.0
24703,M7,,SW Beam,,655.4407348632812,24702.0
24704,M7,,SS Beam,,750.1605224609375,23537.0
24705,M7,,SS Beam,,754.8875122070312,24704.0
24706,M7,,"2 Beams,SS Beam,SW Beam",,756.9342651367188,24705.0
24707,M7,,"2 Beams,SS Beam,SW Beam",,759.6259765625,24706.0
24708,M7,,"2 Beams,SS Beam,SW Beam",,758.4390258789062,24707.0
24709,M7,,"2 Beams,SS Beam,SW Beam",,753.427734375,24707.0
24710,M7,,"2 Beams,SS Beam,SW Beam",,755.217529296875,24707.0
24711,M7,,"2 Beams,SS Beam,SW Beam",,753.9872436523438,24710.0
24712,M7,,SW Beam,,754.114501953125,24711.0
24713,M7,,"2 Beams,SS Beam,SW Beam",,756.9777221679688,24712.0
24714,M7,,"2 Beams,SS Beam,SW Beam",,761.7014770507812,24713.0
24715,M7,,SW Beam,,756.458984375,24713.0
24716,M7,,"2 Beams,SS Beam,SW Beam",,749.1929931640625,24715.0
24717,M7,,"2 Beams,SS Beam,SW Beam",,748.1397705078125,24716.0
24718,M7,,"2 Beams,SS Beam,SW Beam",,753.5260009765625,24717.0
24721,M7,,Ohmic,,645.7435302734375,24194.0
24722,M7,,SW Beam,,614.2361450195312,24662.0
24723,M7,,"2 Beams,SS Beam,SW Beam",,620.7752685546875,24662.0
24724,M7,,"2 Beams,SS Beam,SW Beam",,617.0152587890625,24723.0
24727,M7,,"2 Beams,SS Beam,SW Beam",,760.2965087890625,24726.0
24733,M7,,"2 Beams,SS Beam,SW Beam",,640.24951171875,24731.0
24734,M7,,"2 Beams,SS Beam,SW Beam",,641.0167236328125,24733.0
24739,M7,,"2 Beams,SS Beam,SW Beam",,647.4317626953125,24732.0
24746,M7,,Ohmic,,645.5280151367188,24194.0
24747,M7,,Ohmic,,674.7662353515625,23900.0
24748,M7,,Ohmic,,677.7067260742188,24747.0
24749,M7,,"2 Beams,SS Beam,SW Beam",,676.717529296875,24747.0
24750,M7,,"2 Beams,SS Beam,SW Beam",,675.8410034179688,24747.0
24751,M7,,"2 Beams,SS Beam,SW Beam",,760.1694946289062,24707.0
24752,M7,,SS Beam,,673.4794921875,24750.0
24753,M7,,"2 Beams,SS Beam,SW Beam",,677.4349975585938,24750.0
24754,M7,,"2 Beams,SS Beam,SW Beam",,676.6505126953125,24750.0
24755,M7,,"2 Beams,SS Beam,SW Beam",,671.4285278320312,24750.0
24756,M7,,"2 Beams,SS Beam,SW Beam",,676.1605224609375,24750.0
24757,M7,,"2 Beams,SS Beam,SW Beam",,693.6610107421875,18604.0
24758,M7,,"2 Beams,SS Beam,SW Beam",,699.9002685546875,18604.0
24759,M7,,"2 Beams,SS Beam,SW Beam",,675.2162475585938,24756.0
24760,M7,,"2 Beams,SS Beam,SW Beam",,676.0714721679688,24756.0
24761,M7,,"2 Beams,SS Beam,SW Beam",,677.0490112304688,24756.0
24762,M7,,"2 Beams,SS Beam,SW Beam",,667.2410278320312,24756.0
24763,M7,,"2 Beams,SS Beam,SW Beam",,858.343505859375,24555.0
24764,M7,,"2 Beams,SS Beam,SW Beam",,858.2069702148438,24555.0
24768,M7,,"2 Beams,SS Beam,SW Beam",,858.3275146484375,24555.0
24769,M7,,"2 Beams,SS Beam,SW Beam",,854.2540283203125,24555.0
24771,M7,,"2 Beams,SS Beam,SW Beam",,857.9334716796875,24555.0
24772,M7,,"2 Beams,SS Beam,SW Beam",,857.094970703125,24555.0
24775,M7,,"2 Beams,SS Beam,SW Beam",,858.4625244140625,24774.0
24781,M7,,Ohmic,,429.8169860839844,24141.0
24785,M7,,"2 Beams,SS Beam,SW Beam",,848.8779907226562,22313.0
24786,M7,,SW Beam,,837.6409912109375,22313.0
24787,M7,,"2 Beams,SS Beam,SW Beam",,853.89599609375,22313.0
24788,M7,,"2 Beams,SS Beam,SW Beam",,845.6074829101562,22313.0
24789,M7,,"2 Beams,SS Beam,SW Beam",,847.7249755859375,22313.0
24790,M7,,"2 Beams,SS Beam,SW Beam",,848.9664916992188,22313.0
24793,M7,,"2 Beams,SS Beam,SW Beam",,847.0050048828125,22313.0
24796,M7,,"2 Beams,SS Beam,SW Beam",,844.7484741210938,24790.0
24797,M7,,"2 Beams,SS Beam,SW Beam",,836.6179809570312,24790.0
24799,M7,,"2 Beams,SS Beam,SW Beam",,845.4954833984375,24790.0
24800,M7,,"2 Beams,SS Beam,SW Beam",,761.9505004882812,23440.0
24802,M7,,"2 Beams,SS Beam,SW Beam",,754.7490234375,23440.0
24803,M7,,"2 Beams,SS Beam,SW Beam",,762.35498046875,23440.0
24806,M7,,"2 Beams,SS Beam,SW Beam",,758.5054931640625,23440.0
24808,M7,,"2 Beams,SS Beam,SW Beam",,759.1234741210938,23440.0
24809,M7,,"2 Beams,SS Beam,SW Beam",,759.6820068359375,23440.0
24812,M7,,"2 Beams,SS Beam,SW Beam",,834.7039794921875,24799.0
24815,M7,,Ohmic,,640.2730102539062,24194.0
24816,M7,,Ohmic,,646.2705078125,21523.0
24820,M7,,Ohmic,,650.4747314453125,24816.0
24821,M7,,Ohmic,,639.697021484375,24816.0
24822,M7,,Ohmic,,646.4144897460938,24816.0
24823,M7,,Ohmic,,648.7577514648438,24822.0
24826,M7,,Ohmic,,645.6094970703125,24825.0
24827,M7,,Ohmic,,652.20849609375,24826.0
24828,M7,,Ohmic,,635.5162353515625,24827.0
24829,M7,,Ohmic,,637.666748046875,17176.0
24830,M7,,Ohmic,,635.8709716796875,24829.0
24831,M7,,Ohmic,,632.5659790039062,24830.0
24833,M7,,Ohmic,,630.0347290039062,24832.0
24836,M7,,Ohmic,,641.4345092773438,24194.0
24839,M7,,Ohmic,,645.3095092773438,24194.0
24840,M7,,SW Beam,,432.6344909667969,20800.0
24841,M7,,SW Beam,,766.853515625,24423.0
24843,M7,,SW Beam,,432.1684875488281,24840.0
24845,M7,,SW Beam,,430.10101318359375,24844.0
24846,M7,,SW Beam,,432.0794982910156,24845.0
24847,M7,,SW Beam,,432.70001220703125,24846.0
24848,M7,,SW Beam,,430.9834899902344,24847.0
24849,M7,,SW Beam,,429.2019958496094,24848.0
24850,M7,,SW Beam,,428.8316345214844,24849.0
24851,M7,,SS Beam,,431.1505126953125,24850.0
24853,M7,,"2 Beams,SS Beam,SW Beam",,758.364013671875,24801.0
24858,M7,,SW Beam,,648.822998046875,24857.0
24859,M7,,SW Beam,,654.8123779296875,24858.0
24860,M7,,SW Beam,,650.3038940429688,24700.0
24861,M7,,SW Beam,,653.0242309570312,24860.0
24862,M7,,SW Beam,,650.1942749023438,24861.0
24863,M7,,SS Beam,,842.6594848632812,24812.0
24864,M7,,"2 Beams,SS Beam,SW Beam",,840.7830200195312,24812.0
24865,M7,,"2 Beams,SS Beam,SW Beam",,843.9010009765625,24864.0
24866,M7,,SW Beam,,650.64599609375,24861.0
24867,M7,,SW Beam,,651.91259765625,24866.0
24868,M7,,SW Beam,,648.7739868164062,24867.0
24869,M7,,SW Beam,,649.1754760742188,24862.0
24872,M7,,SW Beam,,28.609621047973633,23655.0
24902,M7,,Ohmic,,-28.85171127319336,24872.0
24873,M7,,Ohmic,,-31.478071212768555,23655.0
24874,M7,,Ohmic,,25.56332015991211,23658.0
24876,M7,,Ohmic,,425.041259765625,23667.0
24877,M7,,Ohmic,,629.9940185546875,24740.0
24878,M7,,SS Beam,,646.4080200195312,24877.0
24879,M7,,SS Beam,,643.193603515625,24878.0
24882,M7,,SS Beam,,645.2020263671875,24881.0
24884,M7,,SS Beam,,623.9945068359375,24883.0
24885,M7,,SS Beam,,646.2899780273438,24884.0
24888,M7,,"2 Beams,SS Beam,SW Beam",,648.6195068359375,24887.0
24889,M7,,Ohmic,,655.4340209960938,24888.0
24892,M7,,"2 Beams,SS Beam,SW Beam",,602.7577514648438,24891.0
24893,M7,,"2 Beams,SS Beam,SW Beam",,648.4817504882812,24878.0
24897,M7,,"2 Beams,SS Beam,SW Beam",,649.2791137695312,24896.0
24900,M7,,"2 Beams,SS Beam,SW Beam",,648.6168823242188,24899.0
24904,M7,,SW Beam,,641.8277587890625,24900.0
24905,M7,,SS Beam,,640.0947265625,24900.0
24906,M7,,SS Beam,,644.8872680664062,24900.0
24907,M7,,"2 Beams,SS Beam,SW Beam",,644.572265625,24900.0
24908,M7,,"2 Beams,SS Beam,SW Beam",,651.9635009765625,24900.0
24909,M7,,"2 Beams,SS Beam,SW Beam",,645.3037719726562,24900.0
24910,M7,,"2 Beams,SS Beam,SW Beam",,651.135009765625,24900.0
24911,M7,,"2 Beams,SS Beam,SW Beam",,641.2573852539062,24900.0
24912,M7,,"2 Beams,SS Beam,SW Beam",,650.4505004882812,24900.0
24913,M7,,"2 Beams,SS Beam,SW Beam",,648.5127563476562,24900.0
24920,M7,,"2 Beams,SS Beam,SW Beam",,650.5446166992188,24919.0
24922,M7,,"2 Beams,SS Beam,SW Beam",,648.9569702148438,24921.0
24923,M7,,"2 Beams,SS Beam,SW Beam",,651.4353637695312,24922.0
24925,M7,,"2 Beams,SS Beam,SW Beam",,648.6900024414062,24924.0
24927,M7,,"2 Beams,SS Beam,SW Beam",,647.29736328125,24926.0
24929,M7,,"2 Beams,SS Beam,SW Beam",,648.4297485351562,24928.0
24930,M7,,"2 Beams,SS Beam,SW Beam",,649.6517333984375,24929.0
24933,M7,,"2 Beams,SS Beam,SW Beam",,654.9601440429688,24932.0
24934,M7,,"2 Beams,SS Beam,SW Beam",,647.7531127929688,24933.0
24987,M7,,Ohmic,,636.1290283203125,24194.0
24988,M7,,Ohmic,,638.0704956054688,24194.0
24991,M7,,SS Beam,,645.4450073242188,24194.0
24999,M7,,Ohmic,,753.9360961914062,17772.0
25000,M7,,SW Beam,,752.6715087890625,24999.0
25001,M7,,SW Beam,,751.2639770507812,25000.0
25002,M7,,SW Beam,,760.1640014648438,25001.0
25003,M7,,SW Beam,,756.676025390625,25002.0
25004,M7,,SW Beam,,754.781005859375,25003.0
25006,M7,,SS Beam,,432.31976318359375,25005.0
25007,M7,,"2 Beams,SS Beam,SW Beam",,432.7202453613281,25006.0
25008,M7,,"2 Beams,SS Beam,SW Beam",,431.3993835449219,25007.0
25009,M7,,"2 Beams,SS Beam,SW Beam",,431.3746337890625,25008.0
25010,M7,,"2 Beams,SS Beam,SW Beam",,433.3282470703125,25009.0
25011,M7,,"2 Beams,SS Beam,SW Beam",,432.3500061035156,25010.0
25012,M7,,"2 Beams,SS Beam,SW Beam",,651.2601318359375,18715.0
25013,M7,,"2 Beams,SS Beam,SW Beam",,651.5795288085938,25012.0
25014,M7,,SS Beam,,650.7946166992188,25013.0
25015,M7,,"2 Beams,SS Beam,SW Beam",,648.5021362304688,25014.0
25016,M7,,"2 Beams,SS Beam,SW Beam",,758.478759765625,13369.0
25017,M7,,"2 Beams,SS Beam,SW Beam",,758.6619873046875,25016.0
25018,M7,,"2 Beams,SS Beam,SW Beam",,859.9844970703125,24600.0
25403,M7,,Ohmic,,12.6015625,
25406,M8,Ohmic,Ohmic,,19.52503204345703,25405.0
25407,M8,Ohmic,Ohmic,,36.32112503051758,25405.0
25410,M8,Ohmic,Ohmic,,36.37187576293945,25407.0
25614,M8,Ohmic,Ohmic,,10.08975,24529.0
25618,M8,Ohmic,Ohmic,S8,504.0838623046875,25617.0
25622,M8,Ohmic,Ohmic,S1,479.8766174316406,25621.0
25654,M8,Ohmic,Ohmic,S1,434.3247375488281,25653.0
25669,M8,Ohmic,Ohmic,,21.472312927246094,25668.0
25656,M8,Ohmic,Ohmic,S1,432.80523681640625,25654.0
25657,M8,Ohmic,Ohmic,S1,433.4580078125,25656.0
25658,M8,Ohmic,Ohmic,S1,437.1315002441406,25657.0
25664,M8,Ohmic,Ohmic,S1,444.0048828125,25663.0
25668,M8,Ohmic,Ohmic,,21.47043800354004,25471.0
25672,M8,Ohmic,Ohmic,S1,440.86663818359375,25664.0
25673,M8,Ohmic,Ohmic,S1,436.796875,25672.0
25674,M8,Ohmic,Ohmic,S1,437.9110107421875,25673.0
25676,M8,Ohmic,Ohmic,S1,432.2124938964844,25675.0
25682,M8,Ohmic,Ohmic,S1,433.8586120605469,25681.0
25683,M8,Ohmic,Ohmic,S1,437.2724914550781,25682.0
25685,M8,Ohmic,Ohmic,S1,436.4639892578125,25683.0
25686,M8,Ohmic,Ohmic,S1,430.20526123046875,25685.0
25687,M8,Ohmic,Ohmic,S1,445.55224609375,25685.0
25688,M8,Ohmic,Ohmic,S1,427.83636474609375,25687.0
25692,M8,Ohmic,Ohmic,S1,440.44000244140625,25683.0
25693,M8,Ohmic,Ohmic,,432.7445068359375,25692.0
25696,M8,Ohmic,Ohmic,S1,428.0226135253906,25695.0
25701,M8,Ohmic,Ohmic,S1,438.9075012207031,25696.0
25703,M8,Ohmic,Ohmic,S8,435.1684875488281,25702.0
25721,M8,Ohmic,Ohmic,,10.046844,24529.0
25723,M8,Ohmic,Ohmic,,20.457061767578125,25669.0
25724,M8,Ohmic,Ohmic,,21.085250854492188,25723.0
25725,M8,Ohmic,Ohmic,,27.49178123474121,25586.0
25726,M8,Ohmic,Ohmic,,17.931625366210938,25594.0
25730,M8,Ohmic,Ohmic,,10.235375,24529.0
25732,M8,Ohmic,Ohmic,S6,646.5226440429688,25720.0
25736,M8,Ohmic,Ohmic,,21.781375885009766,25724.0
25737,M8,Ohmic,Ohmic,,791.125,21260.0
25739,M8,Ohmic,Ohmic,,778.427001953125,25737.0
25740,M8,Ohmic,Ohmic,,771.7374877929688,25739.0
25743,M8,Ohmic,Ohmic,,774.7340087890625,25742.0
25744,M8,Ohmic,Ohmic,,772.4409790039062,25743.0
25745,M8,Ohmic,Ohmic,,780.60498046875,25744.0
25746,M8,Ohmic,Ohmic,,771.7329711914062,25745.0
25747,M8,Ohmic,Ohmic,,778.8095092773438,25746.0
25748,M8,Ohmic,Ohmic,,786.5780029296875,25747.0
25750,M8,Ohmic,Ohmic,,785.9124755859375,25749.0
25751,M8,Ohmic,Ohmic,,798.34423828125,25750.0
25752,M8,Ohmic,Ohmic,,792.9530029296875,25751.0
25753,M8,Ohmic,Ohmic,,794.8494873046875,25752.0
25757,M8,Ohmic,Ohmic,S5,795.1767578125,25751.0
25758,M8,Ohmic,Ohmic,S5,792.1224975585938,25757.0
25760,M8,Ohmic,Ohmic,S5,792.4429931640625,25759.0
25761,M8,Ohmic,Ohmic,S5,787.0482788085938,25760.0
25762,M8,Ohmic,Ohmic,S5,784.864990234375,25761.0
25765,M8,Ohmic,Ohmic,S4,785.0479736328125,25764.0
25766,M8,Ohmic,Ohmic,S3,789.1865234375,25765.0
25768,M8,Ohmic,Ohmic,S4,783.073486328125,25767.0
25774,M8,Ohmic,Ohmic,S5,783.0507202148438,25773.0
25780,M8,Ohmic,Ohmic,S5,788.4525146484375,25757.0
25781,M8,Ohmic,Ohmic,S6,643.2347412109375,25780.0
25782,M8,Ohmic,Ohmic,S6,645.8717651367188,25781.0
25783,M8,Ohmic,Ohmic,S6,656.6602783203125,25782.0
25784,M8,Ohmic,Ohmic,S6,647.5042724609375,25783.0
25785,M8,Ohmic,Ohmic,S6,645.16552734375,25784.0
25787,M8,Ohmic,Ohmic,S3,647.2212524414062,21996.0
25788,M8,Ohmic,Ohmic,S3,659.7575073242188,25787.0
25789,M8,Ohmic,Ohmic,S3,864.3925170898438,22042.0
25790,M8,Ohmic,Ohmic,S3,647.9304809570312,25788.0
25791,M8,Ohmic,Ohmic,S3,647.0747680664062,25788.0
25792,M8,Ohmic,Ohmic,S3,644.177490234375,25791.0
25793,M8,Ohmic,Ohmic,S3,647.60498046875,25792.0
25796,M8,Ohmic,Ohmic,S5,793.9724731445312,25780.0
25797,M8,Ohmic,Ohmic,S5,786.94873046875,25780.0
25798,M8,Ohmic,Ohmic,S5,784.5352783203125,25797.0
25799,M8,Ohmic,Ohmic,S4,788.344482421875,25798.0
25800,M8,Ohmic,Ohmic,S5,802.7137451171875,25799.0
25801,M8,Ohmic,Ohmic,S5,789.0467529296875,25800.0
25802,M8,Ohmic,Ohmic,S5,801.5560302734375,25801.0
25806,M8,Ohmic,Ohmic,,788.1792602539062,25804.0
25808,M8,Ohmic,Ohmic,,17.816686630249023,24529.0
25809,M8,Ohmic,Ohmic,S5,788.750244140625,25806.0
25810,M8,Ohmic,Ohmic,S5,788.9425048828125,25809.0
25812,M8,Ohmic,Ohmic,S5,779.9954833984375,25801.0
25813,M8,Ohmic,Ohmic,S5,787.6122436523438,25801.0
25852,M8,Ohmic,Ohmic,S1,430.1310119628906,25692.0
25859,M8,Ohmic,Ohmic,S1,440.88812255859375,25858.0
25861,M8,Ohmic,Ohmic,S1,437.5003662109375,25860.0
25862,M8,Ohmic,Ohmic,S1,436.7932434082031,25861.0
25866,M8,Ohmic,Ohmic,S3,655.019775390625,25865.0
25889,M8,Ohmic,Ohmic,S5,796.4087524414062,25888.0
25892,M8,Ohmic,Ohmic,S5,787.5444946289062,25891.0
25893,M8,Ohmic,Ohmic,S5,776.8505249023438,25892.0
25894,M8,Ohmic,Ohmic,,10.297562599182129,24529.0
25896,M8,Ohmic,Ohmic,S5,791.59326171875,25893.0
25907,M8,Ohmic,Ohmic,S5,790.59423828125,25893.0
25908,M8,Ohmic,Ohmic,S5,784.0659790039062,25907.0
25911,M8,Ohmic,Ohmic,S5,783.1232299804688,25893.0
25939,M8,Ohmic,Ohmic,S2,778.894775390625,25893.0
25940,M8,Ohmic,Ohmic,S5,790.1840209960938,25893.0
25946,M8,Ohmic,Ohmic,S5,788.9952392578125,25893.0
25947,M8,Ohmic,Ohmic,S5,789.0652465820312,25893.0
25953,M8,Ohmic,Ohmic,S4,757.29150390625,25902.0
25959,M8,Ohmic,Ohmic,S1,431.4047546386719,25859.0
25962,M8,Ohmic,Ohmic,S5,796.0762329101562,25893.0
25966,M8,Ohmic,Ohmic,S3,754.6810302734375,25965.0
25978,M8,Ohmic,Ohmic,,10.493874549865723,25960.0
25987,M8,Ohmic,Ohmic,S3,655.1701049804688,25791.0
25991,M8,Ohmic,Ohmic,S3,652.3920288085938,25788.0
25992,M8,Ohmic,Ohmic,S3,643.6535034179688,25991.0
25993,M8,Ohmic,Ohmic,S3,649.8146362304688,25992.0
25995,M8,Ohmic,Ohmic,S3,655.197998046875,25992.0
26811,M8,Ohmic,Ohmic,,10.039812,
25996,M8,Ohmic,Ohmic,S3,646.6295166015625,25992.0
25997,M8,Ohmic,Ohmic,S3,649.0905151367188,25986.0
25998,M8,Ohmic,Ohmic,S3,660.2977294921875,25990.0
25999,M8,Ohmic,Ohmic,S3,651.4453735351562,25998.0
26000,M8,Ohmic,Ohmic,S3,665.4617309570312,25999.0
26016,M8,Ohmic,Ohmic,S5,783.6582641601562,26004.0
26017,M8,Ohmic,Ohmic,S5,776.2675170898438,26016.0
26020,M8,Ohmic,Ohmic,S5,783.3587646484375,25893.0
26024,M8,Ohmic,Ohmic,S4,756.2944946289062,25954.0
26030,M8,Ohmic,Ohmic,S4,755.3579711914062,25954.0
26035,M8,Ohmic,Ohmic,S5,786.0385131835938,25893.0
26037,M8,Ohmic,Ohmic,S1,440.8172607421875,25967.0
26041,M8,Ohmic,Ohmic,S3,756.6950073242188,26024.0
26043,M8,Ohmic,Ohmic,S6,750.1240234375,26024.0
26044,M8,Ohmic,Ohmic,S3,771.1259765625,26030.0
26047,M8,Ohmic,Ohmic,S1,441.1316223144531,25859.0
26048,M8,Ohmic,Ohmic,S1,442.71661376953125,26047.0
26049,M8,Ohmic,Ohmic,S1,434.25250244140625,26047.0
26051,M8,Ohmic,Ohmic,S1,438.9578857421875,26049.0
26052,M8,Ohmic,Ohmic,S4,767.1420288085938,26030.0
26055,M8,Ohmic,Ohmic,S4,795.1444702148438,24529.0
26065,M8,Ohmic,Ohmic,S6,781.8212280273438,26064.0
26067,M8,SS Beam,SS Beam,S4,928.35302734375,26066.0
26068,M8,"2 Beams,SS Beam,SW Beam","2 Beams,SS Beam,SW Beam",S5,877.3939819335938,26067.0
26069,M8,"2 Beams,SS Beam,SW Beam","2 Beams,SS Beam,SW Beam",S4,901.4459838867188,26068.0
26070,M8,"2 Beams,SS Beam,SW Beam","2 Beams,SS Beam,SW Beam",S4,922.385009765625,26069.0
26081,M8,Ohmic,Ohmic,S5,794.115478515625,25893.0
26082,M8,Ohmic,Ohmic,S2,787.4037475585938,25893.0
26083,M8,Ohmic,Ohmic,S3,649.051513671875,25793.0
26084,M8,Ohmic,Ohmic,S3,656.5755004882812,25793.0
26086,M8,"2 Beams,SS Beam,SW Beam","2 Beams,SS Beam,SW Beam",S3,763.343505859375,26085.0
26100,M8,Ohmic,Ohmic,S2,784.1859741210938,25893.0
26133,M8,Ohmic,Ohmic,S3,657.0579833984375,26083.0
26105,M8,Ohmic,Ohmic,S6,34.66878128051758,26104.0
26134,M8,Ohmic,Ohmic,S3,661.4774780273438,26083.0
26108,M8,Ohmic,Ohmic,S1,435.7095031738281,26107.0
26111,M8,Ohmic,Ohmic,S6,758.3419799804688,26110.0
26112,M8,Ohmic,Ohmic,S6,755.032470703125,26111.0
26116,M8,Ohmic,Ohmic,S6,753.2424926757812,26115.0
26120,M8,Ohmic,Ohmic,S5,785.1585083007812,25893.0
26126,M8,Ohmic,Ohmic,S5,809.0194702148438,26125.0
26127,M8,Ohmic,Ohmic,S5,804.9730224609375,26126.0
26129,M8,Ohmic,Ohmic,S3,647.8255004882812,26083.0
26130,M8,Ohmic,Ohmic,S3,659.6220092773438,26083.0
26131,M8,Ohmic,Ohmic,S3,655.4434814453125,26083.0
26132,M8,Ohmic,Ohmic,S3,648.4749755859375,26083.0
26136,M8,Ohmic,Ohmic,S3,656.10302734375,26083.0
26137,M8,Ohmic,Ohmic,S3,661.8867797851562,26083.0
26138,M8,Ohmic,Ohmic,S3,651.0599975585938,26083.0
26141,M8,Ohmic,Ohmic,S5,788.7890014648438,25893.0
26142,M8,Ohmic,Ohmic,S6,654.29248046875,
26143,M8,Ohmic,Ohmic,S6,653.2398681640625,26142.0
26144,M8,Ohmic,Ohmic,S6,648.3900146484375,26143.0
26146,M8,Ohmic,Ohmic,S1,435.0870056152344,19697.0
26147,M8,Ohmic,Ohmic,S1,434.5195007324219,19697.0
26148,M8,Ohmic,Ohmic,S1,432.09326171875,19697.0
26149,M8,Ohmic,Ohmic,S1,432.989990234375,19697.0
26150,M8,Ohmic,Ohmic,S1,427.12738037109375,26147.0
26151,M8,Ohmic,Ohmic,S1,435.0992431640625,26147.0
26153,M8,Ohmic,Ohmic,S3,649.1909790039062,26138.0
26154,M8,Ohmic,Ohmic,S3,664.4530029296875,26153.0
26155,M8,Ohmic,Ohmic,S3,657.0382690429688,26153.0
26156,M8,Ohmic,Ohmic,S1,442.4574890136719,26047.0
26157,M8,Ohmic,Ohmic,S1,444.5897521972656,26047.0
26158,M8,Ohmic,Ohmic,S1,438.6824951171875,26047.0
26162,M8,Ohmic,Ohmic,S5,797.1724853515625,25757.0
26163,M8,Ohmic,Ohmic,S3,657.375,25998.0
26166,M8,Ohmic,Ohmic,S3,662.3670043945312,26165.0
26167,M8,Ohmic,Ohmic,S3,654.7739868164062,26166.0
26168,M8,Ohmic,Ohmic,S3,644.6409912109375,26167.0
26169,M8,Ohmic,Ohmic,S3,663.3857421875,26168.0
26171,M8,Ohmic,Ohmic,S3,656.5096435546875,26170.0
26172,M8,Ohmic,Ohmic,S3,675.0230102539062,26170.0
26173,M8,Ohmic,Ohmic,S3,658.10498046875,26169.0
26174,M8,Ohmic,Ohmic,S3,650.3410034179688,26173.0
26176,M8,Ohmic,Ohmic,S3,666.0391235351562,26174.0
26177,M8,Ohmic,Ohmic,S8,495.8970031738281,26174.0
26180,M8,Ohmic,Ohmic,S8,485.88751220703125,26179.0
26183,M8,Ohmic,Ohmic,S2,785.4217529296875,25893.0
26184,M8,Ohmic,Ohmic,S3,655.9617309570312,26163.0
26185,M8,Ohmic,Ohmic,S6,659.4094848632812,24676.0
26187,M8,Ohmic,Ohmic,S6,660.9984741210938,26185.0
26190,M8,Ohmic,Ohmic,S6,659.8104858398438,26185.0
26191,M8,Ohmic,Ohmic,S6,665.488525390625,26185.0
26193,M8,Ohmic,Ohmic,S3,657.0625,26163.0
26194,M8,Ohmic,Ohmic,S3,662.4147338867188,26163.0
26195,M8,Ohmic,Ohmic,S5,789.14599609375,26162.0
26197,M8,Ohmic,Ohmic,S3,655.9295043945312,26193.0
26198,M8,Ohmic,Ohmic,S3,660.6278686523438,26193.0
26199,M8,Ohmic,Ohmic,S3,639.6535034179688,21648.0
26200,M8,Ohmic,Ohmic,S6,650.2315063476562,26190.0
26202,M8,Ohmic,Ohmic,S3,671.3035278320312,26198.0
26203,M8,Ohmic,Ohmic,,10.454155921936035,24529.0
26205,M8,Ohmic,Ohmic,S5,780.4949951171875,25893.0
26212,M8,Ohmic,Ohmic,S2,787.2467651367188,25893.0
26226,M8,Ohmic,Ohmic,S6,754.6834716796875,21449.0
26230,M8,Ohmic,Ohmic,S6,796.5025024414062,26229.0
26250,M8,Ohmic,Ohmic,S3,655.4714965820312,26246.0
26253,M8,Ohmic,Ohmic,,-36.18775177001953,24529.0
26258,M8,Ohmic,Ohmic,S5,787.6062622070312,25893.0
26263,M8,Ohmic,Ohmic,S4,757.4530029296875,26262.0
26267,M8,Ohmic,Ohmic,S1,433.6524963378906,26159.0
26268,M8,Ohmic,Ohmic,S1,435.6650085449219,26267.0
26269,M8,Ohmic,Ohmic,S1,438.1654968261719,26268.0
26270,M8,Ohmic,Ohmic,S1,437.3247375488281,26269.0
26271,M8,Ohmic,Ohmic,S1,434.32049560546875,26270.0
26272,M8,Ohmic,Ohmic,S1,433.04998779296875,26271.0
26275,M8,Ohmic,Ohmic,S5,790.7319946289062,25893.0
26276,M8,Ohmic,Ohmic,S5,785.25,26275.0
26277,M8,Ohmic,Ohmic,S5,782.301025390625,26276.0
26280,M8,Ohmic,Ohmic,S5,787.698974609375,26279.0
26281,M8,Ohmic,Ohmic,S6,706.1942749023438,26280.0
26282,M8,Ohmic,Ohmic,S6,791.7789916992188,26281.0
26285,M8,Ohmic,Ohmic,S6,782.8704833984375,26284.0
26292,M8,Ohmic,Ohmic,S5,794.3170166015625,26291.0
26293,M8,Ohmic,Ohmic,S1,434.9639892578125,25959.0
26294,M8,Ohmic,Ohmic,S1,439.5474853515625,26293.0
26295,M8,Ohmic,Ohmic,S1,442.68499755859375,26294.0
26296,M8,Ohmic,Ohmic,S1,436.9800109863281,26295.0
26310,M8,SS Beam,SS Beam,S5,779.7705078125,26308.0
26313,M8,SS Beam,SS Beam,S5,781.7242431640625,26312.0
26314,M8,SS Beam,SS Beam,S5,777.9144897460938,26313.0
26317,M8,SS Beam,SS Beam,S5,791.1380004882812,26316.0
26320,M8,Ohmic,Ohmic,S1,435.81451416015625,26319.0
26321,M8,Ohmic,Ohmic,S1,437.9648742675781,26320.0
26322,M8,Ohmic,Ohmic,S1,432.5119934082031,26321.0
26323,M8,Ohmic,Ohmic,S1,436.6619873046875,26320.0
26324,M8,Ohmic,Ohmic,S1,445.1159973144531,26323.0
26325,M8,Ohmic,Ohmic,S1,436.3034973144531,26324.0
26328,M8,Ohmic,Ohmic,S5,788.280517578125,25893.0
26330,M8,Ohmic,Ohmic,S5,827.0545043945312,26260.0
26332,M8,Ohmic,Ohmic,S5,819.1375122070312,26330.0
26334,M8,Ohmic,Ohmic,S1,438.0534973144531,26325.0
26338,M8,SS Beam,SS Beam,S5,807.1619873046875,26337.0
26339,M8,SS Beam,SS Beam,S5,813.6690063476562,26338.0
26346,M8,Ohmic,Ohmic,S5,815.0999755859375,26344.0
26351,M8,SS Beam,SS Beam,S4,758.9395141601562,26024.0
26354,M8,SS Beam,SS Beam,S5,826.1295166015625,26346.0
26359,M8,Ohmic,Ohmic,S5,815.0070190429688,25893.0
26360,M8,Ohmic,Ohmic,,10.0963125,24529.0
26364,M8,SS Beam,SS Beam,S5,927.0260009765625,24560.0
26365,M8,SS Beam,SS Beam,S5,918.7639770507812,26364.0
26366,M8,SS Beam,SS Beam,S3,649.0239868164062,23410.0
26369,M8,SS Beam,SS Beam,S3,650.030517578125,26368.0
26372,M8,SS Beam,SS Beam,S5,930.344482421875,26365.0
26373,M8,SS Beam,SS Beam,S5,918.1414794921875,26372.0
26374,M8,SS Beam,SS Beam,S5,912.5889892578125,26373.0
26375,M8,SS Beam,SS Beam,S5,918.093017578125,26374.0
26377,M8,SS Beam,SS Beam,S3,650.6525268554688,26376.0
26378,M8,SS Beam,SS Beam,S3,651.5852661132812,26377.0
26382,M8,SS Beam,SS Beam,S5,915.9459838867188,26381.0
26386,M8,SS Beam,SS Beam,S4,763.697998046875,26385.0
26387,M8,SS Beam,SS Beam,S4,760.239501953125,26386.0
26389,M8,SS Beam,SS Beam,S5,923.2509765625,26375.0
26391,M8,SS Beam,SS Beam,S5,917.282470703125,26390.0
26392,M8,SS Beam,SS Beam,S5,924.510986328125,26391.0
26394,M8,SS Beam,SS Beam,S4,761.7559814453125,26393.0
26395,M8,Ohmic,Ohmic,,10.043062,24529.0
26397,M8,Ohmic,Ohmic,S5,783.1585083007812,25893.0
26398,M8,Ohmic,Ohmic,S4,758.655517578125,26024.0
26400,M8,Ohmic,Ohmic,S4,754.6174926757812,26399.0
26404,M8,SS Beam,SS Beam,S3,766.2894897460938,26402.0
26405,M8,SS Beam,SS Beam,S5,919.2979736328125,26382.0
26406,M8,SS Beam,SS Beam,S4,767.4722290039062,24061.0
26408,M8,SS Beam,SS Beam,S3,652.1920166015625,26202.0
26409,M8,SS Beam,SS Beam,S3,651.8599853515625,25997.0
26410,M8,Ohmic,Ohmic,S3,654.5189819335938,25998.0
26413,M8,Ohmic,Ohmic,S6,649.2310180664062,26190.0
26414,M8,Ohmic,Ohmic,S5,777.9502563476562,26397.0
26416,M8,Ohmic,Ohmic,S5,785.7827758789062,26397.0
26417,M8,Ohmic,Ohmic,S5,782.9637451171875,26397.0
26428,M8,Ohmic,Ohmic,,-11.485250473022461,
26434,M8,Ohmic,Ohmic,S5,785.968017578125,26258.0
26445,M8,Ohmic,Ohmic,S5,787.1224975585938,
26460,M8,SS Beam,SS Beam,S5,918.8170166015625,26067.0
26464,M8,Ohmic,Ohmic,S1,430.1976318359375,26272.0
26466,M8,Ohmic,Ohmic,S1,429.59088134765625,26272.0
26467,M8,Ohmic,Ohmic,S1,446.635986328125,26272.0
26470,M8,Ohmic,Ohmic,S1,437.35650634765625,26320.0
26472,M8,Ohmic,Ohmic,S1,438.1992492675781,26471.0
26474,M8,Ohmic,Ohmic,S1,448.906494140625,26473.0
26476,M8,Ohmic,Ohmic,S1,432.5784912109375,26475.0
26477,M8,Ohmic,Ohmic,S1,430.8552551269531,26475.0
26478,M8,Ohmic,Ohmic,S1,430.00201416015625,26470.0
26481,M8,Ohmic,Ohmic,S1,452.21649169921875,26470.0
26482,M8,Ohmic,Ohmic,S1,437.87249755859375,26477.0
26484,M8,Ohmic,Ohmic,S1,436.9205017089844,26483.0
26487,M8,"2 Beams,SS Beam,SW Beam","2 Beams,SS Beam,SW Beam",S3,656.1015014648438,26371.0
26489,M8,"2 Beams,SS Beam,SW Beam","2 Beams,SS Beam,SW Beam",S3,649.4244995117188,26488.0
26490,M8,"2 Beams,SS Beam,SW Beam","2 Beams,SS Beam,SW Beam",S3,656.874755859375,26489.0
26491,M8,"2 Beams,SS Beam,SW Beam","2 Beams,SS Beam,SW Beam",S3,654.78125,26489.0
26492,M8,"2 Beams,SS Beam,SW Beam","2 Beams,SS Beam,SW Beam",S3,650.3412475585938,26491.0
26493,M8,"2 Beams,SS Beam,SW Beam","2 Beams,SS Beam,SW Beam",S3,651.438720703125,21294.0
26497,M8,"2 Beams,SS Beam,SW Beam","2 Beams,SS Beam,SW Beam",S4,771.6165161132812,26386.0
26500,M8,"2 Beams,SS Beam,SW Beam","2 Beams,SS Beam,SW Beam",S4,769.7269897460938,26498.0
26502,M8,"2 Beams,SS Beam,SW Beam","2 Beams,SS Beam,SW Beam",S4,873.2584838867188,26500.0
26505,M8,"2 Beams,SS Beam,SW Beam","2 Beams,SS Beam,SW Beam",S5,918.3070068359375,26504.0
26506,M8,Ohmic,Ohmic,,10.007937,24529.0
26511,M8,Ohmic,Ohmic,S1,453.0660095214844,26509.0
26512,M8,Ohmic,Ohmic,S1,463.5325012207031,26509.0
26513,M8,Ohmic,Ohmic,S1,444.6860046386719,26512.0
26515,M8,SS Beam,SS Beam,S6,633.5364990234375,26514.0
26516,M8,SS Beam,SS Beam,S6,631.0590209960938,26515.0
26517,M8,SS Beam,SS Beam,S6,617.635986328125,26516.0
26521,M8,SS Beam,SS Beam,S6,624.072021484375,26518.0
26526,M8,SS Beam,SS Beam,S5,812.437255859375,26339.0
26527,M8,SS Beam,SS Beam,S5,805.9420166015625,26339.0
26529,M8,SS Beam,SS Beam,S4,811.9044799804688,26528.0
26531,M8,SS Beam,SS Beam,S5,796.761474609375,26530.0
26532,M8,SS Beam,SS Beam,S5,809.0830078125,26531.0
26535,M8,Ohmic,Ohmic,S4,796.9375,26213.0
26536,M8,Ohmic,Ohmic,S4,797.7860107421875,26535.0
26694,M8,Ohmic,Ohmic,,18.19293785095215,25560.0
26537,M8,Ohmic,Ohmic,S3,798.2069702148438,26536.0
26540,M8,Ohmic,Ohmic,S4,794.5159912109375,26537.0
26544,M8,SS Beam,SS Beam,S3,654.051513671875,20910.0
26552,M8,SS Beam,SS Beam,S3,644.3419799804688,26551.0
26559,M8,Ohmic,Ohmic,,10.004812,24529.0
26564,M8,Ohmic,Ohmic,S1,433.13525390625,26563.0
26565,M8,Ohmic,Ohmic,S1,441.0982360839844,26564.0
26566,M8,Ohmic,Ohmic,S1,448.37451171875,26565.0
26567,M8,Ohmic,Ohmic,S1,446.96124267578125,26566.0
26571,M8,Ohmic,Ohmic,S1,438.13250732421875,26570.0
26572,M8,Ohmic,Ohmic,S1,434.5249938964844,26571.0
26575,M8,SS Beam,SS Beam,S3,654.2515258789062,26556.0
26580,M8,SS Beam,SS Beam,S3,658.9669799804688,26556.0
26581,M8,SS Beam,SS Beam,S5,803.2579956054688,26531.0
26584,M8,SS Beam,SS Beam,S1,808.1849975585938,26583.0
26586,M8,SS Beam,SS Beam,S6,617.8480224609375,26517.0
26587,M8,SS Beam,SS Beam,S6,608.573974609375,26517.0
26683,M8,Ohmic,Ohmic,,-19.864713668823242,
26685,M8,Ohmic,Ohmic,,-12.685115814208984,26684.0
26686,M8,Ohmic,Ohmic,,-14.603996276855469,26684.0
26615,M8,Ohmic,Ohmic,S4,762.3154907226562,26600.0
26619,M8,Ohmic,Ohmic,S1,441.1969909667969,26618.0
26695,M8,Ohmic,Ohmic,,19.968563079833984,26694.0
26696,M8,Ohmic,Ohmic,,21.593250274658203,26694.0
26672,M8,Ohmic,Ohmic,,20.1612491607666,
26673,M8,Ohmic,Ohmic,,20.171125411987305,
26709,M8,Ohmic,Ohmic,,10.103562,24529.0
26710,M8,Ohmic,Ohmic,,14.23337459564209,26709.0
26711,M8,Ohmic,Ohmic,,14.002625465393066,26710.0
26712,M8,Ohmic,Ohmic,,14.208312034606934,26711.0
26713,M8,Ohmic,Ohmic,,16.285186767578125,25428.0
26714,M8,Ohmic,Ohmic,,20.1950626373291,25437.0
26715,M8,Ohmic,Ohmic,,19.97881317138672,26714.0
26716,M8,Ohmic,Ohmic,,21.489999771118164,26715.0
26718,M8,Ohmic,Ohmic,,20.827499389648438,26716.0
26719,M8,Ohmic,Ohmic,,20.65887451171875,26716.0
26721,M8,Ohmic,Ohmic,,21.499250411987305,26720.0
26722,M8,Ohmic,Ohmic,,21.52081298828125,26721.0
26723,M8,Ohmic,Ohmic,,21.439687728881836,26722.0
26732,M8,Ohmic,Ohmic,,10.535203,26731.0
26733,M8,Ohmic,Ohmic,,11.895609,26732.0
26737,M8,Ohmic,Ohmic,,-13.005301475524902,24529.0
26738,M8,Ohmic,Ohmic,,-15.834457397460938,26737.0
26741,M8,Ohmic,Ohmic,,15.815937042236328,25428.0
26742,M8,Ohmic,Ohmic,,20.282562255859375,25428.0
26743,M8,Ohmic,Ohmic,,21.187063217163086,25428.0
26744,M8,Ohmic,Ohmic,,24.40387535095215,25514.0
26745,M8,Ohmic,Ohmic,,25.70224952697754,25514.0
26746,M8,Ohmic,Ohmic,,27.912124633789062,26745.0
26747,M8,Ohmic,Ohmic,,29.688186645507812,26746.0
26748,M8,Ohmic,Ohmic,,32.83599853515625,26747.0
26749,M8,Ohmic,Ohmic,,20.549375534057617,16492.0
26750,M8,Ohmic,Ohmic,,21.12787437438965,26749.0
26751,M8,Ohmic,Ohmic,S5,785.9917602539062,26435.0
26753,M8,Ohmic,Ohmic,,783.1527709960938,26752.0
26754,M8,Ohmic,Ohmic,S4,778.0225219726562,26753.0
26756,M8,Ohmic,Ohmic,,10.024468,24529.0
26759,M8,Ohmic,Ohmic,S1,438.1090087890625,26481.0
26776,M8,Ohmic,Ohmic,S1,436.4364929199219,26769.0
26778,M8,Ohmic,Ohmic,S1,438.8240051269531,26777.0
26779,M8,Ohmic,Ohmic,S1,445.93798828125,26778.0
26780,M8,Ohmic,Ohmic,S1,435.2760009765625,26779.0
26786,M8,SW Beam,SW Beam,S5,910.198486328125,26067.0
26787,M8,SW Beam,SW Beam,S5,906.9254760742188,26786.0
26788,M8,SW Beam,SW Beam,S5,909.7424926757812,26787.0
26789,M8,"2 Beams,SS Beam,SW Beam","2 Beams,SS Beam,SW Beam",S5,914.7634887695312,26788.0
26791,M8,"2 Beams,SS Beam,SW Beam","2 Beams,SS Beam,SW Beam",S3,670.7424926757812,26554.0
26798,M8,Ohmic,Ohmic,S1,438.0870056152344,26776.0
26799,M8,Ohmic,Ohmic,S1,432.31011962890625,26776.0
26800,M8,Ohmic,Ohmic,S1,437.0950012207031,26780.0
26801,M8,Ohmic,Ohmic,S1,438.3374938964844,26780.0
26802,M8,Ohmic,Ohmic,S1,440.99700927734375,26778.0
26803,M8,Ohmic,Ohmic,S6,595.864990234375,26783.0
26804,M8,SW Beam,SW Beam,S1,439.43798828125,26782.0
26806,M8,"2 Beams,SS Beam,SW Beam","2 Beams,SS Beam,SW Beam",S5,916.3054809570312,26805.0
26808,M8,"2 Beams,SS Beam,SW Beam","2 Beams,SS Beam,SW Beam",S5,920.5294799804688,26807.0
26812,M8,Ohmic,Ohmic,S5,791.7062377929688,25893.0
26816,M8,Ohmic,Ohmic,S5,811.4829711914062,26815.0
26823,M8,Ohmic,Ohmic,S1,444.2244873046875,26770.0
26826,M8,Ohmic,Ohmic,S5,782.9297485351562,25893.0
26827,M8,SS Beam,SS Beam,S5,809.72900390625,26816.0
26828,M8,SS Beam,SS Beam,S5,803.5584716796875,26816.0
26829,M8,SS Beam,SS Beam,S5,801.1069946289062,26816.0
26837,M8,Ohmic,Ohmic,S1,436.28448486328125,26770.0
26839,M8,SS Beam,SS Beam,S5,820.5050048828125,26834.0
26853,M8,Ohmic,Ohmic,S2,786.9392700195312,25893.0
26854,M8,SW Beam,SW Beam,S5,801.8250122070312,26829.0
26855,M8,SW Beam,SW Beam,S5,804.8980102539062,26854.0
26856,M8,SS Beam,SS Beam,S5,804.2374877929688,26855.0
26857,M8,"2 Beams,SS Beam,SW Beam","2 Beams,SS Beam,SW Beam",S4,817.5269775390625,26856.0
26859,M8,"2 Beams,SS Beam,SW Beam","2 Beams,SS Beam,SW Beam",S5,810.0399780273438,26857.0
26860,M8,"2 Beams,SS Beam,SW Beam","2 Beams,SS Beam,SW Beam",S4,821.18798828125,26857.0
26861,M8,"2 Beams,SS Beam,SW Beam","2 Beams,SS Beam,SW Beam",S4,825.8665161132812,26857.0
26862,M8,"2 Beams,SS Beam,SW Beam","2 Beams,SS Beam,SW Beam",S5,811.7114868164062,26857.0
26863,M8,"2 Beams,SS Beam,SW Beam","2 Beams,SS Beam,SW Beam",S4,822.8195190429688,26857.0
26864,M8,"2 Beams,SS Beam,SW Beam","2 Beams,SS Beam,SW Beam",S5,811.4630126953125,26857.0
26865,M8,"2 Beams,SS Beam,SW Beam","2 Beams,SS Beam,SW Beam",S4,810.6535034179688,26857.0
26884,M8,SS Beam,SS Beam,S5,803.9915161132812,26864.0
26885,M8,SS Beam,SS Beam,S5,810.6199951171875,26884.0
26886,M8,SS Beam,SS Beam,S5,810.6829833984375,26885.0
26887,M8,SS Beam,SS Beam,S5,802.5640258789062,26886.0
26888,M8,SS Beam,SS Beam,S5,803.969482421875,26887.0
26889,M8,SS Beam,SS Beam,S5,813.4550170898438,26888.0
26891,M8,"2 Beams,SS Beam,SW Beam","2 Beams,SS Beam,SW Beam",S5,808.4929809570312,26890.0
26893,M8,"2 Beams,SS Beam,SW Beam","2 Beams,SS Beam,SW Beam",S4,828.3905029296875,26892.0
26895,M8,"2 Beams,SS Beam,SW Beam","2 Beams,SS Beam,SW Beam",S4,811.8394775390625,26894.0
26896,M8,"2 Beams,SS Beam,SW Beam","2 Beams,SS Beam,SW Beam",S5,804.3090209960938,26895.0
26920,M8,Ohmic,Ohmic,S5,784.7692260742188,25893.0
26935,M8,"2 Beams,SS Beam,SW Beam","2 Beams,SS Beam,SW Beam",S4,767.8565063476562,26934.0
26937,M8,"2 Beams,SS Beam,SW Beam","2 Beams,SS Beam,SW Beam",S4,761.7210083007812,26934.0
26941,M8,"2 Beams,SS Beam,SW Beam","2 Beams,SS Beam,SW Beam",S4,764.7055053710938,26934.0
26942,M8,"2 Beams,SS Beam,SW Beam","2 Beams,SS Beam,SW Beam",S4,765.218994140625,26934.0
26951,M8,SW Beam,SW Beam,S3,660.281982421875,26950.0
26954,M8,Ohmic,Ohmic,S1,435.1835021972656,26953.0
26955,M8,Ohmic,Ohmic,S1,434.7349853515625,26954.0
26956,M8,SS Beam,SS Beam,S1,449.5679931640625,26955.0
26961,M8,Ohmic,Ohmic,S1,431.45098876953125,26955.0
26963,M8,Ohmic,Ohmic,S1,431.0672607421875,26962.0
26964,M8,Ohmic,Ohmic,S1,448.7879943847656,26963.0
26967,M8,Ohmic,Ohmic,S2,782.687744140625,25893.0
26968,M8,"2 Beams,SS Beam,SW Beam","2 Beams,SS Beam,SW Beam",S4,763.8880004882812,26500.0
26969,M8,"2 Beams,SS Beam,SW Beam","2 Beams,SS Beam,SW Beam",S4,764.469482421875,26968.0
26970,M8,"2 Beams,SS Beam,SW Beam","2 Beams,SS Beam,SW Beam",S4,763.0570068359375,26968.0
26972,M8,"2 Beams,SS Beam,SW Beam","2 Beams,SS Beam,SW Beam",S4,765.0380249023438,26968.0
26973,M8,"2 Beams,SS Beam,SW Beam","2 Beams,SS Beam,SW Beam",S4,813.5989990234375,26834.0
26976,M8,"2 Beams,SS Beam,SW Beam","2 Beams,SS Beam,SW Beam",S5,808.5364990234375,26973.0
26978,M8,"2 Beams,SS Beam,SW Beam","2 Beams,SS Beam,SW Beam",S5,799.6259765625,26973.0
26979,M8,"2 Beams,SS Beam,SW Beam","2 Beams,SS Beam,SW Beam",S5,805.2269897460938,26973.0
26980,M8,SS Beam,SS Beam,S5,798.5025024414062,26979.0
26981,M8,"2 Beams,SS Beam,SW Beam","2 Beams,SS Beam,SW Beam",S4,767.3585205078125,26498.0
26982,M8,"2 Beams,SS Beam,SW Beam","2 Beams,SS Beam,SW Beam",S4,767.5789794921875,26981.0
26991,M8,"2 Beams,SS Beam,SW Beam","2 Beams,SS Beam,SW Beam",S4,767.239990234375,26990.0
26992,M8,"2 Beams,SS Beam,SW Beam","2 Beams,SS Beam,SW Beam",S4,758.7230224609375,26981.0
26993,M8,"2 Beams,SS Beam,SW Beam","2 Beams,SS Beam,SW Beam",S4,766.9019775390625,26981.0
26994,M8,"2 Beams,SS Beam,SW Beam","2 Beams,SS Beam,SW Beam",S4,765.1165161132812,26993.0
26995,M8,"2 Beams,SS Beam,SW Beam","2 Beams,SS Beam,SW Beam",S4,765.9929809570312,26994.0
26996,M8,"2 Beams,SS Beam,SW Beam","2 Beams,SS Beam,SW Beam",S4,762.8245239257812,26995.0
27000,M8,Ohmic,Ohmic,S5,783.061767578125,25893.0
27001,M8,SS Beam,SS Beam,S3,790.4320068359375,21896.0
27002,M8,SS Beam,SS Beam,S4,773.9749755859375,21896.0
27003,M8,SS Beam,SS Beam,S5,807.06298828125,26815.0
27004,M8,SS Beam,SS Beam,S5,814.7990112304688,27003.0
27011,M8,SS Beam,SS Beam,S5,819.1079711914062,27010.0
27012,M8,SS Beam,SS Beam,S4,814.0574951171875,27011.0
27013,M8,"2 Beams,SS Beam,SW Beam","2 Beams,SS Beam,SW Beam",S4,823.864501953125,27012.0
27014,M8,SS Beam,SS Beam,S4,810.6165161132812,27013.0
27020,M8,Ohmic,Ohmic,S5,787.4102783203125,25893.0
27025,M8,Ohmic,Ohmic,S1,433.2548828125,26776.0
27030,M8,Ohmic,Ohmic,S5,782.7369995117188,26999.0
27031,M8,Ohmic,Ohmic,S4,778.1854858398438,26500.0
27034,M8,SW Beam,SW Beam,S4,760.1290283203125,27033.0
27036,M8,"2 Beams,SS Beam,SW Beam","2 Beams,SS Beam,SW Beam",S4,770.7999877929688,27035.0
27037,M8,"2 Beams,SS Beam,SW Beam","2 Beams,SS Beam,SW Beam",S4,763.4199829101562,27036.0
27042,M8,"2 Beams,SS Beam,SW Beam","2 Beams,SS Beam,SW Beam",S3,779.6339721679688,27040.0
27043,M8,"2 Beams,SS Beam,SW Beam","2 Beams,SS Beam,SW Beam",S4,770.634521484375,27042.0
27048,M8,"2 Beams,SS Beam,SW Beam","2 Beams,SS Beam,SW Beam",S4,773.9404907226562,27047.0
27050,M8,"2 Beams,SS Beam,SW Beam","2 Beams,SS Beam,SW Beam",S4,762.3839721679688,27049.0
27051,M8,"2 Beams,SS Beam,SW Beam","2 Beams,SS Beam,SW Beam",S4,770.0704956054688,27050.0
27052,M8,"2 Beams,SS Beam,SW Beam","2 Beams,SS Beam,SW Beam",S4,767.2374877929688,27051.0
27053,M8,"2 Beams,SS Beam,SW Beam","2 Beams,SS Beam,SW Beam",S4,766.2899780273438,27052.0
27057,M8,Ohmic,Ohmic,S5,783.906982421875,25893.0
27067,M8,SS Beam,SS Beam,S5,917.134521484375,26364.0
27072,M8,Ohmic,Ohmic,S5,784.4739990234375,25893.0
27073,M8,Ohmic,Ohmic,S1,428.7432556152344,26776.0
27074,M8,Ohmic,Ohmic,S1,432.968994140625,26776.0
27076,M8,Ohmic,Ohmic,S1,429.09112548828125,26776.0
27077,M8,Ohmic,Ohmic,S1,431.10986328125,26776.0
27078,M8,Ohmic,Ohmic,S1,428.92498779296875,26776.0
27079,M8,Ohmic,Ohmic,S1,433.1367492675781,26776.0
27080,M8,Ohmic,Ohmic,S1,431.78399658203125,26776.0
27081,M8,Ohmic,Ohmic,S1,433.61151123046875,26776.0
27082,M8,Ohmic,Ohmic,S1,430.3652648925781,26776.0
27083,M8,Ohmic,Ohmic,S1,428.2225036621094,26776.0
27084,M8,Ohmic,Ohmic,S1,431.281005859375,26776.0
27085,M8,Ohmic,Ohmic,S1,430.432861328125,26776.0
27086,M8,"2 Beams,SS Beam,SW Beam","2 Beams,SS Beam,SW Beam",S4,758.344970703125,26996.0
27087,M8,Ohmic,Ohmic,S1,430.7601318359375,26776.0
27088,M8,Ohmic,Ohmic,S1,429.401123046875,26776.0
27089,M8,Ohmic,Ohmic,S5,782.615478515625,25893.0
27090,M8,Ohmic,Ohmic,S2,782.0184936523438,25893.0
27095,M8,Ohmic,Ohmic,S5,792.1797485351562,25893.0
27096,M8,Ohmic,Ohmic,S5,786.7337646484375,25893.0
27097,M8,Ohmic,Ohmic,S5,785.4849853515625,25893.0
27098,M8,Ohmic,Ohmic,S2,782.8867797851562,25893.0
27099,M8,Ohmic,Ohmic,S5,779.3377685546875,25893.0
27100,M8,Ohmic,Ohmic,S5,782.9329833984375,25893.0
27101,M8,Ohmic,Ohmic,S2,779.8477783203125,25893.0
27103,M8,Ohmic,Ohmic,S2,778.1582641601562,25893.0
27109,M8,"2 Beams,SS Beam,SW Beam","2 Beams,SS Beam,SW Beam",S4,764.9194946289062,26500.0
27112,M8,"2 Beams,SS Beam,SW Beam","2 Beams,SS Beam,SW Beam",S4,765.3690185546875,26500.0
27113,M8,"2 Beams,SS Beam,SW Beam","2 Beams,SS Beam,SW Beam",S4,763.8065185546875,26500.0
27117,M8,"2 Beams,SS Beam,SW Beam","2 Beams,SS Beam,SW Beam",S4,762.4194946289062,26500.0
27123,M8,"2 Beams,SS Beam,SW Beam","2 Beams,SS Beam,SW Beam",S3,652.5805053710938,27122.0
27136,M8,Ohmic,Ohmic,S5,783.9429931640625,25893.0
27137,M8,SS Beam,SS Beam,S6,621.3070068359375,26586.0
27139,M8,SS Beam,SS Beam,S6,615.0819702148438,27138.0
27140,M8,SS Beam,SS Beam,S6,620.260498046875,27139.0
27143,M8,SS Beam,SS Beam,S6,615.1259765625,27142.0
27144,M8,"2 Beams,SS Beam,SW Beam","2 Beams,SS Beam,SW Beam",S6,625.9349975585938,27143.0
27145,M8,SS Beam,SS Beam,S6,616.8206176757812,27144.0
27147,M8,SS Beam,SS Beam,S6,614.5626220703125,27146.0
27148,M8,SS Beam,SS Beam,S8,614.902099609375,27147.0
27149,M8,"2 Beams,SS Beam,SW Beam","2 Beams,SS Beam,SW Beam",S6,619.2374877929688,27147.0
27153,M8,SS Beam,SS Beam,S6,616.8151245117188,27147.0
27154,M8,SS Beam,SS Beam,S6,618.650146484375,27147.0
27155,M8,SS Beam,SS Beam,S6,619.3209838867188,27147.0
27156,M8,SS Beam,SS Beam,S6,618.50927734375,27147.0
27157,M8,SS Beam,SS Beam,S6,620.80712890625,27147.0
27158,M8,SS Beam,SS Beam,S6,615.5697631835938,27147.0
27159,M8,SS Beam,SS Beam,S6,635.9920043945312,27147.0
27160,M8,SS Beam,SS Beam,S6,617.4915161132812,27147.0
27165,M8,Ohmic,Ohmic,S5,783.6582641601562,25893.0
27177,M8,SS Beam,SS Beam,S4,803.2449951171875,26976.0
27178,M8,"2 Beams,SS Beam,SW Beam","2 Beams,SS Beam,SW Beam",S4,804.7050170898438,26976.0
27179,M8,"2 Beams,SS Beam,SW Beam","2 Beams,SS Beam,SW Beam",S5,801.9509887695312,26976.0
27180,M8,SW Beam,SW Beam,S4,801.7940063476562,26976.0
27181,M8,SW Beam,SW Beam,S6,745.6785278320312,26976.0
27182,M8,"2 Beams,SS Beam,SW Beam","2 Beams,SS Beam,SW Beam",S6,761.938232421875,26976.0
27183,M8,"2 Beams,SS Beam,SW Beam","2 Beams,SS Beam,SW Beam",S1,690.9912719726562,26976.0
27184,M8,SS Beam,SS Beam,S4,756.0900268554688,26976.0
27186,M8,"2 Beams,SS Beam,SW Beam","2 Beams,SS Beam,SW Beam",S5,967.0075073242188,27179.0
27187,M8,SS Beam,SS Beam,S8,743.6295166015625,27179.0
27188,M8,"2 Beams,SS Beam,SW Beam","2 Beams,SS Beam,SW Beam",S4,797.1539916992188,27179.0
27191,M8,Ohmic,Ohmic,S5,780.4697265625,25893.0
27193,M8,"2 Beams,SS Beam,SW Beam","2 Beams,SS Beam,SW Beam",S5,799.7579956054688,27192.0
27194,M8,"2 Beams,SS Beam,SW Beam","2 Beams,SS Beam,SW Beam",S5,809.927490234375,27193.0
27195,M8,"2 Beams,SS Beam,SW Beam","2 Beams,SS Beam,SW Beam",S4,790.45751953125,27194.0
27196,M8,"2 Beams,SS Beam,SW Beam","2 Beams,SS Beam,SW Beam",S5,766.8270263671875,26935.0
27198,M8,"2 Beams,SS Beam,SW Beam","2 Beams,SS Beam,SW Beam",S4,763.6964721679688,27197.0
27200,M8,"2 Beams,SS Beam,SW Beam","2 Beams,SS Beam,SW Beam",S4,768.1945190429688,27199.0
27205,M8,"2 Beams,SS Beam,SW Beam","2 Beams,SS Beam,SW Beam",S3,656.6480102539062,26947.0
27217,M8,Ohmic,Ohmic,S5,778.760986328125,27216.0
27220,M8,Ohmic,Ohmic,S1,430.48748779296875,27219.0
27221,M8,Ohmic,Ohmic,S1,432.87725830078125,27220.0
27222,M8,Ohmic,Ohmic,S3,646.25048828125,
27229,M8,SS Beam,SS Beam,S6,618.94873046875,26517.0
27230,M8,SS Beam,SS Beam,S6,616.9005126953125,26517.0
27231,M8,"2 Beams,SS Beam,SW Beam","2 Beams,SS Beam,SW Beam",S3,658.2885131835938,26791.0
27232,M8,SS Beam,SS Beam,S5,915.1939697265625,26364.0
27236,M8,Ohmic,Ohmic,S2,779.407470703125,25893.0
27238,M8,SS Beam,SS Beam,S5,805.7000122070312,27237.0
27239,M8,SS Beam,SS Beam,S5,801.5009765625,27238.0
27240,M8,SS Beam,SS Beam,S4,785.8319702148438,27239.0
27242,M8,SS Beam,SS Beam,S5,814.2009887695312,27241.0
27243,M8,SS Beam,SS Beam,S5,811.969970703125,27242.0
27244,M8,SS Beam,SS Beam,S5,815.1610107421875,27243.0
27246,M8,SS Beam,SS Beam,S5,809.217529296875,27243.0
27247,M8,SS Beam,SS Beam,S6,616.1370239257812,27230.0
27248,M8,SS Beam,SS Beam,S6,623.373779296875,27247.0
27249,M8,"2 Beams,SS Beam,SW Beam","2 Beams,SS Beam,SW Beam",S6,618.4307250976562,27230.0
27251,M8,SS Beam,SS Beam,S5,833.5487670898438,26531.0
27252,M8,SS Beam,SS Beam,S5,853.0496215820312,27251.0
27253,M8,"2 Beams,SS Beam,SW Beam","2 Beams,SS Beam,SW Beam",S5,849.4096069335938,27252.0
27254,M8,"2 Beams,SS Beam,SW Beam","2 Beams,SS Beam,SW Beam",S5,848.4329833984375,27253.0
27255,M8,SS Beam,SS Beam,S5,802.3624877929688,27254.0
27256,M8,SS Beam,SS Beam,S5,807.9609985351562,27255.0
27257,M8,"2 Beams,SS Beam,SW Beam","2 Beams,SS Beam,SW Beam",S5,811.5795288085938,27256.0
27258,M8,"2 Beams,SS Beam,SW Beam","2 Beams,SS Beam,SW Beam",S5,814.4924926757812,27257.0
27259,M8,SS Beam,SS Beam,S5,817.7169799804688,27257.0
27260,M8,SS Beam,SS Beam,S5,802.8419799804688,27259.0
27262,M8,"2 Beams,SS Beam,SW Beam","2 Beams,SS Beam,SW Beam",,17.375436782836914,27261.0
27266,M8,Ohmic,Ohmic,S5,784.3795166015625,25893.0
27267,M8,SS Beam,SS Beam,S4,805.8474731445312,26980.0
27268,M8,"2 Beams,SS Beam,SW Beam","2 Beams,SS Beam,SW Beam",S5,804.9710083007812,27267.0
27269,M8,SS Beam,SS Beam,S5,797.6909790039062,27267.0
27270,M8,SS Beam,SS Beam,S5,798.8330078125,27269.0
27271,M8,SS Beam,SS Beam,S5,797.3400268554688,27269.0
27272,M8,"2 Beams,SS Beam,SW Beam","2 Beams,SS Beam,SW Beam",S4,814.3619995117188,27268.0
27273,M8,"2 Beams,SS Beam,SW Beam","2 Beams,SS Beam,SW Beam",S4,757.1795043945312,26969.0
27274,M8,"2 Beams,SS Beam,SW Beam","2 Beams,SS Beam,SW Beam",S5,800.9945068359375,27272.0
27275,M8,"2 Beams,SS Beam,SW Beam","2 Beams,SS Beam,SW Beam",S4,764.8914794921875,26935.0
27276,M8,"2 Beams,SS Beam,SW Beam","2 Beams,SS Beam,SW Beam",S4,763.2794799804688,26935.0
27277,M8,"2 Beams,SS Beam,SW Beam","2 Beams,SS Beam,SW Beam",S4,759.907470703125,26935.0
27278,M8,"2 Beams,SS Beam,SW Beam","2 Beams,SS Beam,SW Beam",S4,760.8994750976562,27273.0
27280,M8,"2 Beams,SS Beam,SW Beam","2 Beams,SS Beam,SW Beam",S4,763.7100219726562,27277.0
27287,M8,"2 Beams,SS Beam,SW Beam","2 Beams,SS Beam,SW Beam",S5,817.208984375,27171.0
27288,M8,"2 Beams,SS Beam,SW Beam","2 Beams,SS Beam,SW Beam",S5,812.8380126953125,27171.0
27291,M8,Ohmic,Ohmic,S2,779.0894775390625,25893.0
27293,M8,SS Beam,SS Beam,S5,806.25048828125,27292.0
27294,M8,SS Beam,SS Beam,S5,806.1329956054688,27293.0
27295,M8,SS Beam,SS Beam,S5,809.0244750976562,27294.0
27296,M8,SS Beam,SS Beam,S4,814.2849731445312,27295.0
27297,M8,SS Beam,SS Beam,S4,811.927490234375,27296.0
27298,M8,"2 Beams,SS Beam,SW Beam","2 Beams,SS Beam,SW Beam",S5,922.7559814453125,24542.0
27308,M8,"2 Beams,SS Beam,SW Beam","2 Beams,SS Beam,SW Beam",S5,926.08447265625,27298.0
27309,M8,"2 Beams,SS Beam,SW Beam","2 Beams,SS Beam,SW Beam",S5,923.0139770507812,27298.0
27310,M8,"2 Beams,SS Beam,SW Beam","2 Beams,SS Beam,SW Beam",S5,929.1939697265625,27298.0
27322,M8,Ohmic,Ohmic,S2,781.374267578125,25893.0
27323,M8,SS Beam,SS Beam,S5,916.407470703125,27067.0
27325,M8,SS Beam,SS Beam,S5,917.0795288085938,27323.0
27326,M8,SS Beam,SS Beam,S5,920.8300170898438,27323.0
27328,M8,"2 Beams,SS Beam,SW Beam","2 Beams,SS Beam,SW Beam",S6,621.3040161132812,27327.0
27331,M8,"2 Beams,SS Beam,SW Beam","2 Beams,SS Beam,SW Beam",S5,914.5579833984375,22664.0
27332,M8,"2 Beams,SS Beam,SW Beam","2 Beams,SS Beam,SW Beam",S5,920.135009765625,22664.0
27333,M8,"2 Beams,SS Beam,SW Beam","2 Beams,SS Beam,SW Beam",S5,919.6824951171875,22664.0
27334,M8,"2 Beams,SS Beam,SW Beam","2 Beams,SS Beam,SW Beam",S5,923.083984375,22664.0
27335,M8,SS Beam,SS Beam,S5,920.0980224609375,27236.0
27336,M8,"2 Beams,SS Beam,SW Beam","2 Beams,SS Beam,SW Beam",S6,604.6178588867188,22769.0
27337,M8,"2 Beams,SS Beam,SW Beam","2 Beams,SS Beam,SW Beam",S6,610.993896484375,22769.0
27349,M8,Ohmic,Ohmic,S4,749.0645141601562,16427.0
27350,M8,Ohmic,Ohmic,S4,749.1834716796875,16427.0
27366,M8,Ohmic,Ohmic,S4,763.2949829101562,25893.0
27367,M8,SS Beam,SS Beam,S6,605.932373046875,27329.0
27368,M8,SS Beam,SS Beam,S6,606.2415161132812,27367.0
27369,M8,SS Beam,SS Beam,S6,599.64599609375,27368.0
27375,M8,"2 Beams,SS Beam,SW Beam","2 Beams,SS Beam,SW Beam",S4,745.4400024414062,27374.0
27377,M8,"2 Beams,SS Beam,SW Beam","2 Beams,SS Beam,SW Beam",S4,743.5800170898438,27376.0
27378,M8,"2 Beams,SS Beam,SW Beam","2 Beams,SS Beam,SW Beam",S4,749.2789916992188,27377.0
27379,M8,"2 Beams,SS Beam,SW Beam","2 Beams,SS Beam,SW Beam",S4,749.1729736328125,27378.0
27381,M8,SS Beam,SS Beam,S6,603.791015625,27380.0
27383,M8,SS Beam,SS Beam,S6,606.7890014648438,27382.0
27385,M8,SS Beam,SS Beam,S6,597.8192749023438,27384.0
27386,M8,SS Beam,SS Beam,S6,594.4742431640625,27385.0
27387,M8,"2 Beams,SS Beam,SW Beam","2 Beams,SS Beam,SW Beam",S6,602.5709838867188,27385.0
27388,M8,"2 Beams,SS Beam,SW Beam","2 Beams,SS Beam,SW Beam",S6,608.0588989257812,27387.0
27389,M8,"2 Beams,SS Beam,SW Beam","2 Beams,SS Beam,SW Beam",S6,595.708984375,27388.0
27390,M8,"2 Beams,SS Beam,SW Beam","2 Beams,SS Beam,SW Beam",S6,593.8099975585938,27389.0
27395,M8,Ohmic,Ohmic,S2,765.2222290039062,25893.0
27397,M8,SS Beam,SS Beam,S5,793.8699951171875,26531.0
27398,M8,SS Beam,SS Beam,S7,815.5138549804688,27251.0
27399,M8,"2 Beams,SS Beam,SW Beam","2 Beams,SS Beam,SW Beam",S5,822.4253540039062,27251.0
27404,M8,"2 Beams,SS Beam,SW Beam","2 Beams,SS Beam,SW Beam",S5,789.0535278320312,27251.0
27407,M8,"2 Beams,SS Beam,SW Beam","2 Beams,SS Beam,SW Beam",S6,605.8108520507812,27329.0
27408,M8,"2 Beams,SS Beam,SW Beam","2 Beams,SS Beam,SW Beam",S6,605.7969970703125,27329.0
27409,M8,"2 Beams,SS Beam,SW Beam","2 Beams,SS Beam,SW Beam",S6,602.9468994140625,27329.0
27411,M8,SS Beam,SS Beam,S5,794.2930297851562,26887.0
27423,M8,"2 Beams,SS Beam,SW Beam","2 Beams,SS Beam,SW Beam",S4,782.7687377929688,27422.0
27426,M8,Ohmic,Ohmic,S2,766.146240234375,25893.0
27443,M8,SS Beam,SS Beam,S4,751.1904907226562,27037.0
27444,M8,"2 Beams,SS Beam,SW Beam","2 Beams,SS Beam,SW Beam",S4,746.0225219726562,27443.0
27445,M8,"2 Beams,SS Beam,SW Beam","2 Beams,SS Beam,SW Beam",S4,748.5989990234375,27443.0
27446,M8,"2 Beams,SS Beam,SW Beam","2 Beams,SS Beam,SW Beam",S3,748.385986328125,27443.0
27447,M8,"2 Beams,SS Beam,SW Beam","2 Beams,SS Beam,SW Beam",S3,747.08349609375,27443.0
27448,M8,"2 Beams,SS Beam,SW Beam","2 Beams,SS Beam,SW Beam",S6,747.115478515625,27443.0
27449,M8,"2 Beams,SS Beam,SW Beam","2 Beams,SS Beam,SW Beam",S3,745.6729736328125,27443.0
27452,M8,"2 Beams,SS Beam,SW Beam","2 Beams,SS Beam,SW Beam",S6,754.0750122070312,27443.0
27453,M8,SS Beam,SS Beam,S4,744.0460205078125,27443.0
27454,M8,"2 Beams,SS Beam,SW Beam","2 Beams,SS Beam,SW Beam",S4,748.5554809570312,27443.0
27470,M8,"2 Beams,SS Beam,SW Beam","2 Beams,SS Beam,SW Beam",S6,604.5337524414062,27409.0
27472,M8,"2 Beams,SS Beam,SW Beam","2 Beams,SS Beam,SW Beam",S6,615.7529907226562,27470.0
27473,M8,"2 Beams,SS Beam,SW Beam","2 Beams,SS Beam,SW Beam",S6,603.8079833984375,27470.0
27474,M8,"2 Beams,SS Beam,SW Beam","2 Beams,SS Beam,SW Beam",S6,612.2720947265625,27470.0
27477,M8,"2 Beams,SS Beam,SW Beam","2 Beams,SS Beam,SW Beam",S6,606.072998046875,27470.0
27484,M8,Ohmic,Ohmic,S4,770.1295166015625,25893.0
27485,M8,SS Beam,SS Beam,S6,586.3699951171875,26517.0
27486,M8,SS Beam,SS Beam,S6,590.926025390625,27485.0
27487,M8,SS Beam,SS Beam,S6,597.7064819335938,27486.0
27488,M8,SS Beam,SS Beam,S6,602.39599609375,27487.0
27489,M8,SS Beam,SS Beam,S6,592.4409790039062,27488.0
27490,M8,SS Beam,SS Beam,S6,590.4655151367188,27489.0
27491,M8,SS Beam,SS Beam,S6,590.4810180664062,27490.0
27492,M8,"2 Beams,SS Beam,SW Beam","2 Beams,SS Beam,SW Beam",S3,630.4655151367188,27123.0
27493,M8,"2 Beams,SS Beam,SW Beam","2 Beams,SS Beam,SW Beam",S3,633.5877685546875,27123.0
27495,M8,"2 Beams,SS Beam,SW Beam","2 Beams,SS Beam,SW Beam",S3,630.2855224609375,27493.0
27496,M8,"2 Beams,SS Beam,SW Beam","2 Beams,SS Beam,SW Beam",S3,628.3594970703125,27495.0
27501,M8,"2 Beams,SS Beam,SW Beam","2 Beams,SS Beam,SW Beam",S3,651.5615234375,27500.0
27502,M8,"2 Beams,SS Beam,SW Beam","2 Beams,SS Beam,SW Beam",S5,906.176025390625,27308.0
27505,M8,"2 Beams,SS Beam,SW Beam","2 Beams,SS Beam,SW Beam",S5,898.9935302734375,27504.0
27508,M8,Ohmic,Ohmic,S2,768.8004760742188,25893.0
27512,M8,"2 Beams,SS Beam,SW Beam","2 Beams,SS Beam,SW Beam",S5,795.5025024414062,27511.0
27514,M8,"2 Beams,SS Beam,SW Beam","2 Beams,SS Beam,SW Beam",S5,798.91552734375,27512.0
27517,M8,Ohmic,Ohmic,S5,800.5759887695312,27516.0
27518,M8,"2 Beams,SS Beam,SW Beam","2 Beams,SS Beam,SW Beam",S5,796.302490234375,27517.0
27519,M8,"2 Beams,SS Beam,SW Beam","2 Beams,SS Beam,SW Beam",S5,799.83447265625,27518.0
27520,M8,"2 Beams,SS Beam,SW Beam","2 Beams,SS Beam,SW Beam",S5,797.1724853515625,27519.0
27521,M8,"2 Beams,SS Beam,SW Beam","2 Beams,SS Beam,SW Beam",S5,796.4605102539062,27520.0
27522,M8,"2 Beams,SS Beam,SW Beam","2 Beams,SS Beam,SW Beam",S5,796.3560180664062,27521.0
27523,M8,SS Beam,SS Beam,S5,792.1085205078125,27514.0
27524,M8,SS Beam,SS Beam,S5,788.0139770507812,27523.0
27525,M8,"2 Beams,SS Beam,SW Beam","2 Beams,SS Beam,SW Beam",S4,745.2705078125,26500.0
27526,M8,"2 Beams,SS Beam,SW Beam","2 Beams,SS Beam,SW Beam",S4,743.7705078125,26500.0
27527,M8,"2 Beams,SS Beam,SW Beam","2 Beams,SS Beam,SW Beam",S4,748.905029296875,26500.0
27529,M8,"2 Beams,SS Beam,SW Beam","2 Beams,SS Beam,SW Beam",S6,627.7260131835938,27409.0
27530,M8,"2 Beams,SS Beam,SW Beam","2 Beams,SS Beam,SW Beam",S6,595.287109375,27529.0
27540,M8,Ohmic,Ohmic,S4,769.4662475585938,25893.0
27544,M8,"2 Beams,SS Beam,SW Beam","2 Beams,SS Beam,SW Beam",S6,590.5615234375,27543.0
27556,M8,"2 Beams,SS Beam,SW Beam","2 Beams,SS Beam,SW Beam",S4,903.77001953125,27310.0
27557,M8,"2 Beams,SS Beam,SW Beam","2 Beams,SS Beam,SW Beam",S3,916.72802734375,27556.0
27558,M8,"2 Beams,SS Beam,SW Beam","2 Beams,SS Beam,SW Beam",S5,895.2949829101562,27557.0
27561,M8,"2 Beams,SS Beam,SW Beam","2 Beams,SS Beam,SW Beam",S6,901.1234741210938,27558.0
27562,M8,SS Beam,SS Beam,S3,805.3599853515625,27297.0
27563,M8,SS Beam,SS Beam,S5,796.5994873046875,27562.0
27564,M8,"2 Beams,SS Beam,SW Beam","2 Beams,SS Beam,SW Beam",S5,894.0784912109375,27561.0
27571,M8,"2 Beams,SS Beam,SW Beam","2 Beams,SS Beam,SW Beam",S3,747.5435180664062,27450.0
27572,M8,"2 Beams,SS Beam,SW Beam","2 Beams,SS Beam,SW Beam",S6,755.2265014648438,27450.0
27573,M8,"2 Beams,SS Beam,SW Beam","2 Beams,SS Beam,SW Beam",S6,746.9190063476562,27450.0
27574,M8,"2 Beams,SS Beam,SW Beam","2 Beams,SS Beam,SW Beam",S6,752.3474731445312,27450.0
27575,M8,"2 Beams,SS Beam,SW Beam","2 Beams,SS Beam,SW Beam",S6,745.2775268554688,27450.0
27579,M8,SS Beam,SS Beam,S6,597.9299926757812,27389.0
27581,M8,SS Beam,SS Beam,S6,595.51513671875,27389.0
27582,M8,SS Beam,SS Beam,S6,593.8992309570312,27389.0
27584,M8,SS Beam,SS Beam,S4,744.0955200195312,26386.0
27586,M8,"2 Beams,SS Beam,SW Beam","2 Beams,SS Beam,SW Beam",S4,748.6669921875,27576.0
27587,M8,"2 Beams,SS Beam,SW Beam","2 Beams,SS Beam,SW Beam",S4,745.3734741210938,27586.0
27588,M8,"2 Beams,SS Beam,SW Beam","2 Beams,SS Beam,SW Beam",S6,751.301513671875,27587.0
27589,M8,SS Beam,SS Beam,S4,740.62451171875,27584.0
27590,M8,SS Beam,SS Beam,S4,734.281494140625,27589.0
27591,M8,SS Beam,SS Beam,S6,732.3485107421875,27590.0
27592,M8,"2 Beams,SS Beam,SW Beam","2 Beams,SS Beam,SW Beam",S6,743.6240234375,27591.0
27594,M8,"2 Beams,SS Beam,SW Beam","2 Beams,SS Beam,SW Beam",S4,755.1929931640625,27593.0
27597,M8,Ohmic,Ohmic,S1,418.0364990234375,26769.0
27601,M8,"2 Beams,SS Beam,SW Beam","2 Beams,SS Beam,SW Beam",S5,891.385009765625,27505.0
27602,M8,"2 Beams,SS Beam,SW Beam","2 Beams,SS Beam,SW Beam",S4,895.968994140625,27505.0
27603,M8,"2 Beams,SS Beam,SW Beam","2 Beams,SS Beam,SW Beam",S6,588.02197265625,27329.0
27609,M8,"2 Beams,SS Beam,SW Beam","2 Beams,SS Beam,SW Beam",S6,742.5615234375,26498.0
27610,M8,"2 Beams,SS Beam,SW Beam","2 Beams,SS Beam,SW Beam",S3,757.760009765625,27609.0
27614,M8,"2 Beams,SS Beam,SW Beam","2 Beams,SS Beam,SW Beam",S6,896.9345092773438,27613.0
27616,M8,SS Beam,SS Beam,S1,415.8592529296875,
27618,M8,SS Beam,SS Beam,S5,905.7564697265625,27326.0
27619,M8,Ohmic,Ohmic,S6,608.5079956054688,27329.0
27624,M8,Ohmic,Ohmic,S4,766.7360229492188,25893.0
27625,M8,Ohmic,Ohmic,S4,766.0349731445312,25893.0
27627,M8,Ohmic,Ohmic,S4,736.9879760742188,26600.0
27631,M8,Ohmic,Ohmic,S4,750.5615234375,27627.0
27634,M8,SS Beam,SS Beam,S4,791.384521484375,27633.0
27635,M8,"2 Beams,SS Beam,SW Beam","2 Beams,SS Beam,SW Beam",S3,652.4076538085938,27626.0
27637,M8,"2 Beams,SS Beam,SW Beam","2 Beams,SS Beam,SW Beam",S3,655.519775390625,27626.0
27638,M8,"2 Beams,SS Beam,SW Beam","2 Beams,SS Beam,SW Beam",S3,658.2288818359375,27626.0
27642,M8,"2 Beams,SS Beam,SW Beam","2 Beams,SS Beam,SW Beam",S3,656.9208984375,27638.0
27643,M8,"2 Beams,SS Beam,SW Beam","2 Beams,SS Beam,SW Beam",S3,655.9308471679688,27638.0
27644,M8,"2 Beams,SS Beam,SW Beam","2 Beams,SS Beam,SW Beam",S5,788.282470703125,27634.0
27646,M8,SS Beam,SS Beam,S5,788.3035278320312,27644.0
27647,M8,"2 Beams,SS Beam,SW Beam","2 Beams,SS Beam,SW Beam",S4,783.89501953125,27644.0
27648,M8,"2 Beams,SS Beam,SW Beam","2 Beams,SS Beam,SW Beam",S3,645.5826416015625,27643.0
27651,M8,Ohmic,Ohmic,S4,757.5162353515625,25893.0
27661,M8,"2 Beams,SS Beam,SW Beam","2 Beams,SS Beam,SW Beam",S5,907.6480102539062,27317.0
27662,M8,"2 Beams,SS Beam,SW Beam","2 Beams,SS Beam,SW Beam",S7,815.0311279296875,27403.0
27663,M8,"2 Beams,SS Beam,SW Beam","2 Beams,SS Beam,SW Beam",S7,805.1481323242188,27403.0
27665,M8,"2 Beams,SS Beam,SW Beam","2 Beams,SS Beam,SW Beam",S4,808.0048828125,27403.0
27678,M8,"2 Beams,SS Beam,SW Beam","2 Beams,SS Beam,SW Beam",S5,899.9445190429688,27677.0
27680,M8,"2 Beams,SS Beam,SW Beam","2 Beams,SS Beam,SW Beam",S3,899.010009765625,27679.0
27683,M8,Ohmic,Ohmic,S1,410.4104919433594,26769.0
27684,M8,"2 Beams,SS Beam,SW Beam","2 Beams,SS Beam,SW Beam",S5,910.291015625,27557.0
27686,M8,"2 Beams,SS Beam,SW Beam","2 Beams,SS Beam,SW Beam",S5,894.2239990234375,27684.0
27687,M8,"2 Beams,SS Beam,SW Beam","2 Beams,SS Beam,SW Beam",S5,899.22998046875,27686.0
27688,M8,"2 Beams,SS Beam,SW Beam","2 Beams,SS Beam,SW Beam",S5,885.3045043945312,27687.0
27689,M8,"2 Beams,SS Beam,SW Beam","2 Beams,SS Beam,SW Beam",S5,897.5170288085938,27688.0
27690,M8,"2 Beams,SS Beam,SW Beam","2 Beams,SS Beam,SW Beam",S5,906.5364990234375,27689.0
27692,M8,"2 Beams,SS Beam,SW Beam","2 Beams,SS Beam,SW Beam",S5,891.9199829101562,27690.0
27706,M8,Ohmic,Ohmic,S4,766.8515014648438,25893.0
27707,M8,Ohmic,Ohmic,S3,632.9915161132812,27478.0
27709,M8,Ohmic,Ohmic,S3,633.8264770507812,27478.0
27710,M8,Ohmic,Ohmic,S3,631.2041015625,27478.0
27711,M8,SS Beam,SS Beam,S3,640.1925048828125,26409.0
27712,M8,SS Beam,SS Beam,S3,640.3410034179688,26409.0
27714,M8,"2 Beams,SS Beam,SW Beam","2 Beams,SS Beam,SW Beam",S4,756.1849975585938,26935.0
27715,M8,"2 Beams,SS Beam,SW Beam","2 Beams,SS Beam,SW Beam",S4,752.6740112304688,26935.0
27722,M8,Ohmic,Ohmic,S1,416.0007629394531,26769.0
27724,M8,SW Beam,SW Beam,S6,600.9381103515625,26517.0
27725,M8,SW Beam,SW Beam,S6,605.2403564453125,26517.0
27726,M8,SW Beam,SW Beam,S6,594.94775390625,26517.0
27727,M8,SW Beam,SW Beam,S6,605.9199829101562,26517.0
27728,M8,SW Beam,SW Beam,S6,591.5791015625,26517.0
27729,M8,SW Beam,SW Beam,S6,596.3455200195312,26517.0
27730,M8,SW Beam,SW Beam,S5,897.2230224609375,26364.0
27731,M8,SW Beam,SW Beam,S5,896.9204711914062,26364.0
27732,M8,"2 Beams,SS Beam,SW Beam","2 Beams,SS Beam,SW Beam",S1,441.2225036621094,26769.0
27734,M8,"2 Beams,SS Beam,SW Beam","2 Beams,SS Beam,SW Beam",S3,900.3604736328125,27693.0
27736,M8,Ohmic,Ohmic,S4,743.4409790039062,26600.0
27740,M8,"2 Beams,SS Beam,SW Beam","2 Beams,SS Beam,SW Beam",S5,908.0980224609375,27734.0
27741,M8,"2 Beams,SS Beam,SW Beam","2 Beams,SS Beam,SW Beam",S3,911.384521484375,27740.0
27743,M8,"2 Beams,SS Beam,SW Beam","2 Beams,SS Beam,SW Beam",S5,903.3505249023438,27742.0
27746,M8,Ohmic,Ohmic,S4,758.2515258789062,25893.0
27747,M8,"2 Beams,SS Beam,SW Beam","2 Beams,SS Beam,SW Beam",S5,806.7545166015625,26864.0
27759,M8,"2 Beams,SS Beam,SW Beam","2 Beams,SS Beam,SW Beam",S3,622.3565063476562,27758.0
27760,M8,"2 Beams,SS Beam,SW Beam","2 Beams,SS Beam,SW Beam",S3,624.7835083007812,27759.0
27763,M8,Ohmic,Ohmic,S4,731.1900024414062,27350.0
27764,M8,Ohmic,Ohmic,S4,733.0549926757812,27350.0
27765,M8,"2 Beams,SS Beam,SW Beam","2 Beams,SS Beam,SW Beam",S4,746.2769775390625,27447.0
27766,M8,"2 Beams,SS Beam,SW Beam","2 Beams,SS Beam,SW Beam",S4,742.4445190429688,27447.0
27767,M8,"2 Beams,SS Beam,SW Beam","2 Beams,SS Beam,SW Beam",S4,746.3264770507812,27447.0
27769,M8,"2 Beams,SS Beam,SW Beam","2 Beams,SS Beam,SW Beam",S4,741.02001953125,27447.0
27771,M8,"2 Beams,SS Beam,SW Beam","2 Beams,SS Beam,SW Beam",S6,744.31201171875,27586.0
27772,M8,SS Beam,SS Beam,S4,739.6699829101562,27586.0
27773,M8,SS Beam,SS Beam,S4,742.08349609375,27772.0
27774,M8,SS Beam,SS Beam,S6,739.6635131835938,27773.0
27775,M8,SS Beam,SS Beam,S4,737.822998046875,27774.0
27780,M8,SS Beam,SS Beam,S4,749.259521484375,27775.0
27781,M8,SS Beam,SS Beam,S4,739.5009765625,27780.0
27782,M8,SS Beam,SS Beam,S6,742.2730102539062,27781.0
27784,M8,"2 Beams,SS Beam,SW Beam","2 Beams,SS Beam,SW Beam",S3,739.6804809570312,27769.0
27785,M8,"2 Beams,SS Beam,SW Beam","2 Beams,SS Beam,SW Beam",S3,740.8665161132812,27784.0
27786,M8,"2 Beams,SS Beam,SW Beam","2 Beams,SS Beam,SW Beam",S3,744.8485107421875,27785.0
27787,M8,"2 Beams,SS Beam,SW Beam","2 Beams,SS Beam,SW Beam",S4,745.50048828125,27780.0
27788,M8,"2 Beams,SS Beam,SW Beam","2 Beams,SS Beam,SW Beam",S6,744.3839721679688,27787.0
27789,M8,"2 Beams,SS Beam,SW Beam","2 Beams,SS Beam,SW Beam",S3,742.2675170898438,27788.0
27792,M8,"2 Beams,SS Beam,SW Beam","2 Beams,SS Beam,SW Beam",S4,746.5335083007812,27791.0
27794,M8,"2 Beams,SS Beam,SW Beam","2 Beams,SS Beam,SW Beam",S3,616.6536254882812,27793.0
27796,M8,"2 Beams,SS Beam,SW Beam","2 Beams,SS Beam,SW Beam",S3,630.3515014648438,27795.0
27797,M8,"2 Beams,SS Beam,SW Beam","2 Beams,SS Beam,SW Beam",S3,625.317138671875,27796.0
27798,M8,"2 Beams,SS Beam,SW Beam","2 Beams,SS Beam,SW Beam",S3,615.2778930664062,27797.0
27804,M8,"2 Beams,SS Beam,SW Beam","2 Beams,SS Beam,SW Beam",S3,618.5025024414062,27803.0
27810,M8,Ohmic,Ohmic,S4,763.665771484375,25893.0
27819,M8,Ohmic,Ohmic,,12.427515983581543,25723.0
27820,M8,Ohmic,Ohmic,S1,414.40301513671875,26963.0
27821,M8,SS Beam,SS Beam,S1,420.0849914550781,27820.0
27822,M8,Ohmic,Ohmic,S1,422.3544921875,27821.0
27823,M8,SS Beam,SS Beam,S1,434.2122497558594,27822.0
27825,M8,SW Beam,SW Beam,S1,429.1059875488281,27824.0
27826,M8,SW Beam,SW Beam,S1,413.67999267578125,26963.0
27828,M8,Ohmic,Ohmic,S1,413.6128845214844,27827.0
27830,M8,SW Beam,SW Beam,S1,427.1495056152344,27829.0
27836,M8,Ohmic,Ohmic,S2,769.3930053710938,25893.0
27837,M8,"2 Beams,SS Beam,SW Beam","2 Beams,SS Beam,SW Beam",S7,799.5040283203125,27258.0
27838,M8,"2 Beams,SS Beam,SW Beam","2 Beams,SS Beam,SW Beam",S7,791.97998046875,27258.0
27858,M8,Ohmic,Ohmic,S4,765.270263671875,25893.0
27859,M8,"2 Beams,SS Beam,SW Beam","2 Beams,SS Beam,SW Beam",S7,788.6389770507812,27838.0
27860,M8,SS Beam,SS Beam,S7,728.1804809570312,27859.0
27862,M8,"2 Beams,SS Beam,SW Beam","2 Beams,SS Beam,SW Beam",S7,792.8619995117188,27860.0
27863,M8,"2 Beams,SS Beam,SW Beam","2 Beams,SS Beam,SW Beam",S7,785.3759765625,27862.0
27865,M8,"2 Beams,SS Beam,SW Beam","2 Beams,SS Beam,SW Beam",S7,782.1715087890625,27864.0
27866,M8,"2 Beams,SS Beam,SW Beam","2 Beams,SS Beam,SW Beam",S7,796.5850219726562,27860.0
27879,M8,Ohmic,Ohmic,S6,416.3837585449219,26963.0
27881,M8,Ohmic,Ohmic,S4,733.437744140625,27350.0
27882,M8,Ohmic,Ohmic,S4,768.842529296875,27350.0
27885,M8,Ohmic,Ohmic,S2,760.3487548828125,25893.0
27892,M8,"2 Beams,SS Beam,SW Beam","2 Beams,SS Beam,SW Beam",S3,636.2255249023438,27811.0
27899,M8,"2 Beams,SS Beam,SW Beam","2 Beams,SS Beam,SW Beam",S5,905.510009765625,27310.0
27901,M8,"2 Beams,SS Beam,SW Beam","2 Beams,SS Beam,SW Beam",S3,902.593994140625,27899.0
27904,M8,"2 Beams,SS Beam,SW Beam","2 Beams,SS Beam,SW Beam",S5,894.3779907226562,27903.0
27905,M8,"2 Beams,SS Beam,SW Beam","2 Beams,SS Beam,SW Beam",S5,901.989990234375,27904.0
27907,M8,"2 Beams,SS Beam,SW Beam","2 Beams,SS Beam,SW Beam",S5,899.448974609375,27905.0
27908,M8,"2 Beams,SS Beam,SW Beam","2 Beams,SS Beam,SW Beam",S5,902.7039794921875,27907.0
27912,M8,SS Beam,SS Beam,S4,799.9315185546875,27297.0
27918,M8,"2 Beams,SS Beam,SW Beam","2 Beams,SS Beam,SW Beam",S5,900.4354858398438,26789.0
27919,M8,"2 Beams,SS Beam,SW Beam","2 Beams,SS Beam,SW Beam",S5,896.7965087890625,26789.0
27920,M8,"2 Beams,SS Beam,SW Beam","2 Beams,SS Beam,SW Beam",S4,895.5490112304688,26789.0
27926,M8,"2 Beams,SS Beam,SW Beam","2 Beams,SS Beam,SW Beam",S5,890.0599975585938,27924.0
27927,M8,"2 Beams,SS Beam,SW Beam","2 Beams,SS Beam,SW Beam",S4,887.0394897460938,27924.0
27928,M8,"2 Beams,SS Beam,SW Beam","2 Beams,SS Beam,SW Beam",,892.2789916992188,27924.0
27932,M8,SS Beam,SS Beam,S3,622.052978515625,27930.0
27933,M8,"2 Beams,SS Beam,SW Beam","2 Beams,SS Beam,SW Beam",S3,619.60400390625,27932.0
27934,M8,SS Beam,SS Beam,S3,616.6580200195312,27932.0
27935,M8,SS Beam,SS Beam,S3,617.3886108398438,27932.0
27936,M8,SS Beam,SS Beam,S3,625.7796020507812,27932.0
27938,M8,SS Beam,SS Beam,S3,627.2659912109375,27932.0
27941,M8,Ohmic,Ohmic,S4,758.4324951171875,25893.0
27943,M8,Ohmic,Ohmic,S4,739.447021484375,27350.0
27944,M8,Ohmic,Ohmic,S4,741.56201171875,27350.0
27945,M8,Ohmic,Ohmic,S4,732.791259765625,27350.0
27946,M8,Ohmic,Ohmic,S4,737.0330200195312,27736.0
27953,M8,Ohmic,Ohmic,S4,733.9349975585938,27952.0
27959,M8,Ohmic,Ohmic,S4,761.2137451171875,27941.0
27960,M8,Ohmic,Ohmic,S4,736.6812744140625,27945.0
27962,M8,Ohmic,Ohmic,S4,734.16748046875,27945.0
27966,M8,Ohmic,Ohmic,,417.21075439453125,23795.0
27969,M8,Ohmic,Ohmic,S1,410.9704895019531,27967.0
27995,M8,"2 Beams,SS Beam,SW Beam","2 Beams,SS Beam,SW Beam",S3,663.176513671875,27642.0
27970,M8,Ohmic,Ohmic,S1,415.37548828125,27969.0
27971,M8,Ohmic,Ohmic,S1,411.4825134277344,27970.0
27972,M8,Ohmic,Ohmic,S4,738.6209716796875,26600.0
27990,M8,Ohmic,Ohmic,S2,772.3770141601562,25893.0
27993,M8,Ohmic,Ohmic,S4,769.61474609375,25893.0
27994,M8,"2 Beams,SS Beam,SW Beam","2 Beams,SS Beam,SW Beam",S3,664.0859985351562,27642.0
28006,M8,"2 Beams,SS Beam,SW Beam","2 Beams,SS Beam,SW Beam",S3,643.3709716796875,27760.0
28009,M8,Ohmic,Ohmic,S2,774.1377563476562,25893.0
28010,M8,SS Beam,SS Beam,S5,826.0614013671875,27251.0
28011,M8,SS Beam,SS Beam,S5,822.1487426757812,27251.0
28013,M8,"2 Beams,SS Beam,SW Beam","2 Beams,SS Beam,SW Beam",S7,823.073974609375,27403.0
28017,M8,"2 Beams,SS Beam,SW Beam","2 Beams,SS Beam,SW Beam",S7,819.759521484375,27403.0
28019,M8,"2 Beams,SS Beam,SW Beam","2 Beams,SS Beam,SW Beam",S7,899.5205078125,27403.0
28020,M8,"2 Beams,SS Beam,SW Beam","2 Beams,SS Beam,SW Beam",S7,879.8305053710938,27403.0
28024,M8,Ohmic,Ohmic,S4,744.6519775390625,27962.0
28025,M8,Ohmic,Ohmic,S4,737.9567260742188,28024.0
28026,M8,Ohmic,Ohmic,S4,742.7947387695312,28025.0
28029,M8,"2 Beams,SS Beam,SW Beam","2 Beams,SS Beam,SW Beam",S7,813.078369140625,28017.0
28034,M8,"2 Beams,SS Beam,SW Beam","2 Beams,SS Beam,SW Beam",S5,821.495849609375,28017.0
28040,M8,Ohmic,Ohmic,S2,775.5607299804688,25893.0
28042,M8,"2 Beams,SS Beam,SW Beam","2 Beams,SS Beam,SW Beam",S6,567.239990234375,27880.0
28047,M8,"2 Beams,SS Beam,SW Beam","2 Beams,SS Beam,SW Beam",S6,524.8245239257812,27552.0
28053,M8,SW Beam,SW Beam,S5,912.5609741210938,27326.0
28054,M8,SW Beam,SW Beam,S5,906.510498046875,27326.0
28055,M8,"2 Beams,SS Beam,SW Beam","2 Beams,SS Beam,SW Beam",S6,615.2625122070312,27330.0
28056,M8,"2 Beams,SS Beam,SW Beam","2 Beams,SS Beam,SW Beam",S6,610.0139770507812,28055.0
28058,M8,"2 Beams,SS Beam,SW Beam","2 Beams,SS Beam,SW Beam",S6,714.9819946289062,27336.0
28059,M8,"2 Beams,SS Beam,SW Beam","2 Beams,SS Beam,SW Beam",S6,705.16650390625,27336.0
28060,M8,"2 Beams,SS Beam,SW Beam","2 Beams,SS Beam,SW Beam",S5,917.4539794921875,27334.0
28063,M8,Ohmic,Ohmic,S2,777.9602661132812,25893.0
28064,M8,"2 Beams,SS Beam,SW Beam","2 Beams,SS Beam,SW Beam",S8,528.426025390625,28047.0
28065,M8,"2 Beams,SS Beam,SW Beam","2 Beams,SS Beam,SW Beam",S8,514.6179809570312,28047.0
28066,M8,"2 Beams,SS Beam,SW Beam","2 Beams,SS Beam,SW Beam",S8,520.0435180664062,28047.0
28067,M8,"2 Beams,SS Beam,SW Beam","2 Beams,SS Beam,SW Beam",S8,541.2994995117188,28047.0
28069,M8,SS Beam,SS Beam,S5,906.3759765625,27730.0
28070,M8,SS Beam,SS Beam,S5,904.7794799804688,27730.0
28083,M8,Ohmic,Ohmic,S5,779.7319946289062,25893.0
28089,M8,"2 Beams,SS Beam,SW Beam","2 Beams,SS Beam,SW Beam",S3,638.6740112304688,28006.0
28090,M8,"2 Beams,SS Beam,SW Beam","2 Beams,SS Beam,SW Beam",S6,609.4707641601562,27544.0
28095,M8,"2 Beams,SS Beam,SW Beam","2 Beams,SS Beam,SW Beam",S5,911.3140258789062,27317.0
28098,M8,SS Beam,SS Beam,S5,795.4724731445312,27912.0
28100,M8,SS Beam,SS Beam,S4,806.552490234375,27912.0
28101,M8,"2 Beams,SS Beam,SW Beam","2 Beams,SS Beam,SW Beam",S5,810.6614990234375,28100.0
28103,M8,SS Beam,SS Beam,S4,810.8049926757812,28100.0
28105,M8,SS Beam,SS Beam,S5,801.3175048828125,28103.0
28110,M8,"2 Beams,SS Beam,SW Beam","2 Beams,SS Beam,SW Beam",S6,660.57373046875,27553.0
28118,M8,"2 Beams,SS Beam,SW Beam","2 Beams,SS Beam,SW Beam",S6,626.7730102539062,27548.0
28124,M8,"2 Beams,SS Beam,SW Beam","2 Beams,SS Beam,SW Beam",S5,910.8720092773438,27693.0
28125,M8,Ohmic,Ohmic,S4,741.9537353515625,28026.0
28126,M8,Ohmic,Ohmic,S4,740.45751953125,28125.0
28127,M8,Ohmic,Ohmic,S4,739.126220703125,28126.0
28128,M8,"2 Beams,SS Beam,SW Beam","2 Beams,SS Beam,SW Beam",S5,906.509521484375,28124.0
28129,M8,"2 Beams,SS Beam,SW Beam","2 Beams,SS Beam,SW Beam",S5,911.4450073242188,28128.0
28130,M8,"2 Beams,SS Beam,SW Beam","2 Beams,SS Beam,SW Beam",S4,908.4445190429688,28128.0
28131,M8,"2 Beams,SS Beam,SW Beam","2 Beams,SS Beam,SW Beam",S5,908.1395263671875,28130.0
28134,M8,"2 Beams,SS Beam,SW Beam","2 Beams,SS Beam,SW Beam",S5,910.822509765625,28132.0
28135,M8,"2 Beams,SS Beam,SW Beam","2 Beams,SS Beam,SW Beam",S5,909.4710083007812,28124.0
28137,M8,"2 Beams,SS Beam,SW Beam","2 Beams,SS Beam,SW Beam",S5,906.427001953125,28124.0
28140,M8,Ohmic,Ohmic,S4,772.2622680664062,27941.0
28144,M8,"2 Beams,SS Beam,SW Beam","2 Beams,SS Beam,SW Beam",S5,911.281494140625,28143.0
28145,M8,"2 Beams,SS Beam,SW Beam","2 Beams,SS Beam,SW Beam",S3,658.03076171875,27998.0
28146,M8,SS Beam,SS Beam,S5,900.9464721679688,28144.0
28147,M8,"2 Beams,SS Beam,SW Beam","2 Beams,SS Beam,SW Beam",S5,912.5250244140625,28144.0
28148,M8,"2 Beams,SS Beam,SW Beam","2 Beams,SS Beam,SW Beam",S4,916.0654907226562,28147.0
28153,M8,"2 Beams,SS Beam,SW Beam","2 Beams,SS Beam,SW Beam",S6,609.8829956054688,27430.0
28156,M8,SS Beam,SS Beam,S6,613.4819946289062,27430.0
28157,M8,"2 Beams,SS Beam,SW Beam","2 Beams,SS Beam,SW Beam",S4,913.0910034179688,28149.0
28158,M8,"2 Beams,SS Beam,SW Beam","2 Beams,SS Beam,SW Beam",S3,653.1685180664062,28084.0
28159,M8,"2 Beams,SS Beam,SW Beam","2 Beams,SS Beam,SW Beam",S3,647.8920288085938,28084.0
28160,M8,"2 Beams,SS Beam,SW Beam","2 Beams,SS Beam,SW Beam",S3,648.8734741210938,28084.0
28161,M8,"2 Beams,SS Beam,SW Beam","2 Beams,SS Beam,SW Beam",S3,650.0750122070312,28084.0
28162,M8,"2 Beams,SS Beam,SW Beam","2 Beams,SS Beam,SW Beam",S3,651.448974609375,28084.0
28163,M8,"2 Beams,SS Beam,SW Beam","2 Beams,SS Beam,SW Beam",S8,444.6606140136719,18309.0
28164,M8,"2 Beams,SS Beam,SW Beam","2 Beams,SS Beam,SW Beam",S8,441.7284851074219,18309.0
28165,M8,"2 Beams,SS Beam,SW Beam","2 Beams,SS Beam,SW Beam",S8,444.3110046386719,18309.0
28168,M8,"2 Beams,SS Beam,SW Beam","2 Beams,SS Beam,SW Beam",S8,447.4106140136719,18309.0
28169,M8,Ohmic,Ohmic,S3,634.5360107421875,28084.0
28170,M8,Ohmic,Ohmic,S3,632.853515625,28084.0
28173,M8,Ohmic,Ohmic,S4,771.634521484375,28140.0
28176,M8,"2 Beams,SS Beam,SW Beam","2 Beams,SS Beam,SW Beam",S4,756.0239868164062,27767.0
28177,M8,"2 Beams,SS Beam,SW Beam","2 Beams,SS Beam,SW Beam",S3,754.33349609375,27767.0
28178,M8,"2 Beams,SS Beam,SW Beam","2 Beams,SS Beam,SW Beam",S4,752.0289916992188,27792.0
28179,M8,"2 Beams,SS Beam,SW Beam","2 Beams,SS Beam,SW Beam",S6,762.3544921875,27792.0
28180,M8,"2 Beams,SS Beam,SW Beam","2 Beams,SS Beam,SW Beam",S4,751.488525390625,27792.0
28181,M8,"2 Beams,SS Beam,SW Beam","2 Beams,SS Beam,SW Beam",S4,753.2069702148438,27792.0
28182,M8,SS Beam,SS Beam,S6,764.1284790039062,27792.0
28183,M8,SS Beam,SS Beam,S3,751.8895263671875,27775.0
28185,M8,SS Beam,SS Beam,S6,753.0009765625,28182.0
28186,M8,"2 Beams,SS Beam,SW Beam","2 Beams,SS Beam,SW Beam",S6,749.0560302734375,28182.0
28187,M8,"2 Beams,SS Beam,SW Beam","2 Beams,SS Beam,SW Beam",S6,761.0780029296875,28182.0
28188,M8,SS Beam,SS Beam,S5,805.1744995117188,28105.0
28189,M8,SS Beam,SS Beam,S4,809.1204833984375,28105.0
28191,M8,SS Beam,SS Beam,S5,799.62548828125,28105.0
28193,M8,SS Beam,SS Beam,S5,791.5999755859375,28105.0
28196,M8,Ohmic,Ohmic,S5,780.270263671875,25893.0
28197,M8,SS Beam,SS Beam,S5,807.5789794921875,27177.0
28200,M8,SS Beam,SS Beam,S4,796.2144775390625,28199.0
28202,M8,SS Beam,SS Beam,S5,779.6810302734375,28201.0
28203,M8,SS Beam,SS Beam,S5,777.6920166015625,28202.0
28204,M8,SS Beam,SS Beam,S5,779.3107299804688,28203.0
28208,M8,"2 Beams,SS Beam,SW Beam","2 Beams,SS Beam,SW Beam",S3,817.2869873046875,27762.0
28209,M8,"2 Beams,SS Beam,SW Beam","2 Beams,SS Beam,SW Beam",S3,811.1414794921875,27762.0
28219,M8,Ohmic,Ohmic,S2,768.9439697265625,25893.0
28221,M8,SS Beam,SS Beam,S6,611.073974609375,27724.0
28222,M8,SS Beam,SS Beam,S6,613.8732299804688,28221.0
28223,M8,SS Beam,SS Beam,S6,616.1669921875,28221.0
28225,M8,SS Beam,SS Beam,S6,613.8250122070312,28223.0
28226,M8,"2 Beams,SS Beam,SW Beam","2 Beams,SS Beam,SW Beam",S6,618.2181396484375,28221.0
28227,M8,"2 Beams,SS Beam,SW Beam","2 Beams,SS Beam,SW Beam",S6,616.1920166015625,28226.0
28228,M8,"2 Beams,SS Beam,SW Beam","2 Beams,SS Beam,SW Beam",S6,610.8159790039062,28227.0
28229,M8,"2 Beams,SS Beam,SW Beam","2 Beams,SS Beam,SW Beam",S6,603.6963500976562,28227.0
28230,M8,"2 Beams,SS Beam,SW Beam","2 Beams,SS Beam,SW Beam",S6,608.9803466796875,28227.0
28232,M8,"2 Beams,SS Beam,SW Beam","2 Beams,SS Beam,SW Beam",S3,447.0833740234375,28231.0
28233,M8,Ohmic,Ohmic,S4,736.780517578125,28127.0
28234,M8,Ohmic,Ohmic,S4,745.47802734375,28233.0
28235,M8,Ohmic,Ohmic,S3,779.8812255859375,28083.0
28253,M8,"2 Beams,SS Beam,SW Beam","2 Beams,SS Beam,SW Beam",,926.9409790039062,28251.0
28258,M8,Ohmic,Ohmic,,780.6192626953125,28257.0
28276,M8,"2 Beams,SS Beam,SW Beam","2 Beams,SS Beam,SW Beam",S8,812.0549926757812,28212.0
28278,M8,SW Beam,SW Beam,S8,803.1915283203125,28276.0
28280,M8,SS Beam,SS Beam,S8,813.9625244140625,28276.0
28282,M8,"2 Beams,SS Beam,SW Beam","2 Beams,SS Beam,SW Beam",S8,810.8604736328125,28276.0
28283,M8,SS Beam,SS Beam,S8,813.9099731445312,28276.0
28286,M8,"2 Beams,SS Beam,SW Beam","2 Beams,SS Beam,SW Beam",S8,827.8079833984375,28276.0
28287,M8,"2 Beams,SS Beam,SW Beam","2 Beams,SS Beam,SW Beam",S8,821.1304931640625,28276.0
28288,M8,SS Beam,SS Beam,S8,810.1945190429688,28276.0
28289,M8,"2 Beams,SS Beam,SW Beam","2 Beams,SS Beam,SW Beam",S8,813.6434936523438,28276.0
28290,M8,SS Beam,SS Beam,S8,816.9400024414062,28276.0
28291,M8,SS Beam,SS Beam,S8,813.5145263671875,28276.0
28292,M8,SW Beam,SW Beam,S8,811.9310302734375,28276.0
28295,M8,Ohmic,Ohmic,,-10.837519645690918,
28302,M8,SS Beam,SS Beam,S4,765.6849975585938,28200.0
28298,M8,SS Beam,SS Beam,S4,790.9010009765625,28200.0
28299,M8,Ohmic,Ohmic,S4,773.0272216796875,28200.0
28300,M8,Ohmic,Ohmic,S4,774.8250122070312,28200.0
28301,M8,Ohmic,Ohmic,S4,769.0040283203125,28200.0
28304,M8,"2 Beams,SS Beam,SW Beam","2 Beams,SS Beam,SW Beam",S3,663.3179931640625,27998.0
28311,M8,Ohmic,Ohmic,S3,777.3419799804688,28235.0
28313,M8,Ohmic,Ohmic,S4,771.20751953125,28312.0
28314,M8,Ohmic,Ohmic,S4,768.9149780273438,28313.0
28315,M8,SS Beam,SS Beam,S6,598.9462280273438,28055.0
28316,M8,"2 Beams,SS Beam,SW Beam","2 Beams,SS Beam,SW Beam",S6,617.7340087890625,28056.0
28317,M8,"2 Beams,SS Beam,SW Beam","2 Beams,SS Beam,SW Beam",S3,699.8150024414062,28059.0
28318,M8,SS Beam,SS Beam,S5,913.4545288085938,28053.0
28319,M8,SS Beam,SS Beam,S5,904.1685180664062,28054.0
28320,M8,SS Beam,SS Beam,S5,910.3604736328125,28054.0
28323,M8,SS Beam,SS Beam,S6,585.4859008789062,28315.0
28324,M8,"2 Beams,SS Beam,SW Beam","2 Beams,SS Beam,SW Beam",S6,598.7424926757812,28316.0
28326,M8,"2 Beams,SS Beam,SW Beam","2 Beams,SS Beam,SW Beam",S4,748.2894897460938,28177.0
28327,M8,"2 Beams,SS Beam,SW Beam","2 Beams,SS Beam,SW Beam",S4,745.6079711914062,28177.0
28328,M8,"2 Beams,SS Beam,SW Beam","2 Beams,SS Beam,SW Beam",S4,749.7880249023438,28177.0
28329,M8,"2 Beams,SS Beam,SW Beam","2 Beams,SS Beam,SW Beam",S4,741.77197265625,28177.0
28330,M8,"2 Beams,SS Beam,SW Beam","2 Beams,SS Beam,SW Beam",S4,753.0054931640625,28329.0
28333,M8,"2 Beams,SS Beam,SW Beam","2 Beams,SS Beam,SW Beam",S5,805.52001953125,28079.0
28335,M8,"2 Beams,SS Beam,SW Beam","2 Beams,SS Beam,SW Beam",S3,801.947509765625,28334.0
28336,M8,"2 Beams,SS Beam,SW Beam","2 Beams,SS Beam,SW Beam",S3,802.2545166015625,28335.0
28340,M8,"2 Beams,SS Beam,SW Beam","2 Beams,SS Beam,SW Beam",S4,801.0280151367188,28339.0
28343,M8,SS Beam,SS Beam,S4,812.6580200195312,28200.0
28344,M8,Ohmic,Ohmic,S4,762.1749877929688,28200.0
28345,M8,Ohmic,Ohmic,S4,771.436767578125,28200.0
28346,M8,Ohmic,Ohmic,S4,768.7705078125,28200.0
28347,M8,SS Beam,SS Beam,S4,770.7415161132812,28200.0
28348,M8,Ohmic,Ohmic,S6,644.6929931640625,26187.0
28349,M8,Ohmic,Ohmic,S6,637.3674926757812,26187.0
28350,M8,Ohmic,Ohmic,S6,637.9924926757812,26187.0
28351,M8,Ohmic,Ohmic,S6,642.5590209960938,26187.0
28473,M9,Ohmic,Ohmic,,12.922844,28418.0
28486,M9,Ohmic,Ohmic,,18.361984,28485.0
28487,M9,Ohmic,Ohmic,,23.306953,28486.0
28492,M9,Ohmic,Ohmic,,10.030375,28491.0
28542,M9,Ohmic,Ohmic,,-19.17376136779785,24529.0
28553,M9,Ohmic,Ohmic,,24.725374221801758,28552.0
28554,M9,Ohmic,Ohmic,,25.08690643310547,28553.0
28555,M9,Ohmic,Ohmic,,31.654077529907227,28547.0
28591,M9,Ohmic,Ohmic,,24.56246566772461,28590.0
28592,M9,Ohmic,Ohmic,,39.16513442993164,28590.0
28593,M9,Ohmic,Ohmic,,54.2492561340332,28592.0
28602,M9,Ohmic,Ohmic,,30.238561630249023,25522.0
28603,M9,Ohmic,Ohmic,,30.144062042236328,28602.0
28609,M9,Ohmic,Ohmic,,-10.982414245605469,28608.0
28617,M9,Ohmic,Ohmic,,10.654136657714844,28616.0
28619,M9,Ohmic,Ohmic,,-11.311152458190918,28609.0
28630,M9,Ohmic,Ohmic,,24.254093170166016,28625.0
28640,M9,Ohmic,Ohmic,,-18.17928123474121,24529.0
28649,M9,Ohmic,Ohmic,S4,-11.352189064025879,28645.0
28655,M9,SS Beam,SS Beam,S8,429.5817565917969,28654.0
28656,M9,Ohmic,Ohmic,S8,426.4892578125,28655.0
28657,M9,SS Beam,SS Beam,S1,430.0685119628906,28656.0
28687,M9,Ohmic,Ohmic,,124.74462127685547,27650.0
28689,M9,Ohmic,Ohmic,,124.86756134033203,28687.0
28690,M9,Ohmic,Ohmic,,123.32943725585938,28689.0
28744,M9,Ohmic,Ohmic,S1,428.6214904785156,28742.0
28745,M9,Ohmic,Ohmic,S1,434.93951416015625,28744.0
28747,M9,Ohmic,Ohmic,S6,600.39990234375,26517.0
28748,M9,Ohmic,Ohmic,S6,596.8798828125,26517.0
28749,M9,Ohmic,Ohmic,S6,601.0817260742188,26517.0
28750,M9,Ohmic,Ohmic,S6,601.8888549804688,26517.0
28751,M9,SS Beam,SS Beam,S6,596.7064819335938,28750.0
28752,M9,Ohmic,Ohmic,S6,597.6688842773438,28751.0
28755,M9,Ohmic,Ohmic,S6,596.4607543945312,28751.0
28757,M9,Ohmic,Ohmic,S6,598.8298950195312,28756.0
28758,M9,Ohmic,Ohmic,S6,603.4349975585938,28757.0
28763,M9,SS Beam,SS Beam,S6,604.1389770507812,28750.0
28764,M9,SS Beam,SS Beam,S6,605.0948486328125,28750.0
28765,M9,SS Beam,SS Beam,S6,603.3788452148438,28750.0
28773,M9,SS Beam,SS Beam,S6,603.9903564453125,28768.0
28774,M9,SS Beam,SS Beam,S6,608.7119750976562,28768.0
28775,M9,SS Beam,SS Beam,S8,462.1235046386719,28168.0
28776,M9,SS Beam,SS Beam,S8,457.91900634765625,28168.0
28778,M9,Ohmic,Ohmic,S6,559.657470703125,28777.0
28779,M9,Ohmic,Ohmic,S6,561.1637573242188,28778.0
28780,M9,Ohmic,Ohmic,S6,564.1382446289062,28779.0
28781,M9,Ohmic,Ohmic,S6,557.8827514648438,28780.0
28782,M9,SS Beam,SS Beam,S8,458.864501953125,28776.0
28783,M9,SS Beam,SS Beam,S3,654.5379028320312,
28784,M9,SS Beam,SS Beam,S3,645.531982421875,
28785,M9,SS Beam,SS Beam,S3,635.781005859375,26554.0
28786,M9,SS Beam,SS Beam,S3,630.0784912109375,26554.0
28787,M9,SS Beam,SS Beam,S5,889.2059936523438,26364.0
28788,M9,SS Beam,SS Beam,S5,910.9244995117188,26364.0
28791,M9,Ohmic,Ohmic,S1,431.27301025390625,26801.0
28798,M9,Ohmic,Ohmic,S8,527.5303955078125,28797.0
28801,M9,Ohmic,Ohmic,S6,550.4187622070312,28799.0
28814,M9,Ohmic,Ohmic,S1,426.8792419433594,28791.0
28802,M9,Ohmic,Ohmic,S6,547.8925170898438,28799.0
28803,M9,Ohmic,Ohmic,S6,552.4576416015625,28799.0
28804,M9,Ohmic,Ohmic,S6,547.5355224609375,28799.0
28808,M9,Ohmic,Ohmic,S6,550.9017333984375,28799.0
28809,M9,Ohmic,Ohmic,S6,555.8267211914062,28799.0
28811,M9,Ohmic,Ohmic,,562.8255004882812,28799.0
28815,M9,Ohmic,Ohmic,S1,427.1820068359375,28791.0
28816,M9,Ohmic,Ohmic,S1,430.1925048828125,28791.0
28817,M9,Ohmic,Ohmic,S1,453.5885009765625,28816.0
28818,M9,Ohmic,Ohmic,S1,440.85101318359375,28817.0
28819,M9,Ohmic,Ohmic,S1,467.17999267578125,28818.0
28820,M9,Ohmic,Ohmic,S1,467.7925109863281,28819.0
28823,M9,SS Beam,SS Beam,S6,599.8366088867188,28774.0
28824,M9,SS Beam,SS Beam,S6,598.7777709960938,28769.0
28825,M9,SS Beam,SS Beam,S6,599.8991088867188,28824.0
28826,M9,SS Beam,SS Beam,S6,601.677734375,28825.0
28827,M9,SS Beam,SS Beam,S6,600.7211303710938,28223.0
28828,M9,Ohmic,Ohmic,S6,595.657470703125,28827.0
28829,M9,Ohmic,Ohmic,S6,601.4099731445312,28827.0
28830,M9,Ohmic,Ohmic,S6,609.3690185546875,28827.0
28831,M9,SS Beam,SS Beam,S6,597.47900390625,28827.0
28833,M9,Ohmic,Ohmic,S6,591.6036376953125,28830.0
28834,M9,Ohmic,Ohmic,S6,592.0517578125,28830.0
28835,M9,SS Beam,SS Beam,S6,587.8900146484375,28830.0
28841,M9,SS Beam,SS Beam,S8,461.9367370605469,28796.0
28847,M9,Ohmic,Ohmic,S1,386.48199462890625,28818.0
28849,M9,Ohmic,Ohmic,S1,428.25048828125,28847.0
28851,M9,Ohmic,Ohmic,S1,436.5874938964844,28819.0
28852,M9,Ohmic,Ohmic,S1,427.6570129394531,28819.0
28853,M9,Ohmic,Ohmic,S1,435.61199951171875,28818.0
28854,M9,Ohmic,Ohmic,S1,435.0899963378906,28818.0
28855,M9,Ohmic,Ohmic,S4,749.81298828125,25953.0
28856,M9,Ohmic,Ohmic,S4,755.5875244140625,28855.0
28857,M9,Ohmic,Ohmic,S1,430.7770080566406,28818.0
28858,M9,Ohmic,Ohmic,S1,420.3837585449219,28818.0
28860,M9,Ohmic,Ohmic,S2,773.13623046875,28761.0
28863,M9,Ohmic,Ohmic,S2,773.4949951171875,28861.0
28864,M9,Ohmic,Ohmic,S2,780.6742553710938,28863.0
28866,M9,Ohmic,Ohmic,S1,425.1059875488281,28865.0
28867,M9,Ohmic,Ohmic,S2,772.7147216796875,28864.0
28868,M9,Ohmic,Ohmic,S1,421.3594970703125,28866.0
28887,M9,Ohmic,Ohmic,,30.480796813964844,28881.0
28889,M9,Ohmic,Ohmic,,12.487820625305176,28888.0
28890,M9,Ohmic,Ohmic,,28.384632110595703,28889.0
28891,M9,Ohmic,Ohmic,,33.93754577636719,28890.0
28897,M9,Ohmic,Ohmic,S6,589.7617797851562,28828.0
28898,M9,Ohmic,Ohmic,S6,587.922119140625,28897.0
28899,M9,Ohmic,Ohmic,S6,586.7011108398438,28898.0
28900,M9,Ohmic,Ohmic,S6,582.5732421875,28899.0
28901,M9,SW Beam,SW Beam,S6,616.8319702148438,28900.0
28902,M9,Ohmic,Ohmic,,25.041671752929688,28891.0
28906,M9,SW Beam,SW Beam,S6,609.3946533203125,28905.0
28907,M9,SW Beam,SW Beam,S6,626.0980224609375,28905.0
28909,M9,SW Beam,SW Beam,S6,602.4616088867188,28905.0
28910,M9,SW Beam,SW Beam,S6,601.9571533203125,28905.0
28911,M9,SW Beam,SW Beam,S8,446.5428161621094,28841.0
28921,M9,Ohmic,Ohmic,,26.397741317749023,28902.0
28922,M9,Ohmic,Ohmic,,14.995437622070312,28921.0
28952,M9,Ohmic,Ohmic,,54.559688568115234,28951.0
28926,M9,Ohmic,Ohmic,,34.02817153930664,28925.0
28951,M9,Ohmic,Ohmic,,48.99565505981445,28950.0
28929,M9,Ohmic,Ohmic,,38.80385971069336,28928.0
28933,M9,Ohmic,Ohmic,,36.481266021728516,28930.0
28935,M9,Ohmic,Ohmic,,42.88370132446289,28934.0
28938,M9,SW Beam,SW Beam,S6,601.4607543945312,28906.0
28940,M9,Ohmic,Ohmic,,41.60954666137695,28935.0
28941,M9,Ohmic,Ohmic,,49.472312927246094,28940.0
28942,M9,Ohmic,Ohmic,,52.493873596191406,28941.0
28946,M9,Ohmic,Ohmic,S5,774.8422241210938,28860.0
28947,M9,Ohmic,Ohmic,S5,53.90337371826172,28946.0
28949,M9,Ohmic,Ohmic,,42.14468765258789,28948.0
28950,M9,Ohmic,Ohmic,,43.24528121948242,28949.0
28956,M9,SW Beam,SW Beam,S6,588.9376220703125,28906.0
28957,M9,SW Beam,SW Beam,S8,454.4656982421875,28911.0
28958,M9,Ohmic,Ohmic,,41.780094146728516,28954.0
28959,M9,Ohmic,Ohmic,,56.89031219482422,28954.0
28962,M9,Ohmic,Ohmic,,35.82056427001953,28954.0
28963,M9,Ohmic,Ohmic,,69.9123764038086,28954.0
28972,M9,Ohmic,Ohmic,S1,429.0014953613281,28819.0
28976,M9,SW Beam,SW Beam,S1,429.2955017089844,26467.0
28977,M9,"2 Beams,SS Beam,SW Beam","2 Beams,SS Beam,SW Beam",S7,808.9044799804688,28973.0
28978,M9,"2 Beams,SS Beam,SW Beam","2 Beams,SS Beam,SW Beam",S8,452.95526123046875,28840.0
28980,M9,"2 Beams,SS Beam,SW Beam","2 Beams,SS Beam,SW Beam",S6,610.30126953125,28821.0
28982,M9,SS Beam,SS Beam,S5,909.3779907226562,28787.0
28985,M9,Ohmic,Ohmic,S1,458.8970642089844,28818.0
28986,M9,Ohmic,Ohmic,S1,421.18988037109375,28985.0
28988,M9,Ohmic,Ohmic,S1,429.5848693847656,28985.0
28993,M9,Ohmic,Ohmic,S1,433.0799865722656,28990.0
28994,M9,Ohmic,Ohmic,S1,427.8374938964844,28990.0
28995,M9,SW Beam,SW Beam,S1,434.00750732421875,28991.0
28996,M9,Ohmic,Ohmic,S1,415.4671325683594,28989.0
28997,M9,Ohmic,Ohmic,S6,584.9677734375,28833.0
28998,M9,Ohmic,Ohmic,S6,590.201904296875,28997.0
28999,M9,Ohmic,Ohmic,S6,594.655029296875,28998.0
29000,M9,Ohmic,Ohmic,S1,426.8554992675781,28849.0
29001,M9,Ohmic,Ohmic,S1,433.50299072265625,29000.0
29002,M9,Ohmic,Ohmic,S1,423.7593688964844,29001.0
29003,M9,SS Beam,SS Beam,S1,438.9945068359375,28972.0
29004,M9,SS Beam,SS Beam,S1,428.26300048828125,29003.0
29005,M9,Ohmic,Ohmic,S6,586.94287109375,28830.0
29007,M9,Ohmic,Ohmic,S6,587.875,29005.0
29009,M9,Ohmic,Ohmic,S1,418.0199890136719,28851.0
29011,M9,Ohmic,Ohmic,S1,428.77850341796875,28995.0
29012,M9,Ohmic,Ohmic,S1,425.5419921875,28995.0
29018,M9,Ohmic,Ohmic,S1,428.0320129394531,29009.0
29019,M9,Ohmic,Ohmic,S1,423.7959899902344,29018.0
29022,M9,Ohmic,Ohmic,S1,429.1787414550781,29021.0
29023,M9,Ohmic,Ohmic,S1,424.3340148925781,29004.0
29025,M9,SS Beam,SS Beam,S1,428.1603698730469,29023.0
29026,M9,Ohmic,Ohmic,S6,591.9593505859375,29007.0
29027,M9,Ohmic,Ohmic,S1,435.30523681640625,29018.0
29031,M9,"2 Beams,SS Beam,SW Beam","2 Beams,SS Beam,SW Beam",S7,644.9860229492188,27933.0
29033,M9,SW Beam,SW Beam,S7,798.1270141601562,28977.0
29034,M9,SS Beam,SS Beam,S7,794.3125,28977.0
29036,M9,"2 Beams,SS Beam,SW Beam","2 Beams,SS Beam,SW Beam",S7,797.2164916992188,28977.0
29038,M9,"2 Beams,SS Beam,SW Beam","2 Beams,SS Beam,SW Beam",S6,618.626220703125,28980.0
29046,M9,SS Beam,SS Beam,S3,632.21923828125,29031.0
29047,M9,SS Beam,SS Beam,S3,652.0467529296875,29046.0
29056,M9,SS Beam,SS Beam,S5,922.511474609375,28318.0
29059,M9,Ohmic,Ohmic,S1,431.9208679199219,28994.0
29062,M9,SS Beam,SS Beam,S4,794.8679809570312,29057.0
29071,M9,"2 Beams,SS Beam,SW Beam","2 Beams,SS Beam,SW Beam",S6,613.5419921875,28980.0
29072,M9,"2 Beams,SS Beam,SW Beam","2 Beams,SS Beam,SW Beam",S3,650.0752563476562,28783.0
29073,M9,"2 Beams,SS Beam,SW Beam","2 Beams,SS Beam,SW Beam",S3,646.6334838867188,28783.0
29074,M9,"2 Beams,SS Beam,SW Beam","2 Beams,SS Beam,SW Beam",S8,455.9068603515625,28979.0
29089,M9,SS Beam,SS Beam,S6,605.9620971679688,28980.0
29090,M9,SS Beam,SS Beam,S6,609.9191284179688,29089.0
29091,M9,"2 Beams,SS Beam,SW Beam","2 Beams,SS Beam,SW Beam",S8,451.9208679199219,29077.0
29092,M9,"2 Beams,SS Beam,SW Beam","2 Beams,SS Beam,SW Beam",S8,452.3372497558594,29077.0
29094,M9,"2 Beams,SS Beam,SW Beam","2 Beams,SS Beam,SW Beam",S3,650.7638549804688,29073.0
29113,M9,SS Beam,SS Beam,S5,910.405029296875,28787.0
29114,M9,SS Beam,SS Beam,S5,920.7639770507812,29113.0
29115,M9,SS Beam,SS Beam,S5,912.4555053710938,29114.0
29120,M9,Ohmic,Ohmic,S1,424.2539978027344,28818.0
29125,M9,SS Beam,SS Beam,S5,903.4310302734375,29114.0
29126,M9,SS Beam,SS Beam,S5,902.1959838867188,29114.0
29128,M9,SS Beam,SS Beam,S5,907.3690185546875,29126.0
29129,M9,SS Beam,SS Beam,S5,911.2930297851562,29126.0
29131,M9,"2 Beams,SS Beam,SW Beam","2 Beams,SS Beam,SW Beam",S5,911.8569946289062,28982.0
29132,M9,"2 Beams,SS Beam,SW Beam","2 Beams,SS Beam,SW Beam",S5,913.427978515625,28982.0
29133,M9,"2 Beams,SS Beam,SW Beam","2 Beams,SS Beam,SW Beam",S5,933.1680297851562,29132.0
29136,M9,Ohmic,Ohmic,S1,423.8504943847656,28818.0
29143,M9,SS Beam,SS Beam,S1,415.1471252441406,29138.0
29137,M9,Ohmic,Ohmic,S1,428.8133850097656,29136.0
29138,M9,Ohmic,Ohmic,S1,425.2698669433594,29136.0
29139,M9,"2 Beams,SS Beam,SW Beam","2 Beams,SS Beam,SW Beam",S5,920.6790161132812,29133.0
29142,M9,"2 Beams,SS Beam,SW Beam","2 Beams,SS Beam,SW Beam",S5,925.9929809570312,29141.0
29144,M9,SS Beam,SS Beam,S1,415.1625061035156,29143.0
29146,M9,Ohmic,Ohmic,S1,424.0224914550781,29143.0
29148,M9,Ohmic,Ohmic,S1,430.49749755859375,29146.0
29149,M9,SS Beam,SS Beam,S1,432.82501220703125,29146.0
29150,M9,Ohmic,Ohmic,S1,422.2332458496094,29149.0
29161,M9,"2 Beams,SS Beam,SW Beam","2 Beams,SS Beam,SW Beam",S4,760.9215087890625,26498.0
29165,M9,Ohmic,Ohmic,S3,640.7578735351562,29094.0
29168,M9,Ohmic,Ohmic,S6,642.0628662109375,29007.0
29169,M9,SW Beam,SW Beam,S7,791.8389892578125,29164.0
29177,M9,SW Beam,SW Beam,S7,791.9990234375,29169.0
29181,M9,"2 Beams,SS Beam,SW Beam","2 Beams,SS Beam,SW Beam",S5,906.0989990234375,28982.0
29182,M9,"2 Beams,SS Beam,SW Beam","2 Beams,SS Beam,SW Beam",S5,907.9569702148438,28982.0
29190,M9,"2 Beams,SS Beam,SW Beam","2 Beams,SS Beam,SW Beam",S7,818.0494995117188,28282.0
29194,M9,"2 Beams,SS Beam,SW Beam","2 Beams,SS Beam,SW Beam",S7,792.5330200195312,29176.0
29195,M9,SS Beam,SS Beam,S7,788.6624755859375,29176.0
29196,M9,SW Beam,SW Beam,S7,786.2940063476562,29176.0
29198,M9,"2 Beams,SS Beam,SW Beam","2 Beams,SS Beam,SW Beam",S7,814.927978515625,29190.0
29199,M9,SS Beam,SS Beam,S7,814.1649780273438,29198.0
29201,M9,"2 Beams,SS Beam,SW Beam","2 Beams,SS Beam,SW Beam",S7,821.2965087890625,29200.0
29203,M9,SS Beam,SS Beam,S7,815.4534912109375,29202.0
29205,M9,"2 Beams,SS Beam,SW Beam","2 Beams,SS Beam,SW Beam",S7,814.5545043945312,29204.0
29206,M9,"2 Beams,SS Beam,SW Beam","2 Beams,SS Beam,SW Beam",S7,790.5554809570312,29194.0
29207,M9,"2 Beams,SS Beam,SW Beam","2 Beams,SS Beam,SW Beam",S5,907.7979736328125,29182.0
29208,M9,"2 Beams,SS Beam,SW Beam","2 Beams,SS Beam,SW Beam",S5,907.2020263671875,29207.0
29209,M9,"2 Beams,SS Beam,SW Beam","2 Beams,SS Beam,SW Beam",S5,908.8930053710938,29208.0
29210,M9,"2 Beams,SS Beam,SW Beam","2 Beams,SS Beam,SW Beam",S5,912.4509887695312,29209.0
29219,M9,"2 Beams,SS Beam,SW Beam","2 Beams,SS Beam,SW Beam",S7,796.260498046875,29215.0
29221,M9,"2 Beams,SS Beam,SW Beam","2 Beams,SS Beam,SW Beam",S4,810.1434936523438,29219.0
29222,M9,SS Beam,SS Beam,S4,795.468994140625,29221.0
29230,M9,SW Beam,SW Beam,S7,802.6259765625,28977.0
29231,M9,"2 Beams,SS Beam,SW Beam","2 Beams,SS Beam,SW Beam",S7,808.5239868164062,28977.0
29235,M9,"2 Beams,SS Beam,SW Beam","2 Beams,SS Beam,SW Beam",S7,807.5349731445312,28977.0
29236,M9,"2 Beams,SS Beam,SW Beam","2 Beams,SS Beam,SW Beam",S7,807.842529296875,28977.0
29237,M9,"2 Beams,SS Beam,SW Beam","2 Beams,SS Beam,SW Beam",S7,809.7219848632812,28977.0
29238,M9,"2 Beams,SS Beam,SW Beam","2 Beams,SS Beam,SW Beam",S7,800.5205078125,28977.0
29239,M9,"2 Beams,SS Beam,SW Beam","2 Beams,SS Beam,SW Beam",S7,805.4450073242188,28977.0
29240,M9,"2 Beams,SS Beam,SW Beam","2 Beams,SS Beam,SW Beam",S7,794.3619995117188,28977.0
29242,M9,"2 Beams,SS Beam,SW Beam","2 Beams,SS Beam,SW Beam",S7,801.156005859375,28977.0
29243,M9,"2 Beams,SS Beam,SW Beam","2 Beams,SS Beam,SW Beam",S7,795.2340087890625,28977.0
29245,M9,"2 Beams,SS Beam,SW Beam","2 Beams,SS Beam,SW Beam",S7,793.8385009765625,29194.0
29246,M9,"2 Beams,SS Beam,SW Beam","2 Beams,SS Beam,SW Beam",S3,643.64013671875,29031.0
29251,M9,"2 Beams,SS Beam,SW Beam","2 Beams,SS Beam,SW Beam",,802.0469970703125,29244.0
29261,M9,SS Beam,SS Beam,S5,914.4835205078125,28138.0
29262,M9,"2 Beams,SS Beam,SW Beam","2 Beams,SS Beam,SW Beam",S6,611.4710083007812,28323.0
29270,M9,SS Beam,SS Beam,S7,787.3585205078125,29251.0
29271,M9,"2 Beams,SS Beam,SW Beam","2 Beams,SS Beam,SW Beam",S7,808.6389770507812,29201.0
29273,M9,"2 Beams,SS Beam,SW Beam","2 Beams,SS Beam,SW Beam",S6,616.0180053710938,29262.0
29287,M9,Ohmic,Ohmic,,48.356842041015625,29286.0
29289,M9,Ohmic,Ohmic,,57.16828155517578,29287.0
29294,M9,Ohmic,Ohmic,,106.13729858398438,28874.0
29297,M9,Ohmic,Ohmic,,36.255435943603516,29291.0
29301,M9,Ohmic,Ohmic,S8,716.1983642578125,28860.0
29303,M9,SS Beam,SS Beam,S5,910.217529296875,29276.0
29309,M9,Ohmic,Ohmic,,44.602561950683594,29297.0
29331,M9,Ohmic,Ohmic,S1,426.9747619628906,29330.0
29333,M9,Ohmic,Ohmic,S6,586.8209838867188,29089.0
29341,M9,Ohmic,Ohmic,S2,242.74954223632812,29301.0
29345,M9,SS Beam,SS Beam,S3,639.994384765625,29156.0
29346,M9,SS Beam,SS Beam,S8,447.4024963378906,29296.0
29347,M9,"2 Beams,SS Beam,SW Beam","2 Beams,SS Beam,SW Beam",S8,446.46612548828125,29274.0
29399,M9,"2 Beams,SS Beam,SW Beam","2 Beams,SS Beam,SW Beam",S7,799.6954956054688,28977.0
29400,M9,"2 Beams,SS Beam,SW Beam","2 Beams,SS Beam,SW Beam",S7,800.635498046875,29399.0
29401,M9,"2 Beams,SS Beam,SW Beam","2 Beams,SS Beam,SW Beam",S7,795.4559936523438,29400.0
29402,M9,"2 Beams,SS Beam,SW Beam","2 Beams,SS Beam,SW Beam",S7,789.301025390625,29401.0
29406,M9,SS Beam,SS Beam,S6,588.1425170898438,29090.0
29407,M9,SS Beam,SS Beam,S6,598.5502319335938,29090.0
29411,M9,SS Beam,SS Beam,S3,637.5905151367188,29361.0
29412,M9,SS Beam,SS Beam,S3,638.5560302734375,29361.0
29414,M9,SS Beam,SS Beam,S3,641.3656005859375,29361.0
29415,M9,SS Beam,SS Beam,S3,639.0059814453125,29361.0
29416,M9,"2 Beams,SS Beam,SW Beam","2 Beams,SS Beam,SW Beam",S6,607.2857666015625,29262.0
29417,M9,"2 Beams,SS Beam,SW Beam","2 Beams,SS Beam,SW Beam",S6,601.0771484375,29262.0
29418,M9,"2 Beams,SS Beam,SW Beam","2 Beams,SS Beam,SW Beam",S6,612.681640625,29417.0
29419,M9,"2 Beams,SS Beam,SW Beam","2 Beams,SS Beam,SW Beam",S6,608.9306030273438,29418.0
29420,M9,"2 Beams,SS Beam,SW Beam","2 Beams,SS Beam,SW Beam",S6,627.343994140625,29417.0
29421,M9,"2 Beams,SS Beam,SW Beam","2 Beams,SS Beam,SW Beam",S6,612.4000244140625,29417.0
29423,M9,"2 Beams,SS Beam,SW Beam","2 Beams,SS Beam,SW Beam",S6,615.0753784179688,29421.0
29424,M9,SS Beam,SS Beam,S5,913.14501953125,29261.0
29425,M9,SS Beam,SS Beam,S5,907.1279907226562,29424.0
29426,M9,SS Beam,SS Beam,S5,918.6430053710938,29425.0
29427,M9,SS Beam,SS Beam,S5,919.0670166015625,29425.0
29428,M9,"2 Beams,SS Beam,SW Beam","2 Beams,SS Beam,SW Beam",S5,922.4644775390625,28146.0
29429,M9,"2 Beams,SS Beam,SW Beam","2 Beams,SS Beam,SW Beam",S5,909.094970703125,29428.0
29436,M9,Ohmic,Ohmic,S1,427.13836669921875,28814.0
29437,M9,Ohmic,Ohmic,S1,425.90313720703125,28814.0
29442,M9,SS Beam,SS Beam,S6,597.1103515625,29333.0
29447,M9,"2 Beams,SS Beam,SW Beam","2 Beams,SS Beam,SW Beam",S5,914.8790283203125,29365.0
29451,M9,"2 Beams,SS Beam,SW Beam","2 Beams,SS Beam,SW Beam",S5,914.85302734375,29181.0
29452,M9,"2 Beams,SS Beam,SW Beam","2 Beams,SS Beam,SW Beam",S5,910.5419921875,29181.0
29454,M9,"2 Beams,SS Beam,SW Beam","2 Beams,SS Beam,SW Beam",S5,902.6810302734375,29181.0
29455,M9,SS Beam,SS Beam,S5,911.551025390625,29447.0
29465,M9,Ohmic,Ohmic,S6,586.8031005859375,29464.0
29470,M9,"2 Beams,SS Beam,SW Beam","2 Beams,SS Beam,SW Beam",S5,906.5999755859375,29455.0
29485,M9,"2 Beams,SS Beam,SW Beam","2 Beams,SS Beam,SW Beam",S7,803.6704711914062,29484.0
29486,M9,"2 Beams,SS Beam,SW Beam","2 Beams,SS Beam,SW Beam",S5,910.9099731445312,29398.0
29487,M9,SS Beam,SS Beam,S5,898.7545166015625,29486.0
29493,M9,SS Beam,SS Beam,S6,544.0628662109375,29485.0
29495,M9,"2 Beams,SS Beam,SW Beam","2 Beams,SS Beam,SW Beam",S6,556.489501953125,29493.0
29500,M9,Ohmic,Ohmic,S1,425.2690124511719,29003.0
29506,M9,"2 Beams,SS Beam,SW Beam","2 Beams,SS Beam,SW Beam",S5,916.2579956054688,29454.0
29507,M9,"2 Beams,SS Beam,SW Beam","2 Beams,SS Beam,SW Beam",S5,911.9180297851562,29454.0
29538,M9,Ohmic,Ohmic,S3,639.2577514648438,29411.0
29539,M9,SS Beam,SS Beam,S3,639.967529296875,29411.0
29541,M9,SS Beam,SS Beam,S3,642.5159912109375,29539.0
29543,M9,SS Beam,SS Beam,S5,901.1810302734375,29450.0
29547,M9,SS Beam,SS Beam,S6,599.3353881835938,29542.0
29561,M9,SS Beam,SS Beam,S3,644.677734375,29541.0
29562,M9,SS Beam,SS Beam,S3,643.3961181640625,29541.0
29563,M9,SS Beam,SS Beam,S3,640.8667602539062,29541.0
29564,M9,SS Beam,SS Beam,S3,643.0342407226562,29541.0
29565,M9,SS Beam,SS Beam,S6,596.2421264648438,29441.0
29569,M9,SS Beam,SS Beam,S6,602.561279296875,29441.0
29570,M9,SS Beam,SS Beam,S7,827.1414794921875,29203.0
29572,M9,SS Beam,SS Beam,S4,744.1209716796875,29571.0
29575,M9,Ohmic,Ohmic,S1,423.521240234375,28814.0
29584,M9,SW Beam,SW Beam,S5,805.7589721679688,28193.0
29585,M9,SW Beam,SW Beam,S5,828.3289794921875,29584.0
29590,M9,SW Beam,SW Beam,S5,799.4169921875,29585.0
29593,M9,SW Beam,SW Beam,S5,799.9459838867188,29590.0
29595,M9,SW Beam,SW Beam,S5,797.5869750976562,29594.0
29596,M9,SW Beam,SW Beam,S5,798.6234741210938,29595.0
29597,M9,SW Beam,SW Beam,S5,804.9539794921875,29596.0
29598,M9,SW Beam,SW Beam,S5,801.5444946289062,29596.0
29601,M9,Ohmic,Ohmic,S5,898.7559814453125,29599.0
29602,M9,Ohmic,Ohmic,S5,896.7150268554688,29601.0
29603,M9,Ohmic,Ohmic,S5,904.2559814453125,29602.0
29606,M9,Ohmic,Ohmic,S3,637.7205200195312,29541.0
29608,M9,Ohmic,Ohmic,S3,634.9812622070312,29607.0
29609,M9,Ohmic,Ohmic,S6,645.03759765625,29168.0
29610,M9,Ohmic,Ohmic,S1,426.6940002441406,29500.0
29611,M9,Ohmic,Ohmic,S3,634.4677734375,29606.0
29615,M9,Ohmic,Ohmic,S1,427.4574890136719,29610.0
29621,M9,Ohmic,Ohmic,S1,428.468994140625,29615.0
29622,M9,Ohmic,Ohmic,S1,428.6625061035156,29621.0
29628,M9,SW Beam,SW Beam,S3,641.0692749023438,29625.0
29630,M9,SW Beam,SW Beam,S6,597.7333984375,29547.0
29631,M9,SW Beam,SW Beam,S6,600.17626953125,29547.0
29632,M9,SW Beam,SW Beam,S6,596.2808837890625,29547.0
29633,M9,SW Beam,SW Beam,S6,595.30126953125,29632.0
29634,M9,SW Beam,SW Beam,S6,592.2333984375,29633.0
29637,M9,SW Beam,SW Beam,S8,450.8485107421875,29346.0
29641,M9,SW Beam,SW Beam,S8,449.0012512207031,29640.0
29643,M9,SW Beam,SW Beam,S8,449.1412353515625,29642.0
29648,M9,SW Beam,SW Beam,S8,450.63037109375,29646.0
29650,M9,SW Beam,SW Beam,S3,647.3782348632812,29541.0
29651,M9,SW Beam,SW Beam,S3,643.3184814453125,29541.0
29656,M9,SW Beam,SW Beam,S3,641.2163696289062,29650.0
29668,M9,SW Beam,SW Beam,S3,640.1167602539062,29666.0
29669,M9,SW Beam,SW Beam,S8,452.3529968261719,29648.0
29681,M9,SW Beam,SW Beam,S8,445.1108703613281,29677.0
29693,M9,SW Beam,SW Beam,S8,448.96875,29689.0
29699,M9,SW Beam,SW Beam,S6,598.6302490234375,29630.0
29700,M9,SW Beam,SW Beam,S6,594.902099609375,29699.0
29705,M9,SW Beam,SW Beam,S6,597.1804809570312,29699.0
29707,M9,SW Beam,SW Beam,S6,596.8993530273438,29699.0
29714,M9,Ohmic,Ohmic,S1,422.2770080566406,29622.0
29717,M9,SW Beam,SW Beam,S3,646.8427734375,29446.0
29718,M9,SW Beam,SW Beam,S3,649.6875,29717.0
29720,M9,SW Beam,SW Beam,S8,443.64373779296875,29719.0
29723,M9,SW Beam,SW Beam,S7,817.5579833984375,29190.0
29724,M9,SW Beam,SW Beam,S7,815.4359741210938,29723.0
29752,M9,SW Beam,SW Beam,S6,594.186767578125,29398.0
29753,M9,SW Beam,SW Beam,S6,593.5396118164062,29751.0
29754,M9,SW Beam,SW Beam,S5,910.2319946289062,29591.0
29761,M9,SS Beam,SS Beam,S6,592.6922607421875,29759.0
29762,M9,"2 Beams,SS Beam,SW Beam","2 Beams,SS Beam,SW Beam",S5,903.4860229492188,29754.0
29763,M9,SS Beam,SS Beam,S6,595.4286499023438,29761.0
29764,M9,SS Beam,SS Beam,S6,594.0432739257812,29761.0
29782,M9,SS Beam,SS Beam,S8,448.32513427734375,29780.0
29785,M9,SS Beam,SS Beam,S5,795.9375,29598.0
29786,M9,"2 Beams,SS Beam,SW Beam","2 Beams,SS Beam,SW Beam",S5,810.3615112304688,29598.0
29790,M9,"2 Beams,SS Beam,SW Beam","2 Beams,SS Beam,SW Beam",S5,801.6594848632812,29598.0
29795,M9,"2 Beams,SS Beam,SW Beam","2 Beams,SS Beam,SW Beam",S6,602.4761352539062,29753.0
29803,M9,SS Beam,SS Beam,S3,641.9142456054688,29792.0
29823,M9,"2 Beams,SS Beam,SW Beam","2 Beams,SS Beam,SW Beam",S6,897.2055053710938,26789.0
29824,M9,"2 Beams,SS Beam,SW Beam","2 Beams,SS Beam,SW Beam",S6,909.7160034179688,29823.0
29826,M9,"2 Beams,SS Beam,SW Beam","2 Beams,SS Beam,SW Beam",S8,437.70361328125,29825.0
29827,M9,SS Beam,SS Beam,S8,435.1912536621094,29826.0
29840,M9,Ohmic,Ohmic,S1,425.0998840332031,29019.0
29848,M9,SS Beam,SS Beam,S6,608.941650390625,27147.0
29849,M9,SS Beam,SS Beam,S6,617.7101440429688,27148.0
29852,M9,SS Beam,SS Beam,S6,607.5851440429688,29848.0
29879,M9,SS Beam,SS Beam,S6,591.9502563476562,28906.0
29880,M9,SS Beam,SS Beam,S6,591.3673706054688,29879.0
29881,M9,SS Beam,SS Beam,S6,590.972900390625,29879.0
29882,M9,SS Beam,SS Beam,S6,590.957275390625,29881.0
29884,M9,SS Beam,SS Beam,S6,595.92822265625,29883.0
29885,M9,SS Beam,SS Beam,S6,588.89111328125,29884.0
29887,M9,SS Beam,SS Beam,S3,647.1647338867188,29886.0
29891,M9,SS Beam,SS Beam,S8,445.93536376953125,29888.0
29894,M9,"2 Beams,SS Beam,SW Beam","2 Beams,SS Beam,SW Beam",S5,900.64697265625,29823.0
29895,M9,"2 Beams,SS Beam,SW Beam","2 Beams,SS Beam,SW Beam",S5,902.2349853515625,29823.0
29896,M9,"2 Beams,SS Beam,SW Beam","2 Beams,SS Beam,SW Beam",S5,908.386474609375,29823.0
29902,M9,SS Beam,SS Beam,S7,790.8049926757812,29195.0
29904,M9,SS Beam,SS Beam,S7,789.1309814453125,29903.0
29905,M9,SS Beam,SS Beam,S7,788.228515625,29904.0
29906,M9,SS Beam,SS Beam,S7,783.9555053710938,29905.0
29908,M9,SS Beam,SS Beam,S7,787.3829956054688,29907.0
29909,M9,SS Beam,SS Beam,S7,785.5855102539062,29908.0
29910,M9,SS Beam,SS Beam,S7,784.157470703125,29909.0
29917,M9,SS Beam,SS Beam,S7,798.16748046875,29222.0
29923,M9,SS Beam,SS Beam,S7,797.5885009765625,29222.0
29924,M9,SS Beam,SS Beam,S7,792.9099731445312,29222.0
29928,M9,SS Beam,SS Beam,S7,797.0850219726562,29222.0
29929,M9,SS Beam,SS Beam,S7,798.9539794921875,29222.0
29931,M9,SS Beam,SS Beam,S7,796.6259765625,29222.0
29948,M9,SW Beam,SW Beam,S8,450.3631286621094,29947.0
29958,M9,"2 Beams,SS Beam,SW Beam","2 Beams,SS Beam,SW Beam",S6,638.3179931640625,29168.0
29960,M9,"2 Beams,SS Beam,SW Beam","2 Beams,SS Beam,SW Beam",S6,644.0586547851562,29958.0
29964,M9,SS Beam,SS Beam,S3,638.9644775390625,29248.0
29972,M9,"2 Beams,SS Beam,SW Beam","2 Beams,SS Beam,SW Beam",S6,641.046875,29966.0
29974,M9,Ohmic,Ohmic,S3,640.375,29964.0
29975,M9,"2 Beams,SS Beam,SW Beam","2 Beams,SS Beam,SW Beam",S5,800.3920288085938,29790.0
29976,M9,"2 Beams,SS Beam,SW Beam","2 Beams,SS Beam,SW Beam",S5,804.6380004882812,29790.0
29978,M9,"2 Beams,SS Beam,SW Beam","2 Beams,SS Beam,SW Beam",S5,803.2310180664062,29790.0
29981,M9,"2 Beams,SS Beam,SW Beam","2 Beams,SS Beam,SW Beam",S5,908.1699829101562,29470.0
29982,M9,"2 Beams,SS Beam,SW Beam","2 Beams,SS Beam,SW Beam",S5,912.8770141601562,29470.0
29983,M9,"2 Beams,SS Beam,SW Beam","2 Beams,SS Beam,SW Beam",S5,910.52099609375,29470.0
29991,M9,Ohmic,Ohmic,S6,588.947998046875,29990.0
29992,M9,SW Beam,SW Beam,S5,902.7990112304688,29604.0
29993,M9,SS Beam,SS Beam,S5,919.615478515625,28787.0
29994,M9,SS Beam,SS Beam,S5,917.9860229492188,29993.0
30020,M9,"2 Beams,SS Beam,SW Beam","2 Beams,SS Beam,SW Beam",S6,594.7164916992188,29699.0
30021,M9,"2 Beams,SS Beam,SW Beam","2 Beams,SS Beam,SW Beam",S6,596.34423828125,30020.0
30023,M9,"2 Beams,SS Beam,SW Beam","2 Beams,SS Beam,SW Beam",S6,582.3469848632812,30020.0
30026,M9,"2 Beams,SS Beam,SW Beam","2 Beams,SS Beam,SW Beam",S6,587.1395263671875,30023.0
30029,M9,SW Beam,SW Beam,S8,612.6853637695312,30028.0
30035,M9,"2 Beams,SS Beam,SW Beam","2 Beams,SS Beam,SW Beam",S6,624.4812622070312,30029.0
30036,M9,"2 Beams,SS Beam,SW Beam","2 Beams,SS Beam,SW Beam",S7,799.3184814453125,29036.0
30049,M9,"2 Beams,SS Beam,SW Beam","2 Beams,SS Beam,SW Beam",S5,915.843994140625,30017.0
30053,M9,SS Beam,SS Beam,S1,425.2568664550781,28818.0
30054,M9,SS Beam,SS Beam,S1,429.55450439453125,30053.0
30055,M9,SS Beam,SS Beam,S1,424.03326416015625,28972.0
30057,M9,SS Beam,SS Beam,S1,428.62451171875,30056.0
30058,M9,Ohmic,Ohmic,S5,894.3880004882812,29488.0
30059,M9,Ohmic,Ohmic,S5,890.2622680664062,30058.0
30073,M9,"2 Beams,SS Beam,SW Beam","2 Beams,SS Beam,SW Beam",S5,931.6890258789062,30072.0
30074,M9,"2 Beams,SS Beam,SW Beam","2 Beams,SS Beam,SW Beam",S5,924.0809936523438,30073.0
30075,M9,"2 Beams,SS Beam,SW Beam","2 Beams,SS Beam,SW Beam",S5,933.6300048828125,30074.0
30077,M9,"2 Beams,SS Beam,SW Beam","2 Beams,SS Beam,SW Beam",S5,908.60302734375,30074.0
30080,M9,SS Beam,SS Beam,S6,618.3494873046875,30035.0
30090,M9,"2 Beams,SS Beam,SW Beam","2 Beams,SS Beam,SW Beam",S8,445.9620056152344,30089.0
30101,M9,"2 Beams,SS Beam,SW Beam","2 Beams,SS Beam,SW Beam",S3,639.6220092773438,30044.0
30103,M9,"2 Beams,SS Beam,SW Beam","2 Beams,SS Beam,SW Beam",S5,923.5980224609375,30073.0
30104,M9,"2 Beams,SS Beam,SW Beam","2 Beams,SS Beam,SW Beam",S5,911.3884887695312,30103.0
30108,M9,SS Beam,SS Beam,S5,919.771484375,29994.0
30110,M9,SS Beam,SS Beam,S5,914.2670288085938,30108.0
30112,M9,SS Beam,SS Beam,S5,748.4580078125,30110.0
30113,M9,"2 Beams,SS Beam,SW Beam","2 Beams,SS Beam,SW Beam",S6,602.8468627929688,30111.0
30114,M9,"2 Beams,SS Beam,SW Beam","2 Beams,SS Beam,SW Beam",S6,605.2596435546875,30113.0
30115,M9,"2 Beams,SS Beam,SW Beam","2 Beams,SS Beam,SW Beam",S6,602.135498046875,30114.0
30116,M9,SS Beam,SS Beam,S5,748.603515625,30112.0
30117,M9,SS Beam,SS Beam,S5,744.3992309570312,30116.0
30121,M9,"2 Beams,SS Beam,SW Beam","2 Beams,SS Beam,SW Beam",S6,547.85986328125,29495.0
30122,M9,"2 Beams,SS Beam,SW Beam","2 Beams,SS Beam,SW Beam",S6,599.010498046875,29495.0
30123,M9,"2 Beams,SS Beam,SW Beam","2 Beams,SS Beam,SW Beam",S6,702.8159790039062,29495.0
30124,M9,"2 Beams,SS Beam,SW Beam","2 Beams,SS Beam,SW Beam",S6,906.7694702148438,29495.0
30142,M9,SS Beam,SS Beam,S3,641.464599609375,29803.0
30143,M9,SS Beam,SS Beam,S3,643.5761108398438,30142.0
30144,M9,SS Beam,SS Beam,S3,650.1187744140625,30143.0
30145,M9,SS Beam,SS Beam,S3,642.2306518554688,30144.0
30147,M9,SS Beam,SS Beam,S3,639.3718872070312,30145.0
30150,M9,"2 Beams,SS Beam,SW Beam","2 Beams,SS Beam,SW Beam",S4,755.0435180664062,29161.0
30151,M9,"2 Beams,SS Beam,SW Beam","2 Beams,SS Beam,SW Beam",S4,847.4089965820312,30150.0
30154,M9,SS Beam,SS Beam,S5,911.7874755859375,30153.0
30157,M9,SS Beam,SS Beam,S5,905.386474609375,30154.0
30158,M9,"2 Beams,SS Beam,SW Beam","2 Beams,SS Beam,SW Beam",S5,906.7305297851562,30157.0
30166,M9,SS Beam,SS Beam,S5,898.20849609375,30165.0
30167,M9,SW Beam,SW Beam,S5,901.5549926757812,30166.0
30168,M9,SW Beam,SW Beam,S5,908.9849853515625,30166.0
30169,M9,SW Beam,SW Beam,S5,903.113525390625,30166.0
30170,M9,SW Beam,SW Beam,S6,588.6309814453125,29753.0
30171,M9,SW Beam,SW Beam,S6,588.0136108398438,30170.0
30172,M9,SW Beam,SW Beam,S6,585.9667358398438,30171.0
30174,M9,"2 Beams,SS Beam,SW Beam","2 Beams,SS Beam,SW Beam",S8,453.7820129394531,30173.0
30182,M9,SS Beam,SS Beam,S4,751.8179931640625,29809.0
30184,M9,"2 Beams,SS Beam,SW Beam","2 Beams,SS Beam,SW Beam",S6,585.1329956054688,30026.0
30185,M9,SS Beam,SS Beam,S3,644.0859985351562,30144.0
30190,M9,"2 Beams,SS Beam,SW Beam","2 Beams,SS Beam,SW Beam",S6,603.0062255859375,29419.0
30192,M9,"2 Beams,SS Beam,SW Beam","2 Beams,SS Beam,SW Beam",S5,924.0089721679688,30158.0
30193,M9,"2 Beams,SS Beam,SW Beam","2 Beams,SS Beam,SW Beam",S5,916.7764892578125,30158.0
30197,M9,"2 Beams,SS Beam,SW Beam","2 Beams,SS Beam,SW Beam",S5,901.5269775390625,30194.0
30200,M9,"2 Beams,SS Beam,SW Beam","2 Beams,SS Beam,SW Beam",S5,913.2490234375,30197.0
30203,M9,"2 Beams,SS Beam,SW Beam","2 Beams,SS Beam,SW Beam",S5,898.843994140625,30197.0
30204,M9,"2 Beams,SS Beam,SW Beam","2 Beams,SS Beam,SW Beam",S5,897.5250244140625,30197.0
30208,M9,SS Beam,SS Beam,S3,640.484375,30184.0
30250,M9,Ohmic,Ohmic,S1,590.339111328125,28830.0
30251,M9,SS Beam,SS Beam,S6,593.287109375,30170.0
30252,M9,SS Beam,SS Beam,S6,586.6640014648438,30170.0
30253,M9,SS Beam,SS Beam,S6,585.2528686523438,30170.0
30254,M9,Ohmic,Ohmic,S1,426.974365234375,28814.0
30256,M9,"2 Beams,SS Beam,SW Beam","2 Beams,SS Beam,SW Beam",S5,916.5659790039062,29125.0
30264,M9,"2 Beams,SS Beam,SW Beam","2 Beams,SS Beam,SW Beam",S5,917.9619750976562,29139.0
30265,M9,"2 Beams,SS Beam,SW Beam","2 Beams,SS Beam,SW Beam",S3,646.822021484375,30093.0
30269,M9,"2 Beams,SS Beam,SW Beam","2 Beams,SS Beam,SW Beam",S3,645.2847290039062,30265.0
30275,M9,SS Beam,SS Beam,S6,601.609130859375,29089.0
30276,M9,"2 Beams,SS Beam,SW Beam","2 Beams,SS Beam,SW Beam",S8,505.85198974609375,30270.0
30283,M9,"2 Beams,SS Beam,SW Beam","2 Beams,SS Beam,SW Beam",S5,929.2105102539062,30074.0
30284,M9,"2 Beams,SS Beam,SW Beam","2 Beams,SS Beam,SW Beam",S5,921.593505859375,30283.0
30285,M9,"2 Beams,SS Beam,SW Beam","2 Beams,SS Beam,SW Beam",S5,922.9600219726562,30283.0
30289,M9,"2 Beams,SS Beam,SW Beam","2 Beams,SS Beam,SW Beam",S5,905.8590087890625,30158.0
30290,M9,"2 Beams,SS Beam,SW Beam","2 Beams,SS Beam,SW Beam",S5,905.3880004882812,30158.0
30298,M9,"2 Beams,SS Beam,SW Beam","2 Beams,SS Beam,SW Beam",S5,907.6580200195312,30291.0
30299,M9,"2 Beams,SS Beam,SW Beam","2 Beams,SS Beam,SW Beam",S5,910.032470703125,30291.0
30301,M9,"2 Beams,SS Beam,SW Beam","2 Beams,SS Beam,SW Beam",S5,922.5374755859375,30287.0
30304,M9,"2 Beams,SS Beam,SW Beam","2 Beams,SS Beam,SW Beam",S5,904.4320068359375,30299.0
30305,M9,"2 Beams,SS Beam,SW Beam","2 Beams,SS Beam,SW Beam",S5,909.0969848632812,30299.0
30306,M9,"2 Beams,SS Beam,SW Beam","2 Beams,SS Beam,SW Beam",S5,908.47900390625,30299.0
30311,M9,SS Beam,SS Beam,S6,600.8533935546875,30275.0
30312,M9,SS Beam,SS Beam,S6,597.1599731445312,30275.0
30317,M9,SS Beam,SS Beam,S1,421.026611328125,29138.0
30318,M9,SS Beam,SS Beam,S1,423.4830017089844,29138.0
30319,M9,SS Beam,SS Beam,S1,432.53948974609375,29138.0
30322,M9,"2 Beams,SS Beam,SW Beam","2 Beams,SS Beam,SW Beam",S8,450.1407470703125,29347.0
30323,M9,SS Beam,SS Beam,S8,453.00274658203125,29347.0
30325,M9,"2 Beams,SS Beam,SW Beam","2 Beams,SS Beam,SW Beam",S6,599.7239990234375,30314.0
30336,M9,SS Beam,SS Beam,S1,520.1589965820312,30335.0
30337,M9,Ohmic,Ohmic,S6,569.6680297851562,28810.0
30338,M9,Ohmic,Ohmic,S6,557.6685180664062,28810.0
30342,M9,Ohmic,Ohmic,S1,424.0416259765625,30318.0
30348,M9,SS Beam,SS Beam,S3,791.7642211914062,29724.0
30351,M9,SS Beam,SS Beam,S8,451.57525634765625,30344.0
30353,M9,SS Beam,SS Beam,S4,747.33447265625,30352.0
30355,M9,SS Beam,SS Beam,S3,752.7930297851562,30353.0
30356,M9,SS Beam,SS Beam,S4,754.8599853515625,30353.0
30358,M9,"2 Beams,SS Beam,SW Beam","2 Beams,SS Beam,SW Beam",S3,648.5867309570312,30265.0
30359,M9,SS Beam,SS Beam,S6,601.3662719726562,30357.0
30366,M9,SS Beam,SS Beam,S6,685.1119995117188,30167.0
30367,M9,SS Beam,SS Beam,S5,798.531005859375,30366.0
30368,M9,SS Beam,SS Beam,S5,796.5079956054688,30367.0
30377,M9,SS Beam,SS Beam,S5,793.572998046875,30376.0
30378,M9,"2 Beams,SS Beam,SW Beam","2 Beams,SS Beam,SW Beam",S8,443.79449462890625,30371.0
30383,M9,SS Beam,SS Beam,S5,904.8159790039062,30304.0
30390,M9,"2 Beams,SS Beam,SW Beam","2 Beams,SS Beam,SW Beam",S3,636.08349609375,30101.0
30396,M9,"2 Beams,SS Beam,SW Beam","2 Beams,SS Beam,SW Beam",S4,758.136474609375,30150.0
30399,M9,"2 Beams,SS Beam,SW Beam","2 Beams,SS Beam,SW Beam",S4,758.3839721679688,30396.0
30400,M9,"2 Beams,SS Beam,SW Beam","2 Beams,SS Beam,SW Beam",S3,632.3204956054688,30390.0
30422,M9,"2 Beams,SS Beam,SW Beam","2 Beams,SS Beam,SW Beam",S4,750.4774780273438,30399.0
30423,M9,"2 Beams,SS Beam,SW Beam","2 Beams,SS Beam,SW Beam",S4,754.3875122070312,30399.0
30427,M9,"2 Beams,SS Beam,SW Beam","2 Beams,SS Beam,SW Beam",S5,941.157470703125,22664.0
30428,M9,"2 Beams,SS Beam,SW Beam","2 Beams,SS Beam,SW Beam",S5,928.1995239257812,22664.0
30430,M9,"2 Beams,SS Beam,SW Beam","2 Beams,SS Beam,SW Beam",S5,955.9614868164062,22664.0
30439,M9,SS Beam,SS Beam,S5,929.2979736328125,29261.0
30441,M9,SS Beam,SS Beam,S6,592.5137329101562,29417.0
30443,M9,Ohmic,Ohmic,S6,559.8609008789062,30442.0
30445,M9,SS Beam,SS Beam,S6,558.74560546875,30444.0
30447,M9,SS Beam,SS Beam,S5,903.614501953125,30383.0
30449,M9,SS Beam,SS Beam,S8,792.5175170898438,30366.0
30450,M9,SS Beam,SS Beam,S8,797.542236328125,30377.0
30451,M9,SS Beam,SS Beam,S8,576.884765625,30377.0
30454,M9,SS Beam,SS Beam,S6,613.9458618164062,30080.0
30455,M9,SS Beam,SS Beam,S1,585.812255859375,30454.0
30456,M9,SS Beam,SS Beam,S6,590.7510986328125,30455.0
30457,M9,SS Beam,SS Beam,S6,611.358642578125,30454.0
30458,M9,SS Beam,SS Beam,S8,611.51611328125,30457.0
30459,M9,SS Beam,SS Beam,S6,614.07763671875,30457.0
30460,M9,SS Beam,SS Beam,S6,608.5142211914062,30459.0
30462,M9,SS Beam,SS Beam,S6,610.4949951171875,30458.0
30463,M9,SS Beam,SS Beam,S6,615.2675170898438,30459.0
30464,M9,SS Beam,SS Beam,S6,610.4341430664062,30459.0
30465,M9,SS Beam,SS Beam,S6,613.3311157226562,30464.0
30466,M9,SS Beam,SS Beam,S6,619.38037109375,30459.0
30467,M9,SS Beam,SS Beam,S6,608.9398803710938,30459.0
30468,M9,SS Beam,SS Beam,S8,610.6421508789062,30467.0
30469,M9,SS Beam,SS Beam,S6,609.5009765625,30467.0
30471,M9,SS Beam,SS Beam,S8,601.1647338867188,30470.0
